,perm_results_HistGradientBoostingRegressortrain,perm_results_HistGradientBoostingRegressortest,perm_results_HistGradientBoostingRegressorval,diff_train_test_HistGradientBoostingRegressor,diff_train_val_HistGradientBoostingRegressor,diff_test_val_HistGradientBoostingRegressor
0,"{'importances_mean': array([5.35735377e-04, 3.89972693e-04, 3.08506839e-04, 3.38656042e-04,
       1.90520899e-04, 6.22549717e-05, 3.82963121e-05, 3.67186383e-04,
       1.17090268e-03, 2.22665871e-04, 5.09726950e-05, 1.35272002e-04,
       1.06341925e-03, 8.75270658e-04, 2.36342435e-04, 3.46476284e-05,
       7.48787046e-05, 5.95169210e-05, 3.33902446e-04, 1.55885441e-04,
       8.07413574e-05, 6.36797965e-05, 7.98522043e-05, 2.21604375e-05,
       8.12413683e-05, 4.30172893e-06, 1.37469415e-05, 1.70094988e-04,
       1.91912796e-03, 2.50491401e-03, 4.46032435e-04, 2.82231040e-04,
       3.37183869e-06, 1.33744852e-06, 1.82713223e-04, 1.17235921e-04,
       1.48916818e-05, 4.19271300e-05, 1.68017586e-04, 9.08862962e-06,
       4.43551074e-05, 2.34295047e-04, 5.08525808e-04, 4.20834793e-05,
       2.62426034e-05, 1.98523003e-05, 1.83961494e-05, 1.58380320e-04,
       4.49232641e-05, 3.24558529e-06, 1.52670527e-04, 1.14972866e-03,
       2.21484371e-04, 3.12989669e-05, 2.57725835e-04, 9.67019484e-04,
       1.35606758e-04, 5.67294092e-05, 7.51456547e-03, 1.36975123e-04,
       3.23411502e-04, 3.79054106e-05, 1.19360056e-04, 1.99967497e-05,
       5.82743939e-05, 9.81686415e-05, 4.55707302e-05, 1.25338683e-04,
       5.68500288e-04, 1.73215263e-04, 5.26197230e-05, 1.22457351e-05,
       2.91777971e-05, 9.08522716e-05, 4.98526476e-05, 2.03644241e-03,
       2.06738581e-04, 6.45082631e-05, 9.31898969e-05, 4.15334717e-05,
       1.17686759e-04, 1.57190287e-05, 2.22576146e-04, 2.42393086e-04,
       2.44361329e-04, 1.15899138e-05, 4.80195421e-05, 1.53347731e-04,
       1.98383605e-05, 1.21890596e-03, 1.47467555e-02, 9.39467986e-03,
       3.86244294e-05, 6.04175808e-04, 2.13010214e-04, 2.45264349e-05,
       2.69804887e-04, 1.59612747e-04, 2.38036616e-04, 4.25001448e-05,
       1.23408021e-04, 9.64154846e-05, 4.20405172e-04, 6.10084826e-03,
       4.44782656e-03, 1.77044187e-03, 3.49140575e-04, 9.22327628e-04,
       2.41812317e-04, 3.20224145e-04, 8.00402928e-05, 1.05597089e-04,
       2.08832442e-05, 6.30815629e-03, 5.20051102e-04, 1.68580197e-04,
       1.26942883e-04, 4.41239078e-05, 4.16612851e-05, 1.57344550e-03,
       1.55366719e-03, 1.24669185e-04, 3.61931530e-05, 7.08564372e-05,
       9.38422303e-05, 5.87124661e-05, 4.63873486e-04, 2.66078108e-04,
       7.22849529e-05, 4.41100281e-05, 1.30089185e-04, 8.37153062e-06,
       7.11813024e-05, 1.65770170e-05, 4.72801885e-05, 9.94241526e-05,
       9.04578795e-05, 3.28345045e-04, 2.92337687e-05, 3.91342588e-05,
       2.21297611e-05, 1.72622297e-05, 2.94637629e-04, 4.89498194e-04,
       3.74142180e-05, 1.42950733e-04, 9.01065026e-08, 1.60927014e-04,
       3.64487566e-05, 0.00000000e+00, 1.63464038e-06, 1.23933587e-04,
       3.25092096e-05, 8.22288813e-07, 3.33235909e-05, 5.39059022e-05,
       9.30312088e-04, 6.66644010e-05, 2.50447273e-05, 3.05659607e-05,
       1.69556769e-03, 2.19022343e-03, 4.92191893e-03, 1.62309623e-03,
       1.12162595e-03, 1.96313530e-04, 2.96377048e-05, 7.02377460e-05,
       4.45967707e-05, 1.51908782e-03, 4.87877941e-04, 4.78347134e-04,
       4.69933086e-05, 1.88425805e-05, 1.37713547e-05, 3.28652840e-06,
       1.27387350e-05, 2.89576230e-06, 1.55410899e-05, 0.00000000e+00,
       5.28033681e-05, 3.88439245e-05, 1.69104809e-04, 1.00868109e-02,
       1.08217298e-03, 9.92501097e-03, 8.48328274e-05, 1.46799432e-04,
       2.10250653e-04, 3.34538439e-06, 4.56988879e-05, 2.49816875e-03,
       5.16409508e-03, 9.83287875e-02, 4.80939167e-02, 1.32186803e-03,
       1.45339814e-02, 1.44880167e-04, 1.12121020e-04, 3.94255792e-05,
       2.45367877e-04, 1.12924337e-04, 1.84074898e-04, 1.97822330e-04,
       7.87063412e-05, 9.18882020e-05, 1.64535205e-05, 6.49983045e-04,
       1.07799776e-04, 2.26076818e-05, 2.10680285e-04, 3.34398047e-04,
       1.33888616e-04, 1.03457739e-03, 1.83959232e-04, 6.54768810e-05,
       6.03370226e-06, 5.14273033e-06, 3.04077670e-04, 4.73829008e-05,
       1.05016623e-04, 1.70653223e-05, 1.16142608e-04, 1.74919197e-06,
       5.41661893e-04, 3.83773827e-04, 3.25311150e-04, 4.66235839e-05,
       1.33056823e-05, 5.12377556e-05, 8.15247637e-06, 1.41263669e-06,
       2.21135516e-05, 3.57368960e-05, 3.16214922e-05, 7.20332751e-05,
       7.79943899e-05, 5.09173246e-05, 7.91179593e-05, 1.33265399e-04,
       1.92919346e-04, 7.60317360e-04, 1.79489201e-04, 9.36215385e-04,
       1.68682298e-05, 5.77165957e-06, 5.64481324e-06, 6.22611290e-06,
       1.91636060e-05, 1.17886431e-03, 1.10154441e-03, 7.64201576e-04,
       1.04978422e-04, 1.99977401e-04, 1.75426553e-05, 2.17450164e-05,
       3.53948815e-05, 3.45823907e-04, 1.10900299e-05, 0.00000000e+00,
       9.33524170e-05, 1.66189822e-05, 3.82362011e-04, 8.42583620e-04,
       4.94101488e-05, 7.77333272e-05, 7.66695866e-05, 6.33087795e-04,
       2.28895409e-05, 4.77383582e-04, 5.56126139e-04, 2.10608249e-06,
       0.00000000e+00, 4.34154570e-05, 6.76048532e-05, 3.35661089e-05,
       4.44560440e-05, 1.73645901e-06, 0.00000000e+00, 8.55627104e-05,
       3.94913383e-04, 1.92844073e-04, 3.57444430e-04, 2.44618770e-04,
       2.08124762e-05, 2.37170751e-06, 2.66057919e-06, 4.68950763e-06,
       3.17789937e-05, 1.54812791e-03, 1.29746692e-04, 1.13895823e-04,
       8.55444423e-06, 4.82516580e-05, 5.41768779e-04, 1.05175007e-04,
       4.12957460e-05, 5.89716780e-04, 3.55023519e-05, 1.63702958e-04,
       8.26274802e-06, 1.70399845e-04, 1.16385097e-03, 4.64744759e-04,
       7.91559366e-06, 3.63136018e-05, 7.79757790e-05, 3.10892353e-05,
       4.24393160e-05, 7.92072818e-05, 1.73208708e-04, 2.85173700e-04,
       6.97694659e-05, 1.10877536e-04, 6.43763895e-05, 3.59862951e-05,
       3.88828736e-06, 5.01255409e-06, 9.62307398e-06, 3.40246694e-05,
       2.52714214e-05, 4.19304628e-04, 3.42190680e-05, 3.97227765e-05,
       3.28998800e-05, 2.72361298e-05, 1.03062841e-05, 2.11634791e-05,
       3.66779951e-06, 2.07549992e-04, 2.28863734e-04, 4.16802933e-05,
       9.91261875e-05, 4.26357983e-04, 9.09609296e-04, 4.06598349e-04,
       6.73671178e-04, 9.19123705e-05, 1.62440849e-04, 3.97303395e-05,
       3.84255757e-05, 8.20114140e-06, 6.33913949e-05, 1.20698278e-05,
       2.16156401e-04, 3.42551811e-04, 6.19500132e-04, 1.14892501e-04,
       2.55916383e-05, 1.88986730e-04, 7.49575038e-05, 3.17072604e-05,
       9.37832518e-06, 4.97542081e-05, 6.38914158e-05, 2.00834068e-05,
       6.78075605e-06, 0.00000000e+00, 6.88366595e-05, 3.01512798e-05,
       2.15977714e-06, 4.10645917e-06, 6.50118454e-04, 3.24454102e-04,
       1.24850059e-05, 2.76610085e-05, 3.46188879e-07, 8.35870817e-06,
       2.34576031e-04, 2.11026824e-05, 5.08557815e-06, 3.72075409e-05,
       1.27527501e-04, 7.19815518e-05, 7.08719782e-06, 1.83401432e-05,
       1.67738931e-04, 3.44929937e-04, 9.33294509e-04, 5.90476954e-04,
       1.55773206e-03, 1.17346147e-05, 3.92526105e-04, 1.85054461e-04,
       1.11454577e-04, 3.79547651e-05, 5.88121041e-05, 4.54069589e-05,
       1.28144938e-05, 2.17565626e-05, 1.06075882e-05, 7.83483870e-04,
       4.75042268e-04, 1.27742190e-04, 1.66435763e-04, 4.01701367e-04,
       4.14219824e-05, 1.91481164e-05, 1.27452927e-05, 5.96078573e-05,
       1.74923972e-03, 2.24563742e-02, 2.79775467e-02, 5.54909903e-03,
       1.77132685e-04, 1.44130860e-04, 2.34148741e-04, 2.49184127e-05,
       1.01665302e-04, 1.67878187e-03]), 'importances_std': array([5.70874697e-05, 4.42528350e-05, 3.16195158e-05, 3.21830993e-05,
       2.25634534e-05, 4.43868988e-06, 1.90645755e-06, 4.99016754e-05,
       1.47890004e-04, 1.80223707e-05, 7.58357076e-06, 1.39190852e-05,
       9.39056999e-05, 1.06595910e-04, 6.56977391e-05, 4.13838976e-06,
       9.00803502e-06, 7.19418378e-06, 3.40362567e-05, 2.21033575e-05,
       5.97464382e-06, 7.46395792e-06, 9.74461052e-06, 3.66262791e-06,
       7.04265332e-06, 1.09592295e-06, 1.61724776e-06, 2.04492214e-05,
       9.66173174e-05, 1.27773373e-04, 6.37924541e-05, 3.73137312e-05,
       1.11762631e-06, 6.41043998e-07, 2.32610181e-05, 1.37841110e-05,
       2.45997804e-06, 4.42640087e-06, 3.69099440e-05, 3.87683062e-06,
       8.12429431e-06, 2.10236103e-05, 4.22351573e-05, 5.96100970e-06,
       2.27013344e-06, 6.20410905e-06, 3.08529991e-06, 2.14761105e-05,
       7.86675663e-06, 7.64252730e-07, 1.93655473e-05, 8.00417510e-05,
       2.20090382e-05, 4.66341740e-06, 1.66191141e-05, 7.67218792e-05,
       1.43642356e-05, 7.45618708e-06, 7.83185320e-04, 1.04927366e-05,
       5.04187260e-05, 3.95680111e-06, 6.10506015e-06, 4.42244431e-06,
       6.41105622e-06, 7.60960884e-06, 5.70845902e-06, 2.08555695e-05,
       6.38414898e-05, 1.81449322e-05, 6.24359399e-06, 1.41909671e-06,
       3.05899051e-06, 1.48646604e-05, 3.28728679e-06, 2.25282393e-04,
       2.31018079e-05, 8.13196685e-06, 6.06445304e-06, 4.74437342e-06,
       9.75199167e-06, 1.33376956e-06, 1.25771430e-05, 2.53191906e-05,
       3.07880513e-05, 2.08329915e-06, 5.48548150e-06, 1.05747902e-05,
       2.25249548e-06, 1.08298403e-04, 1.35420129e-03, 7.42049626e-04,
       5.90726474e-06, 4.15613912e-05, 1.92422648e-05, 4.11207102e-06,
       2.67123064e-05, 1.77877731e-05, 2.07642037e-05, 5.84950852e-06,
       1.07340904e-05, 1.87162854e-05, 2.69758734e-05, 3.68163646e-04,
       3.27082217e-04, 2.24321473e-04, 3.07286731e-05, 8.55350620e-05,
       2.73853083e-05, 1.68958330e-05, 1.54610923e-05, 1.02338034e-05,
       1.59659165e-06, 2.56470023e-04, 3.94627606e-05, 1.76855781e-05,
       1.48931464e-05, 6.33092330e-06, 5.36960642e-06, 1.26242317e-04,
       1.03378956e-04, 1.93019602e-05, 5.06562715e-06, 1.43088628e-05,
       6.25735056e-06, 7.10685441e-06, 5.19640810e-05, 3.76194014e-05,
       6.26794648e-06, 3.68983122e-06, 1.72756981e-05, 7.62802250e-07,
       1.27708649e-05, 3.95410655e-06, 9.33867723e-06, 7.08218765e-06,
       1.16470113e-05, 1.97020582e-05, 2.29262266e-06, 4.68172231e-06,
       2.32912515e-06, 2.60990103e-06, 2.69329805e-05, 4.25334966e-05,
       7.04043763e-06, 2.14067278e-05, 6.86746789e-07, 1.35181793e-05,
       3.69572211e-06, 0.00000000e+00, 2.74030681e-07, 2.02456674e-05,
       4.07410699e-06, 6.64495554e-07, 8.03530712e-06, 6.71394166e-06,
       7.55714064e-05, 8.00068666e-06, 4.07499643e-06, 7.21213766e-06,
       2.25883920e-04, 1.05028922e-04, 3.64837092e-04, 1.00787809e-04,
       4.32430358e-05, 2.09735356e-05, 3.96390698e-06, 1.15258953e-05,
       7.17875055e-06, 1.85752309e-04, 7.28588544e-05, 2.92554686e-05,
       1.03566267e-05, 2.66634074e-06, 2.14661783e-06, 1.14757654e-06,
       1.76689338e-06, 8.50794813e-07, 1.11987713e-06, 0.00000000e+00,
       6.11796672e-06, 4.82038980e-06, 1.34088151e-05, 5.86505008e-04,
       7.10262970e-05, 3.66732535e-04, 1.31858754e-05, 1.97183302e-05,
       1.85889629e-05, 1.21596072e-06, 8.88204822e-06, 1.27375732e-04,
       1.38690005e-04, 4.86499056e-03, 2.74394920e-03, 1.04865363e-04,
       8.11187742e-04, 1.86305987e-05, 1.22079862e-05, 3.48962404e-06,
       2.73943260e-05, 8.94243387e-06, 1.91143423e-05, 2.50670122e-05,
       7.10758638e-06, 1.11538452e-05, 2.25835043e-06, 7.74759255e-05,
       1.34992823e-05, 3.77872612e-06, 1.71743960e-05, 4.50744839e-05,
       8.82006025e-06, 5.84900091e-05, 2.06633966e-05, 1.13868839e-05,
       2.31670768e-06, 1.80662290e-06, 3.25391966e-05, 7.18987348e-06,
       7.58068938e-06, 2.15894648e-06, 1.29812955e-05, 3.40058649e-07,
       6.11489515e-05, 3.90337591e-05, 4.30286362e-05, 5.07137313e-06,
       2.28945520e-06, 8.36449256e-06, 3.14084821e-06, 1.76082049e-07,
       3.43915749e-06, 1.21232466e-05, 4.26349680e-06, 6.10450459e-06,
       6.93634030e-06, 9.93246715e-06, 9.92294651e-06, 1.60054389e-05,
       3.01603503e-05, 6.91781498e-05, 3.11428498e-05, 1.02298420e-04,
       2.80068472e-06, 1.08541511e-06, 1.81980584e-06, 1.49473003e-06,
       2.30224867e-06, 7.94740518e-05, 8.96079903e-05, 6.40537775e-05,
       8.49560419e-06, 1.47395445e-05, 3.98049860e-06, 3.92385309e-06,
       7.80008184e-06, 3.34907123e-05, 3.72464214e-06, 0.00000000e+00,
       8.05882964e-06, 4.14522562e-06, 2.80267841e-05, 1.13920143e-04,
       1.46143448e-05, 1.10547451e-05, 7.32327239e-06, 3.80366148e-05,
       3.77818166e-06, 2.18778488e-05, 4.46382807e-05, 4.78846962e-07,
       0.00000000e+00, 8.50980752e-06, 4.69845823e-06, 4.44275171e-06,
       9.65552130e-06, 5.45119488e-07, 0.00000000e+00, 9.94951498e-06,
       4.63923341e-05, 1.41338094e-05, 1.97742274e-05, 2.56993410e-05,
       4.72541459e-06, 6.94522451e-07, 4.77948045e-07, 7.75086541e-07,
       4.16613893e-06, 1.96760398e-04, 6.45918372e-06, 7.77473405e-06,
       2.33820147e-06, 7.11232031e-06, 3.00309528e-05, 1.82796873e-05,
       4.68520281e-06, 8.39161429e-05, 4.55887593e-06, 2.71120246e-05,
       1.16558513e-06, 1.20755323e-05, 9.85480985e-05, 5.57423965e-05,
       2.15590494e-06, 5.06985496e-06, 1.52408907e-05, 6.64671826e-06,
       8.19432072e-06, 1.00859657e-05, 2.75516124e-05, 3.20286441e-05,
       7.02220521e-06, 1.20523024e-05, 1.01840557e-05, 3.51891217e-06,
       1.33514817e-06, 1.44066551e-06, 1.15541656e-06, 5.39322930e-06,
       1.23931312e-06, 3.20577802e-05, 4.87011730e-06, 5.68072715e-06,
       4.21967757e-06, 3.90391175e-06, 2.15269465e-06, 1.97689477e-06,
       8.93546958e-07, 2.41107797e-05, 2.01876682e-05, 6.57319429e-06,
       1.11607297e-05, 3.79669088e-05, 1.18163281e-04, 2.95495551e-05,
       4.67599676e-05, 1.12110497e-05, 1.61348308e-05, 5.20896972e-06,
       5.02557302e-06, 1.38332008e-06, 9.02495202e-06, 1.64993530e-06,
       2.93610544e-05, 6.32889272e-05, 8.84334061e-05, 1.05242995e-05,
       2.09163678e-06, 2.08687913e-05, 8.07290026e-06, 3.16549603e-06,
       1.61663609e-06, 4.79583314e-06, 6.13803294e-06, 2.97662586e-06,
       1.15288761e-06, 0.00000000e+00, 1.26979668e-05, 6.35458027e-06,
       4.57894611e-07, 1.18355304e-06, 3.86211393e-05, 2.68547529e-05,
       2.02500262e-06, 4.45552774e-06, 6.74903685e-07, 2.75473363e-06,
       1.68391376e-05, 3.39342607e-06, 9.05730293e-07, 4.99521247e-06,
       1.02811607e-05, 8.43339230e-06, 1.58221287e-06, 3.96496498e-06,
       2.11644624e-05, 2.80629506e-05, 7.32747785e-05, 8.02016373e-05,
       1.76666501e-04, 1.56510515e-06, 2.90277286e-05, 1.23399176e-05,
       8.44927511e-06, 4.36092983e-06, 6.50805052e-06, 5.73049706e-06,
       2.81978844e-06, 4.05651021e-06, 1.20794594e-06, 6.83468981e-05,
       3.14940076e-05, 2.00260628e-05, 2.72098967e-05, 3.93047953e-05,
       5.17782889e-06, 4.37058134e-06, 2.35517715e-06, 7.52508725e-06,
       1.54121992e-04, 8.73613959e-04, 1.12037497e-03, 2.54125299e-04,
       1.72880315e-05, 1.28917917e-05, 1.73761288e-05, 3.35996134e-06,
       8.10612863e-06, 1.36962493e-04]), 'importances': array([[5.55454238e-04, 5.06070369e-04, 4.64266952e-04, ...,
        4.67214975e-04, 5.78870410e-04, 5.03240877e-04],
       [3.70510372e-04, 3.47097944e-04, 3.86466475e-04, ...,
        4.05507785e-04, 5.04842592e-04, 3.45423458e-04],
       [2.89868522e-04, 2.80248141e-04, 2.95068189e-04, ...,
        3.44338692e-04, 3.49949680e-04, 2.46808375e-04],
       ...,
       [2.63245005e-05, 1.88248169e-05, 2.63219562e-05, ...,
        2.43754489e-05, 3.13131147e-05, 2.51411471e-05],
       [8.95271541e-05, 1.04922295e-04, 8.96634669e-05, ...,
        1.02237822e-04, 1.10460020e-04, 9.77235400e-05],
       [1.65972068e-03, 1.61519897e-03, 1.41607738e-03, ...,
        1.86287185e-03, 1.79358276e-03, 1.68182251e-03]])}","{'importances_mean': array([ 9.83988063e-04,  8.47182303e-04, -2.04170161e-04,  2.58513884e-04,
       -3.71255047e-04,  1.13023815e-04,  2.00311976e-05, -1.74530637e-04,
       -3.92167110e-04,  4.35250735e-04,  2.95937999e-05,  1.43180029e-04,
        7.06078864e-04,  2.90570283e-03,  1.47892434e-03, -1.38526598e-04,
        2.82652370e-04,  2.75832662e-04,  8.72472900e-05,  4.79589051e-04,
       -3.35145508e-04,  1.04918557e-04,  7.64256120e-05,  1.16599200e-04,
       -7.86010288e-05,  4.18246605e-06, -5.03748018e-06,  9.89491114e-04,
        3.04291469e-03, -6.90677075e-04,  2.02580434e-03,  3.06406624e-04,
       -1.52650644e-06,  6.28394061e-06,  1.09618411e-03,  2.97171444e-04,
       -4.15784620e-05,  1.68953771e-04,  1.72312244e-04, -9.19418972e-05,
        1.26787815e-04,  5.51609887e-04,  1.06305676e-04,  1.37222974e-04,
        1.02886212e-04,  1.52536307e-04, -5.25051202e-06,  3.58237459e-04,
        1.52748591e-04, -6.04738107e-06,  2.23326353e-04,  2.36580638e-03,
        1.42852930e-03,  2.55489261e-05, -1.23978789e-04, -7.94312518e-04,
       -5.11722464e-04, -1.75747912e-04,  7.45683445e-03,  4.75480963e-04,
        7.51157858e-04,  2.04034740e-04,  1.82961843e-04,  3.67211035e-05,
        1.19494497e-04, -2.81420704e-04,  2.19825433e-05, -1.67411630e-04,
        1.51931684e-03, -8.21227064e-05, -1.24410375e-04,  1.50686860e-05,
        4.61926940e-05, -1.47292885e-04, -2.73170574e-04,  9.01803043e-04,
        6.76935245e-04,  2.22327320e-04,  3.44257005e-04,  9.40581986e-06,
        3.10094167e-04,  1.46813875e-05, -5.55499811e-05, -1.37972112e-03,
        3.01945505e-04, -1.00473371e-04,  1.44682356e-04,  7.56744320e-05,
       -6.21641598e-05,  3.35545645e-03,  1.17267905e-02,  8.38882786e-03,
        2.12267398e-05,  2.46332956e-03,  8.23455392e-04,  3.59360674e-05,
        1.67499038e-03,  4.72580237e-04,  8.15182406e-04,  2.01412178e-04,
        3.96076311e-04,  8.55780678e-04,  1.45078638e-03,  5.66884829e-03,
        3.04717701e-03,  3.37375419e-03,  1.24050256e-03,  2.79184000e-03,
        1.24074329e-03,  3.04077262e-03,  3.52598810e-04,  5.24384726e-04,
        2.90489706e-04,  6.62356129e-03,  2.15874887e-03,  5.51018371e-06,
        2.34489506e-04,  2.55324861e-04, -1.30237297e-05,  2.33635853e-03,
        3.78373975e-04,  3.42082364e-04,  1.84380202e-04,  3.76006388e-04,
        1.35929509e-04,  1.43509535e-04,  1.29814699e-03,  1.08304941e-03,
        1.51535272e-04,  9.27269800e-05,  7.84303639e-04, -1.06304836e-05,
        2.59986875e-04, -1.95468915e-06,  4.73879579e-04,  6.74747363e-05,
        4.71461991e-06, -7.86047792e-05,  1.29852757e-04,  8.93966620e-05,
        1.65342220e-04, -2.91260408e-04, -3.77534781e-04, -5.85488159e-04,
       -1.09107570e-04,  7.38499478e-04, -1.12887617e-06,  3.25440162e-04,
       -1.49148037e-04,  0.00000000e+00, -4.13051006e-05,  3.69797348e-04,
        6.95340517e-05, -3.19349588e-05,  1.91693718e-04,  1.97391356e-04,
        2.45817405e-04,  8.26015609e-05,  1.07143557e-04,  4.03743136e-04,
       -1.03190516e-03,  4.41029332e-03,  1.29050857e-02, -1.06268717e-04,
        2.09180580e-03,  5.07921740e-05,  5.44055160e-05, -6.07488322e-04,
        1.50940743e-04,  8.62502731e-04,  1.29269786e-03, -1.83016368e-04,
        6.84083713e-05,  1.30002929e-04, -7.35763813e-06, -4.39373205e-05,
        7.86619878e-06, -1.11532005e-05,  5.63913606e-05,  0.00000000e+00,
        4.48383546e-05,  1.75116852e-04,  9.64808635e-04,  9.80471406e-03,
        3.01829298e-03,  1.27866999e-02,  3.43848609e-05,  6.86768358e-04,
        9.44325843e-04,  2.32643413e-05,  3.09272156e-04,  2.09233664e-03,
        2.24686157e-03,  8.39991120e-02,  3.11753222e-02,  6.41996483e-04,
        1.81047202e-05, -4.28364250e-04,  2.39576969e-04, -2.40705978e-04,
       -3.17266239e-04, -7.47025372e-05,  3.78463991e-04,  5.47184189e-04,
       -2.87610859e-05, -3.17389878e-04,  2.45453287e-04,  1.79210053e-03,
        5.17446563e-04, -7.71665769e-05,  3.98351278e-04, -4.99083250e-04,
        1.88932633e-04, -3.88122023e-04,  7.77025945e-04,  5.16179632e-04,
        2.28259325e-05,  9.56466597e-05,  1.56598120e-04,  1.78812125e-04,
        2.61471562e-04,  1.34086495e-04,  5.24887953e-04,  2.18959776e-05,
        6.15919775e-04,  1.28250265e-03, -1.52093855e-03,  8.29591834e-05,
       -5.19473589e-05,  5.19558313e-04,  1.59023465e-04,  1.33530269e-05,
        1.11968075e-04, -1.06406944e-04,  9.91358610e-05,  3.19509677e-04,
       -5.79353686e-05, -1.86782207e-04,  2.27004230e-04,  5.08790792e-04,
        1.25104420e-04,  2.44445082e-03,  1.25670949e-03, -1.64588348e-04,
        7.86587797e-05,  5.67725557e-05,  1.20132110e-05,  8.27175547e-05,
        1.02011551e-04,  4.24222570e-03,  3.64189529e-03,  2.27069970e-03,
        2.60027080e-04,  1.06896322e-03, -3.37329895e-04,  9.38132521e-07,
        1.98725164e-05,  7.10289105e-04,  1.49312105e-05,  0.00000000e+00,
        1.58227770e-04,  5.13953602e-05,  2.09286019e-03,  5.63231153e-04,
        5.96451427e-05,  5.09272077e-04, -9.68575621e-05,  2.22871404e-03,
        8.43029197e-05,  1.11089215e-03,  7.49843420e-04,  1.35182684e-06,
        0.00000000e+00,  4.56130359e-05, -9.71679950e-05,  3.69418013e-05,
        2.80780616e-04,  1.63922108e-06,  0.00000000e+00, -3.36729992e-05,
       -2.35632861e-04,  3.20813898e-04,  3.76142414e-04,  2.06980848e-04,
       -4.88342330e-05,  1.47150564e-05,  2.23215082e-05, -1.29368485e-05,
        1.11289360e-04,  1.99455307e-03,  1.16331735e-04, -2.10373792e-04,
        4.12132547e-05, -1.03081936e-04,  1.34133488e-03,  1.95034561e-04,
       -3.38770234e-04,  1.17634546e-04,  3.67917214e-04,  3.08037687e-04,
        1.11426458e-05,  1.13081743e-03,  3.22250831e-03,  1.15237417e-03,
        1.02736770e-05, -7.54026425e-05, -2.51802396e-04, -1.29866139e-05,
       -3.75614917e-05,  3.98518543e-04,  1.26021110e-05,  4.42073485e-04,
        9.00574712e-05, -7.96767683e-04,  5.51758667e-05,  2.53082538e-04,
        2.60771764e-05, -6.10717694e-06,  2.83157137e-04,  2.80644414e-05,
        6.32737740e-05,  9.78915228e-04,  2.09728792e-04,  9.28980579e-05,
        2.53674484e-04,  4.75792626e-04, -1.56351877e-05, -5.63566131e-06,
       -5.13630343e-05, -2.54685624e-04, -1.01723418e-04,  1.31098027e-04,
        3.10811351e-04,  1.83661516e-03,  5.55918410e-04, -9.38029607e-05,
       -1.02435779e-04, -7.43949092e-05,  6.89324841e-04,  1.26598354e-04,
        1.40452112e-04, -1.36717852e-05,  2.59328866e-04,  1.50254554e-06,
       -4.43443124e-04, -1.05769988e-04,  1.55158437e-03, -3.35501672e-04,
        1.34772011e-05,  8.20396380e-04,  2.26949031e-04, -6.96345754e-05,
       -8.22352690e-05, -1.17232442e-04, -1.75064962e-05,  6.80045241e-05,
        4.79673027e-05,  0.00000000e+00, -4.60485349e-04,  1.66003705e-04,
        7.77034531e-05,  1.19648435e-05,  1.87626324e-03,  1.36123598e-03,
        1.54400634e-05,  5.75116482e-06,  5.12752682e-06,  6.35836241e-05,
       -2.95715665e-04,  1.29818379e-04,  1.30264215e-05, -1.22102846e-04,
        4.21591491e-05, -2.19258847e-04,  4.76221631e-05, -6.14649184e-05,
        2.62549958e-04, -4.07847601e-04, -5.52298261e-04, -2.08094982e-03,
       -1.33430587e-03, -6.42494294e-05,  1.21199615e-03,  3.60923831e-04,
        3.36478017e-05,  1.90076760e-04, -5.97975415e-07, -3.74918851e-05,
        4.01474713e-05,  5.80189827e-05,  2.20423594e-05,  1.79753291e-03,
       -1.46783639e-03, -7.03014726e-05,  2.58603397e-04, -3.03982379e-04,
        1.47973833e-04, -7.75031832e-06,  2.11197230e-05, -2.01116719e-04,
        1.33874722e-03,  2.01217551e-02,  3.40241785e-02,  7.26668539e-03,
        7.05446104e-04,  9.97822544e-05,  1.39639252e-04, -3.24278311e-05,
        2.96155744e-04,  6.71250687e-03]), 'importances_std': array([7.64914157e-04, 5.05715039e-04, 4.51624090e-04, 5.58760138e-04,
       2.08212488e-04, 1.94348446e-04, 1.24424861e-04, 4.80613003e-04,
       1.61843187e-03, 2.23925894e-04, 1.21861130e-04, 3.79682488e-04,
       9.26894841e-04, 1.43955690e-03, 5.72580375e-04, 1.56427938e-04,
       1.27956092e-04, 1.03765588e-04, 7.55752013e-04, 4.77793455e-04,
       2.39924622e-04, 2.31697638e-04, 1.28008412e-04, 6.27288767e-05,
       1.14616341e-04, 3.06476427e-05, 3.38347468e-05, 4.51267693e-04,
       1.73473005e-03, 1.74003060e-03, 5.66402768e-04, 4.38164749e-04,
       1.41503991e-05, 8.17814436e-06, 3.68814684e-04, 1.94378231e-04,
       5.39465391e-05, 1.64767761e-04, 5.10930607e-04, 3.32229348e-05,
       1.45373381e-04, 3.20838727e-04, 4.60339683e-04, 7.53819140e-05,
       7.25473927e-05, 1.19780136e-04, 7.93876894e-05, 5.48202047e-04,
       1.70620177e-04, 1.97683377e-05, 2.19149121e-04, 1.08091492e-03,
       4.09234729e-04, 1.31954107e-04, 4.42748361e-04, 1.34512606e-03,
       2.89672136e-04, 1.66164801e-04, 3.33845351e-03, 3.87602086e-04,
       9.03684340e-04, 1.03808099e-04, 3.84460208e-04, 7.07075938e-05,
       1.32043837e-04, 2.03897479e-04, 1.46458838e-04, 2.23787422e-04,
       5.11388472e-04, 3.63199657e-04, 1.24462517e-04, 2.32189515e-05,
       9.43544598e-05, 1.97150928e-04, 1.17348913e-04, 1.54445282e-03,
       5.57028415e-04, 1.94182151e-04, 4.27590965e-04, 8.93196864e-05,
       2.19226166e-04, 4.72207694e-05, 4.12313617e-04, 3.92905759e-04,
       2.29652252e-04, 3.36696738e-05, 9.35045047e-05, 2.92460331e-04,
       6.33580688e-05, 1.07693989e-03, 4.02747877e-03, 3.16241485e-03,
       1.55785435e-04, 1.48432822e-03, 3.53512822e-04, 1.50170008e-04,
       9.20535584e-04, 3.89592839e-04, 3.60714967e-04, 1.75615309e-04,
       1.89796065e-04, 2.49955315e-04, 1.05560677e-03, 3.33686785e-03,
       2.03282422e-03, 1.02859778e-03, 7.20650258e-04, 1.29130922e-03,
       6.98396929e-04, 6.94447009e-04, 2.12471442e-04, 3.11555786e-04,
       6.94913038e-05, 3.34518693e-03, 7.60185299e-04, 3.40115044e-04,
       4.15041851e-04, 1.74597905e-04, 1.16074896e-04, 1.32142337e-03,
       1.58181623e-03, 4.97827041e-04, 1.90307735e-04, 2.19948493e-04,
       9.77516405e-05, 2.00915468e-04, 7.17695346e-04, 3.74078583e-04,
       2.16015039e-04, 9.35166491e-05, 2.83438832e-04, 3.93196620e-05,
       1.75132577e-04, 5.64556953e-05, 2.61629692e-04, 3.51874985e-04,
       2.47058273e-04, 5.49981734e-04, 1.18880039e-04, 9.65115211e-05,
       7.76625736e-05, 7.13586087e-05, 4.26189082e-04, 4.01208585e-04,
       2.52526423e-04, 4.71071280e-04, 2.20385572e-05, 2.61610128e-04,
       6.10278018e-05, 0.00000000e+00, 4.51822672e-06, 2.25386408e-04,
       1.38497206e-04, 1.23245070e-05, 1.48721008e-04, 1.13969942e-04,
       1.50618430e-03, 2.07897920e-04, 9.05216348e-05, 1.35047960e-04,
       1.98624645e-03, 9.65142273e-04, 3.26655264e-03, 1.28876382e-03,
       7.76708526e-04, 4.66523205e-04, 1.46727132e-04, 2.96169297e-04,
       1.17577064e-04, 9.69284120e-04, 6.35331231e-04, 7.57750052e-04,
       1.56369498e-04, 9.37700718e-05, 6.04550274e-05, 2.89444060e-05,
       2.48310775e-05, 1.02542380e-05, 3.51948455e-05, 0.00000000e+00,
       1.21865344e-04, 2.70430599e-04, 6.10923841e-04, 2.86094762e-03,
       1.54375635e-03, 3.38958954e-03, 3.88075919e-04, 4.17839070e-04,
       4.71033881e-04, 1.89337203e-05, 1.90847791e-04, 1.52992288e-03,
       3.25630969e-03, 1.44636466e-02, 1.09118435e-02, 1.56848002e-03,
       2.76682744e-03, 3.33984796e-04, 2.32362846e-04, 1.24590089e-04,
       2.66047142e-04, 2.27164376e-04, 3.00097251e-04, 7.43027970e-04,
       1.20727190e-04, 2.97639414e-04, 4.77137818e-05, 8.64782481e-04,
       4.28523236e-04, 1.48828769e-04, 3.65631505e-04, 6.25756671e-04,
       3.00318757e-04, 8.59347001e-04, 5.32200213e-04, 3.62083287e-04,
       4.98924928e-05, 9.18072758e-05, 5.00292463e-04, 9.57315546e-05,
       2.79450077e-04, 8.65916628e-05, 4.08479751e-04, 1.11303474e-05,
       1.05252229e-03, 5.36764467e-04, 7.99132730e-04, 1.39189689e-04,
       4.61318202e-05, 2.92513536e-04, 1.03020397e-04, 1.21079726e-05,
       1.21595926e-04, 2.00357343e-04, 1.18838517e-04, 1.86295272e-04,
       1.28815942e-04, 2.10611543e-04, 2.51937940e-04, 3.86127257e-04,
       2.47369256e-04, 9.42495732e-04, 4.54811772e-04, 1.18550594e-03,
       5.33572295e-05, 4.59955444e-05, 1.63034046e-05, 5.16560379e-05,
       3.96980913e-05, 1.76393331e-03, 9.40686560e-04, 9.88935912e-04,
       2.16283352e-04, 2.44589758e-04, 2.11574076e-04, 1.20121140e-04,
       1.23560529e-04, 3.70487058e-04, 5.13182162e-05, 0.00000000e+00,
       1.81933611e-04, 8.54596776e-05, 5.43568279e-04, 8.38303558e-04,
       1.46016634e-04, 1.74507493e-04, 2.01182436e-04, 7.39127706e-04,
       1.09661813e-04, 7.17196541e-04, 6.67141906e-04, 2.27497613e-05,
       0.00000000e+00, 1.57166843e-04, 1.54333087e-04, 8.37562190e-05,
       3.48070198e-04, 1.25889053e-05, 0.00000000e+00, 3.08686032e-04,
       8.18657920e-04, 5.95560325e-04, 4.57000389e-04, 5.80749160e-04,
       8.27952814e-05, 1.57434384e-05, 3.49249586e-05, 2.17809504e-05,
       9.09381621e-05, 1.54578254e-03, 1.19202658e-04, 1.92343908e-04,
       4.24266013e-05, 1.46733204e-04, 6.58718669e-04, 4.49325189e-04,
       9.95980201e-05, 1.00123453e-03, 1.76170814e-04, 3.88266126e-04,
       2.18729182e-05, 3.29211666e-04, 1.13962565e-03, 5.78118148e-04,
       5.49672457e-05, 1.63002614e-04, 3.08893823e-04, 1.09518428e-04,
       1.34998477e-04, 3.08037219e-04, 5.19814326e-04, 5.72178130e-04,
       2.28011126e-04, 4.94393439e-04, 1.81246429e-04, 1.00403239e-04,
       2.36077150e-05, 3.37356120e-05, 6.30534449e-05, 1.42648307e-04,
       8.37277350e-05, 9.85699975e-04, 7.42292380e-05, 1.12778165e-04,
       2.05564600e-04, 1.76702074e-04, 5.57398899e-05, 9.05328190e-05,
       1.76597028e-05, 4.36590581e-04, 5.30530484e-04, 1.89168250e-04,
       2.18064692e-04, 7.19626793e-04, 1.43133026e-03, 4.07993638e-04,
       9.15750861e-04, 2.52602599e-04, 2.69695081e-04, 1.04936614e-04,
       8.88266498e-05, 1.96248689e-05, 1.19712565e-04, 4.14649021e-05,
       3.61494615e-04, 8.77613294e-04, 1.44069286e-03, 2.04190204e-04,
       9.95396531e-05, 3.67436076e-04, 1.47854526e-04, 5.59342187e-05,
       3.12735790e-05, 1.16009244e-04, 1.44252649e-04, 3.14196569e-05,
       2.53173714e-05, 0.00000000e+00, 1.46085201e-04, 1.51244607e-04,
       4.04135677e-05, 2.88396189e-05, 5.75510432e-04, 5.23407576e-04,
       4.39974461e-05, 3.52379433e-04, 1.69574588e-05, 7.08625830e-05,
       3.36946755e-04, 6.88471623e-05, 2.00280512e-05, 7.93408493e-05,
       2.69549851e-04, 2.39551391e-04, 2.25387031e-05, 1.33447666e-04,
       3.71283839e-04, 4.80463704e-04, 1.56268214e-03, 6.70901417e-04,
       1.07643767e-03, 4.42618604e-05, 6.71049007e-04, 4.14303878e-04,
       1.98456486e-04, 9.38580854e-05, 1.76591802e-04, 1.61582855e-04,
       4.27245406e-05, 6.54546734e-05, 3.11093064e-05, 6.48933346e-04,
       8.36731518e-04, 3.91486241e-04, 5.51039563e-04, 8.80937284e-04,
       5.94397735e-05, 9.73130010e-05, 5.31877581e-05, 2.33853688e-04,
       1.03901454e-03, 7.50993681e-03, 9.97259020e-03, 3.35697863e-03,
       4.77231881e-04, 4.12958604e-04, 2.63592935e-04, 6.41566162e-05,
       1.84544408e-04, 2.07729206e-03]), 'importances': array([[ 1.42222996e-03,  2.74488117e-04,  7.64781207e-04, ...,
         1.00055476e-04,  1.86458208e-03, -2.95190563e-04],
       [ 1.24396498e-03,  7.07101756e-04,  7.35247787e-04, ...,
         1.50263581e-03,  4.61832505e-04,  1.67942401e-03],
       [-1.63284901e-04, -1.12124914e-04,  1.54932543e-04, ...,
        -1.09506177e-03,  2.79260182e-04,  2.58417161e-04],
       ...,
       [-3.84951740e-05, -5.64593954e-05, -4.48468675e-05, ...,
         6.90141679e-06, -1.08976396e-05,  5.48654945e-05],
       [ 5.95811076e-04,  1.03500854e-04,  1.87123270e-04, ...,
         5.35769774e-04,  8.91344767e-05,  4.18629740e-04],
       [ 4.21775900e-03,  9.96090766e-03,  6.83786048e-03, ...,
         5.87839386e-03,  6.75249195e-03,  2.93661905e-03]])}","{'importances_mean': array([ 1.22961656e-03,  1.05331679e-03,  9.03434176e-04,  9.85425350e-04,
        7.72256970e-06,  8.46467406e-05,  1.78355463e-04, -5.65482617e-04,
        1.16708700e-03,  8.62399500e-04, -1.00593236e-04,  2.40361582e-04,
        1.41307403e-04, -3.40885363e-04,  5.27106966e-04,  3.66488901e-06,
        1.67249486e-04,  2.83659067e-04,  8.95525865e-04,  5.07599632e-04,
        3.47774584e-04,  4.11202531e-04,  2.24164538e-04,  2.62134161e-04,
        8.87008527e-04, -3.24792805e-05,  2.27515476e-04, -1.40737272e-05,
        3.95981630e-03, -1.75445964e-03,  3.92544988e-04,  4.45796187e-04,
       -1.79097088e-05, -1.55646339e-05,  5.18698017e-04, -2.03143055e-04,
        5.15372270e-06,  2.93376696e-04, -5.41764507e-04, -1.89224879e-05,
       -4.40213458e-05,  4.87010612e-04,  9.94085807e-04,  5.07374865e-05,
        4.92637949e-05,  1.71411831e-04,  8.80505571e-05, -2.65488070e-04,
        3.13445106e-04, -4.27859357e-06,  4.76037451e-04,  5.29758643e-03,
        2.61171327e-03,  3.09275258e-04,  6.93454122e-04,  1.04649657e-03,
        3.82801753e-04, -2.51949228e-04,  1.10446397e-03,  9.75373593e-04,
        9.42243724e-04,  1.74159116e-04,  1.07322004e-05,  6.61309220e-05,
        2.83765573e-04,  6.34449464e-04, -1.90893864e-05, -8.81089107e-05,
        8.88322495e-04,  7.83073665e-05,  1.60526856e-04, -2.77890854e-05,
        9.08738037e-05,  2.37550328e-05, -8.83372002e-05,  1.40391071e-03,
        6.65143393e-04,  1.88856308e-04,  2.11140407e-04, -1.83561643e-04,
        3.98021457e-04, -1.11691666e-04, -7.61462275e-04, -1.40117173e-04,
        9.10172245e-04,  4.93725864e-05,  1.67256019e-04, -3.48361390e-04,
       -1.07085526e-04,  4.16489342e-03,  2.13549679e-02,  9.22577162e-03,
        3.04070427e-04,  4.24181581e-04,  1.28957350e-03, -6.37507004e-05,
        5.54794031e-04,  8.31483808e-04, -5.68748595e-05,  2.47060964e-04,
        5.62522570e-04,  6.70441998e-05,  1.03575061e-03,  9.83895879e-03,
        3.59162452e-03,  2.76582849e-03,  1.93459112e-03,  4.21556309e-03,
        9.75983671e-04,  1.72041772e-03,  3.74739480e-04,  4.61553525e-04,
        1.35705094e-04,  1.24770863e-02,  6.18983710e-04,  1.17649250e-03,
        5.19253513e-04,  4.35949000e-05,  4.53546541e-04,  6.01186946e-04,
        4.55073641e-03,  1.01259110e-05,  3.33776550e-05,  4.13072550e-04,
        5.31710463e-04,  7.57278971e-05,  3.49936253e-03,  9.04554430e-04,
        1.27649240e-03, -2.46875748e-04,  3.86009941e-04, -6.14752380e-05,
        1.94441273e-04, -5.01106407e-06, -3.58541018e-05, -8.05879677e-04,
        4.49799153e-04,  4.40471442e-04,  2.41813498e-04,  1.62352904e-04,
        2.34890817e-05, -6.22719466e-05,  1.66042748e-03,  7.57587529e-04,
        2.12038959e-04,  1.42777312e-04, -3.26675784e-05, -2.98779049e-04,
       -1.48909255e-05,  0.00000000e+00,  9.21679789e-06,  6.39696996e-04,
       -3.38585824e-05,  2.72958647e-06, -4.06506442e-05,  2.03427452e-04,
        1.88126411e-03,  1.03309581e-04,  6.62881794e-05,  2.93352761e-04,
        3.36934013e-03,  5.68306850e-03,  1.20366915e-02,  7.54404934e-03,
        2.15899748e-03,  6.70692580e-04,  2.54261121e-05,  2.85655185e-05,
       -1.34267035e-06,  2.43780813e-03,  9.71840708e-04,  1.27206801e-04,
        8.77622647e-06, -2.78151122e-05, -1.51650072e-05, -1.01414977e-05,
        7.70572810e-05,  9.89820576e-06,  7.35789776e-05,  0.00000000e+00,
        4.38204103e-05,  3.59186785e-04,  7.33966931e-04,  1.92532822e-02,
        1.70856970e-03,  1.73324843e-02,  3.46700597e-04, -4.51016053e-04,
        9.80196237e-04,  1.16222114e-06,  3.43297050e-04,  3.63724798e-03,
        6.72091602e-03,  8.22272682e-02,  4.58368376e-02,  2.58441292e-03,
        2.20523183e-02, -3.94291087e-04, -1.17809770e-04,  6.01368840e-05,
        1.46506056e-03,  1.27309998e-04,  1.27773367e-04,  1.44190315e-03,
        4.53964326e-05, -1.79175650e-04, -1.22216626e-04,  2.48744899e-04,
        2.35234653e-04, -3.53176871e-05,  5.22757309e-05,  2.19072284e-03,
        8.41823498e-04,  1.36991168e-03, -3.26795639e-04,  2.82385752e-04,
       -1.32987356e-05,  4.72545793e-05,  7.91055394e-04,  3.56451106e-04,
        5.35507655e-05,  4.40215799e-06,  6.97262747e-04, -3.17411048e-06,
        1.02932436e-03,  6.32363723e-04,  6.44989694e-04, -6.90002514e-05,
       -3.33516088e-05,  4.89925095e-05, -3.94841436e-05,  1.89411814e-06,
        1.05636119e-04, -1.33873512e-04,  1.48633775e-04, -1.89115141e-04,
        8.37480101e-04,  3.10895695e-04,  2.03956441e-04,  6.67395462e-04,
        7.57821458e-04,  2.04402163e-03,  3.67630974e-04,  1.11505645e-03,
       -1.27741595e-04, -8.22040032e-06,  5.18823932e-05,  3.72626493e-05,
        9.64057674e-05,  4.11434152e-03,  3.82016003e-03,  1.55575078e-03,
        5.97008642e-04,  3.30818581e-04,  2.22387726e-04,  2.09771887e-04,
        2.94772758e-04,  9.70902130e-04, -3.87521611e-05,  0.00000000e+00,
       -3.12858222e-05,  1.29463134e-04,  1.06963629e-03,  1.10389078e-03,
       -1.81959830e-04,  4.93656105e-04,  7.35856455e-04,  2.54096881e-03,
        1.92280940e-04,  2.36967212e-03,  1.99033931e-03,  6.85253031e-06,
        0.00000000e+00,  2.64096191e-04,  8.49038450e-05,  1.47795765e-04,
       -1.09058647e-04, -4.87673049e-06,  0.00000000e+00,  6.52222691e-05,
       -3.38485344e-04,  1.50724851e-03,  9.92396088e-04,  4.57621595e-04,
       -4.73963718e-05,  4.85742747e-06, -1.07000975e-05,  6.92788324e-06,
        7.26058536e-05,  1.64518688e-03,  2.59920940e-04,  5.45836032e-05,
        1.86460677e-04, -4.06950622e-05,  1.00859217e-03, -7.34025564e-05,
       -3.19951827e-05, -1.26960523e-03, -1.92558935e-04,  1.34241262e-04,
        4.41715027e-05, -1.20405926e-04, -5.30029874e-04,  7.50509655e-04,
        6.59118955e-05,  3.15778181e-04, -7.81329554e-04,  1.11252897e-04,
       -3.32806305e-04,  3.09942958e-04, -5.08654823e-04,  7.07625315e-04,
        6.66403562e-04, -4.71100493e-04,  1.54449200e-04,  1.75817958e-04,
        2.48005205e-05, -3.55710636e-05,  4.02054895e-05, -1.09637573e-04,
       -3.00868576e-05,  9.45093819e-04, -6.12020835e-05,  1.03108071e-04,
        7.99087816e-05,  4.08018240e-05, -1.59277084e-05, -1.65678132e-04,
        3.33356294e-05,  1.95698513e-04,  1.90448820e-04, -2.61134414e-04,
        4.31146556e-04,  6.25808722e-04,  1.55977998e-03,  9.93408345e-04,
        1.51678472e-03,  8.35530247e-04,  5.70530644e-04,  1.21686724e-04,
        1.38389894e-04,  9.38135053e-06, -2.63293931e-06,  3.19010324e-05,
        2.08406282e-04,  1.60933835e-03,  1.81769196e-03, -4.86222981e-04,
        7.57259616e-05,  6.16893799e-04,  1.43707630e-04,  8.24313734e-05,
        3.55072803e-05,  1.96315957e-04,  3.50932475e-05,  7.21346258e-05,
       -5.04544695e-05,  0.00000000e+00, -9.79687082e-05, -2.03537388e-05,
        1.03538093e-04, -3.58192825e-05,  1.07393957e-03,  1.58127244e-03,
        3.58941275e-05,  1.73049178e-05,  2.64063898e-05, -2.33416249e-05,
        1.25730966e-04,  6.16892720e-05, -4.59184419e-05,  4.29248197e-05,
        8.01146022e-04, -1.40754396e-04,  1.09708376e-05,  4.42021818e-05,
       -1.16655308e-04,  7.20744823e-04,  3.33570700e-03, -9.73237670e-04,
        3.06818958e-03, -7.23882308e-05,  1.72708382e-03,  5.67499244e-04,
       -4.57146567e-05,  9.80462040e-05, -7.35871488e-05, -9.57114176e-05,
        3.64104012e-05,  8.38778198e-05, -4.41452535e-05,  1.17695322e-03,
        1.92965168e-03,  5.05201808e-04, -5.39862610e-04,  8.05828664e-04,
        1.81326107e-04,  8.95497049e-05,  3.17566682e-06,  2.74192251e-04,
        3.87918589e-03,  2.27682098e-02,  4.00530145e-02,  1.04213221e-02,
        3.79075759e-04,  3.67620412e-04,  5.93142195e-04,  1.28333905e-04,
        3.27452733e-04,  3.64073119e-03]), 'importances_std': array([6.78908737e-04, 6.33655949e-04, 2.76247508e-04, 4.47476405e-04,
       3.80232232e-04, 1.92180463e-04, 1.94958860e-04, 8.52287642e-04,
       1.75784142e-03, 3.91628054e-04, 1.66984029e-04, 3.36208447e-04,
       1.13087730e-03, 1.72158952e-03, 7.01053205e-04, 1.75456252e-04,
       1.20549466e-04, 1.13012994e-04, 5.53425450e-04, 6.23922640e-04,
       2.77838539e-04, 1.85500089e-04, 8.85120477e-05, 9.33495425e-05,
       1.52174509e-04, 1.57243162e-05, 7.02401557e-05, 3.65577710e-04,
       2.34926927e-03, 1.22509891e-03, 5.58640452e-04, 6.05805540e-04,
       2.99560749e-05, 7.93676836e-06, 5.55399716e-04, 2.20721974e-04,
       7.87805343e-05, 2.04195162e-04, 6.52425479e-04, 1.24960903e-04,
       1.33996270e-04, 5.81118359e-04, 7.74699078e-04, 7.06177990e-05,
       5.31884383e-05, 1.27506415e-04, 3.36401719e-05, 2.72787902e-04,
       2.91531663e-04, 1.19453639e-05, 1.98617816e-04, 1.02976197e-03,
       2.98506925e-04, 9.92701068e-05, 5.90294082e-04, 1.02337145e-03,
       3.30141051e-04, 2.02751784e-04, 4.81466735e-03, 4.79236833e-04,
       5.70715593e-04, 1.31767238e-04, 1.50124347e-04, 6.90458704e-05,
       1.74189469e-04, 3.63149419e-04, 1.70177245e-04, 3.21328457e-04,
       8.93493403e-04, 3.83581614e-04, 1.15525185e-04, 3.16303092e-05,
       9.80994821e-05, 2.66177764e-04, 1.49381700e-04, 1.64862067e-03,
       5.05758604e-04, 9.68380070e-05, 2.60266309e-04, 9.84894484e-05,
       2.69075656e-04, 8.45546477e-05, 4.33074929e-04, 4.15074116e-04,
       4.71186616e-04, 4.02282883e-05, 8.69710131e-05, 2.64767944e-04,
       8.52032795e-05, 1.67360050e-03, 6.31401044e-03, 5.21428838e-03,
       1.89521071e-04, 7.46663420e-04, 4.33936514e-04, 1.55122340e-04,
       7.70381540e-04, 4.81532844e-04, 6.05184116e-04, 1.16862714e-04,
       9.62743378e-05, 2.31952716e-04, 6.93160595e-04, 1.97500015e-03,
       5.68839870e-04, 9.30386070e-04, 4.24242562e-04, 9.25172361e-04,
       5.34668996e-04, 5.17914071e-04, 2.44245239e-04, 3.16678078e-04,
       8.48448166e-05, 4.90110236e-03, 7.16593557e-04, 6.31024398e-04,
       3.92171837e-04, 1.61584286e-04, 1.12779257e-04, 1.36607959e-03,
       1.63171480e-03, 4.04727711e-04, 1.42740137e-04, 1.44825744e-04,
       2.40593537e-04, 1.47835271e-04, 1.77171637e-03, 4.54514507e-04,
       3.35077465e-04, 1.36558872e-04, 6.14564400e-04, 3.23897773e-05,
       1.51012385e-04, 2.35630690e-05, 1.09371401e-04, 2.88019231e-04,
       2.68235835e-04, 3.57291390e-04, 1.14576096e-04, 1.90370526e-04,
       1.11967620e-04, 9.84747856e-05, 2.67841162e-04, 6.21690350e-04,
       1.87500501e-04, 3.63595226e-04, 2.59472737e-05, 2.37504780e-04,
       1.35027732e-04, 0.00000000e+00, 8.17709948e-06, 4.88366126e-04,
       8.54147027e-05, 3.30404874e-06, 1.00259188e-04, 1.16403353e-04,
       1.49810645e-03, 3.00756573e-04, 7.34221588e-05, 2.15553543e-04,
       2.02047399e-03, 1.47510650e-03, 2.86166102e-03, 1.77691861e-03,
       1.15326596e-03, 5.57658388e-04, 5.68655135e-05, 1.66932457e-04,
       1.52212238e-04, 1.01938510e-03, 7.70087019e-04, 6.83662389e-04,
       1.47134957e-04, 9.87219499e-05, 5.01712267e-05, 1.88220813e-05,
       2.17361900e-05, 1.33873260e-05, 7.53019314e-05, 0.00000000e+00,
       9.78116587e-05, 2.44549397e-04, 4.56613212e-04, 4.49736916e-03,
       1.18838527e-03, 3.00855929e-03, 2.35351777e-04, 3.61749776e-04,
       4.05668279e-04, 2.37195593e-05, 2.03447197e-04, 1.43783070e-03,
       2.92415686e-03, 1.34154391e-02, 1.45232013e-02, 1.94212962e-03,
       6.48283928e-03, 1.88193354e-04, 1.45304552e-04, 8.05924698e-05,
       2.82902352e-04, 1.93198672e-04, 3.36388123e-04, 9.22444349e-04,
       1.02327944e-04, 2.02532643e-04, 1.08892065e-04, 1.87509379e-03,
       1.16340689e-04, 1.23577813e-04, 2.20064848e-04, 8.76745210e-04,
       3.59797350e-04, 8.67199952e-04, 6.62936126e-04, 2.45799289e-04,
       6.28283520e-05, 8.59053647e-05, 3.22219056e-04, 1.55947332e-04,
       1.80246348e-04, 6.63911354e-05, 3.14817029e-04, 1.59425403e-05,
       1.03240869e-03, 8.55702773e-04, 5.00763646e-04, 1.06075427e-04,
       5.25630908e-05, 2.01445634e-04, 7.88855082e-05, 1.00885786e-05,
       1.12230015e-04, 2.04030642e-04, 1.41462716e-04, 2.06043926e-04,
       2.60915948e-04, 1.67629767e-04, 1.95460771e-04, 3.33446043e-04,
       4.60019350e-04, 7.58171156e-04, 4.88172506e-04, 8.57520168e-04,
       7.48133464e-05, 2.89071726e-05, 4.60188222e-05, 2.30869735e-05,
       5.69242767e-05, 1.69431527e-03, 1.59250762e-03, 8.05338797e-04,
       1.85378972e-04, 4.41000882e-04, 1.95449201e-04, 1.01657069e-04,
       1.31893029e-04, 5.71414199e-04, 5.22567123e-05, 0.00000000e+00,
       1.26880430e-04, 1.07227279e-04, 7.11248533e-04, 1.17121429e-03,
       9.26700112e-05, 1.36807592e-04, 1.59573500e-04, 7.26516245e-04,
       1.13220208e-04, 6.93766980e-04, 8.88347589e-04, 2.02439505e-05,
       0.00000000e+00, 2.60389346e-04, 1.26346979e-04, 7.90882831e-05,
       2.77285174e-04, 1.41644574e-05, 0.00000000e+00, 2.83165941e-04,
       9.47246884e-04, 4.11979954e-04, 5.61086704e-04, 6.54524904e-04,
       3.44163594e-05, 9.75877829e-06, 2.79916680e-05, 2.09363152e-05,
       7.91993986e-05, 1.61732467e-03, 2.57370325e-04, 3.60168840e-04,
       5.31501693e-05, 1.35747700e-04, 7.07426428e-04, 1.98577995e-04,
       1.00373961e-04, 1.50627303e-03, 1.05256623e-04, 5.44498435e-04,
       1.66659609e-05, 2.69551996e-04, 1.23919231e-03, 6.93978755e-04,
       6.01439310e-05, 1.95417533e-04, 4.34248794e-04, 1.33243601e-04,
       1.90223368e-04, 4.11483056e-04, 5.40683546e-04, 5.25293213e-04,
       2.30262386e-04, 3.90398493e-04, 1.14698790e-04, 1.06925548e-04,
       3.12073720e-05, 5.37409597e-05, 6.35237952e-05, 7.82276840e-05,
       9.21357660e-05, 1.08107965e-03, 4.60710715e-05, 1.85125396e-04,
       2.12278310e-04, 7.77433855e-05, 7.05205965e-05, 5.01013282e-05,
       1.94102724e-05, 2.54386745e-04, 2.21133269e-04, 1.08531374e-04,
       2.96031410e-04, 6.27566833e-04, 8.60446714e-04, 4.31870265e-04,
       5.56126524e-04, 2.19065257e-04, 4.81490528e-04, 9.23684686e-05,
       1.22094208e-04, 1.96551952e-05, 2.02345601e-04, 3.14246611e-05,
       3.77028100e-04, 6.00004397e-04, 9.70751095e-04, 3.21552035e-04,
       8.74986970e-05, 4.91350721e-04, 1.59755760e-04, 8.89115440e-05,
       4.53112918e-05, 1.07063523e-04, 1.80974402e-04, 9.40550673e-05,
       3.18239232e-05, 0.00000000e+00, 2.40808829e-04, 1.04516728e-04,
       2.73021009e-05, 3.95954592e-05, 6.85014438e-04, 4.87915638e-04,
       3.17796925e-05, 1.43810623e-04, 1.99468267e-05, 6.07863962e-05,
       2.73929203e-04, 3.53753640e-05, 3.49920508e-05, 8.28376625e-05,
       2.60982181e-04, 1.35036554e-04, 2.33422052e-05, 6.60490821e-05,
       2.45465537e-04, 5.16167775e-04, 6.56760412e-04, 1.32552576e-03,
       1.72484426e-03, 7.05638250e-05, 1.00861216e-03, 2.62577387e-04,
       2.46867623e-04, 6.24152714e-05, 1.63659613e-04, 7.21970714e-05,
       4.90528188e-05, 4.32903409e-05, 5.36114388e-05, 1.73653656e-03,
       9.62387992e-04, 3.89809570e-04, 6.25285023e-04, 6.27599779e-04,
       1.16789891e-04, 1.17421967e-04, 2.90901732e-05, 2.45714753e-04,
       8.96720184e-04, 5.41528800e-03, 8.34465800e-03, 3.14407970e-03,
       2.94672106e-04, 2.93577485e-04, 2.93681466e-04, 7.24845939e-05,
       2.03438117e-04, 1.57045299e-03]), 'importances': array([[7.72612219e-04, 1.33448064e-03, 2.46731753e-03, ...,
        2.35862452e-04, 3.69149237e-05, 1.76538565e-03],
       [4.78342292e-04, 9.76694098e-04, 2.11782472e-03, ...,
        7.32779823e-04, 1.09803908e-03, 1.46482368e-04],
       [7.81774221e-04, 1.62376129e-03, 7.63903094e-04, ...,
        7.82661671e-04, 1.11922663e-03, 9.57327482e-04],
       ...,
       [1.39615399e-04, 4.37845451e-05, 1.03671738e-04, ...,
        2.06320086e-05, 1.53413424e-04, 1.09161841e-04],
       [5.18758202e-04, 4.36778556e-04, 3.45247843e-04, ...,
        3.97511613e-04, 3.42296205e-04, 4.36429523e-04],
       [4.01511626e-03, 4.50803222e-03, 3.54621817e-03, ...,
        3.37078890e-03, 9.08986178e-04, 3.52184530e-03]])}","[-4.48252686e-04 -4.57209610e-04  5.12677000e-04  8.01421587e-05
  5.61775946e-04 -5.07688436e-05  1.82651145e-05  5.41717020e-04
  1.56306979e-03 -2.12584864e-04  2.13788951e-05 -7.90802718e-06
  3.57340385e-04 -2.03043217e-03 -1.24258190e-03  1.73174226e-04
 -2.07773665e-04 -2.16315741e-04  2.46655156e-04 -3.23703610e-04
  4.15886865e-04 -4.12387605e-05  3.42659226e-06 -9.44387628e-05
  1.59842397e-04  1.19262880e-07  1.87844217e-05 -8.19396127e-04
 -1.12378673e-03  3.19559109e-03 -1.57977190e-03 -2.41755847e-05
  4.89834513e-06 -4.94649209e-06 -9.13470883e-04 -1.79935523e-04
  5.64701438e-05 -1.27026641e-04 -4.29465806e-06  1.01030527e-04
 -8.24327071e-05 -3.17314840e-04  4.02220132e-04 -9.51394943e-05
 -7.66436089e-05 -1.32684007e-04  2.36466614e-05 -1.99857139e-04
 -1.07825327e-04  9.29296636e-06 -7.06558266e-05 -1.21607772e-03
 -1.20704493e-03  5.75004077e-06  3.81704624e-04  1.76133200e-03
  6.47329222e-04  2.32477321e-04  5.77310237e-05 -3.38505839e-04
 -4.27746356e-04 -1.66129330e-04 -6.36017866e-05 -1.67243538e-05
 -6.12201031e-05  3.79589345e-04  2.35881869e-05  2.92750313e-04
 -9.50816555e-04  2.55337970e-04  1.77030099e-04 -2.82295084e-06
 -1.70148969e-05  2.38145157e-04  3.23023222e-04  1.13463937e-03
 -4.70196664e-04 -1.57819057e-04 -2.51067108e-04  3.21276519e-05
 -1.92407408e-04  1.03764121e-06  2.78126127e-04  1.62211421e-03
 -5.75841763e-05  1.12063285e-04 -9.66628137e-05  7.76732985e-05
  8.20025203e-05 -2.13655049e-03  3.01996504e-03  1.00585200e-03
  1.73976896e-05 -1.85915376e-03 -6.10445178e-04 -1.14096326e-05
 -1.40518550e-03 -3.12967491e-04 -5.77145790e-04 -1.58912033e-04
 -2.72668290e-04 -7.59365193e-04 -1.03038121e-03  4.31999964e-04
  1.40064955e-03 -1.60331232e-03 -8.91361990e-04 -1.86951237e-03
 -9.98930973e-04 -2.72054848e-03 -2.72558517e-04 -4.18787636e-04
 -2.69606462e-04 -3.15405008e-04 -1.63869777e-03  1.63070013e-04
 -1.07546623e-04 -2.11200953e-04  5.46850148e-05 -7.62913023e-04
  1.17529322e-03 -2.17413179e-04 -1.48187049e-04 -3.05149950e-04
 -4.20872789e-05 -8.47970690e-05 -8.34273506e-04 -8.16971306e-04
 -7.92503189e-05 -4.86169519e-05 -6.54214454e-04  1.90020142e-05
 -1.88805573e-04  1.85317062e-05 -4.26599391e-04  3.19494164e-05
  8.57432596e-05  4.06949824e-04 -1.00618989e-04 -5.02624032e-05
 -1.43212459e-04  3.08522638e-04  6.72172410e-04  1.07498635e-03
  1.46521788e-04 -5.95548745e-04  1.21898267e-06 -1.64513148e-04
  1.85596794e-04  0.00000000e+00  4.29397410e-05 -2.45863761e-04
 -3.70248421e-05  3.27572476e-05 -1.58370127e-04 -1.43485454e-04
  6.84494682e-04 -1.59371599e-05 -8.20988295e-05 -3.73177175e-04
  2.72747285e-03 -2.22006989e-03 -7.98316675e-03  1.72936494e-03
 -9.70179848e-04  1.45521356e-04 -2.47678111e-05  6.77726068e-04
 -1.06343972e-04  6.56585090e-04 -8.04819918e-04  6.61363502e-04
 -2.14150628e-05 -1.11160349e-04  2.11289928e-05  4.72238489e-05
  4.87253624e-06  1.40489628e-05 -4.08502708e-05  0.00000000e+00
  7.96501347e-06 -1.36272928e-04 -7.95703825e-04  2.82096869e-04
 -1.93612001e-03 -2.86168889e-03  5.04479665e-05 -5.39968926e-04
 -7.34075190e-04 -1.99189569e-05 -2.63573268e-04  4.05832110e-04
  2.91723351e-03  1.43296754e-02  1.69185945e-02  6.79871552e-04
  1.45158767e-02  5.73244418e-04 -1.27455949e-04  2.80131557e-04
  5.62634116e-04  1.87626874e-04 -1.94389093e-04 -3.49361858e-04
  1.07467427e-04  4.09278080e-04 -2.28999766e-04 -1.14211748e-03
 -4.09646787e-04  9.97742586e-05 -1.87670993e-04  8.33481297e-04
 -5.50440169e-05  1.42269941e-03 -5.93066712e-04 -4.50702751e-04
 -1.67922303e-05 -9.05039294e-05  1.47479550e-04 -1.31429224e-04
 -1.56454938e-04 -1.17021172e-04 -4.08745345e-04 -2.01467857e-05
 -7.42578824e-05 -8.98728821e-04  1.84624970e-03 -3.63355996e-05
  6.52530411e-05 -4.68320557e-04 -1.50870989e-04 -1.19403902e-05
 -8.98545235e-05  1.42143840e-04 -6.75143688e-05 -2.47476402e-04
  1.35929759e-04  2.37699532e-04 -1.47886270e-04 -3.75525394e-04
  6.78149257e-05 -1.68413346e-03 -1.07722029e-03  1.10080373e-03
 -6.17905499e-05 -5.10008962e-05 -6.36839774e-06 -7.64914418e-05
 -8.28479445e-05 -3.06336139e-03 -2.54035088e-03 -1.50649813e-03
 -1.55048658e-04 -8.68985817e-04  3.54872550e-04  2.08068839e-05
  1.55223651e-05 -3.64465198e-04 -3.84118066e-06  0.00000000e+00
 -6.48753526e-05 -3.47763780e-05 -1.71049818e-03  2.79352466e-04
 -1.02349939e-05 -4.31538750e-04  1.73527149e-04 -1.59562625e-03
 -6.14133787e-05 -6.33508565e-04 -1.93717281e-04  7.54255649e-07
  0.00000000e+00 -2.19757891e-06  1.64772848e-04 -3.37569247e-06
 -2.36324572e-04  9.72379304e-08  0.00000000e+00  1.19235710e-04
  6.30546244e-04 -1.27969824e-04 -1.86979835e-05  3.76379224e-05
  6.96467092e-05 -1.23433489e-05 -1.96609290e-05  1.76263561e-05
 -7.95103668e-05 -4.46425166e-04  1.34149573e-05  3.24269615e-04
 -3.26588105e-05  1.51333594e-04 -7.99566098e-04 -8.98595546e-05
  3.80065980e-04  4.72082234e-04 -3.32414862e-04 -1.44334729e-04
 -2.87989782e-06 -9.60417587e-04 -2.05865734e-03 -6.87629409e-04
 -2.35808333e-06  1.11716244e-04  3.29778175e-04  4.40758493e-05
  8.00008076e-05 -3.19311261e-04  1.60606597e-04 -1.56899785e-04
 -2.02880053e-05  9.07645219e-04  9.20052281e-06 -2.17096242e-04
 -2.21888890e-05  1.11197310e-05 -2.73534063e-04  5.96022795e-06
 -3.80023525e-05 -5.59610600e-04 -1.75509724e-04 -5.31752814e-05
 -2.20774604e-04 -4.48556496e-04  2.59414717e-05  2.67991404e-05
  5.50308338e-05  4.62235616e-04  3.30587152e-04 -8.94177333e-05
 -2.11685163e-04 -1.41025718e-03  3.53690885e-04  5.00401310e-04
  7.76106957e-04  1.66307280e-04 -5.26883993e-04 -8.68680141e-05
 -1.02026537e-04  2.18729266e-05 -1.95937471e-04  1.05672823e-05
  6.59599525e-04  4.48321798e-04 -9.32084240e-04  4.50394174e-04
  1.21144373e-05 -6.31409651e-04 -1.51991527e-04  1.01341836e-04
  9.16135942e-05  1.66986650e-04  8.13979120e-05 -4.79211173e-05
 -4.11865467e-05  0.00000000e+00  5.29322008e-04 -1.35852425e-04
 -7.55436760e-05 -7.85838431e-06 -1.22614479e-03 -1.03678188e-03
 -2.95505750e-06  2.19098436e-05 -4.78133795e-06 -5.52249159e-05
  5.30291697e-04 -1.08715697e-04 -7.94084335e-06  1.59310387e-04
  8.53683521e-05  2.91240399e-04 -4.05349653e-05  7.98050616e-05
 -9.48110269e-05  7.52777539e-04  1.48559277e-03  2.67142678e-03
  2.89203792e-03  7.59840440e-05 -8.19470050e-04 -1.75869369e-04
  7.78067753e-05 -1.52121995e-04  5.94100795e-05  8.28988440e-05
 -2.73329775e-05 -3.62624201e-05 -1.14347712e-05 -1.01404904e-03
  1.94287866e-03  1.98043663e-04 -9.21676339e-05  7.05683746e-04
 -1.06551851e-04  2.68984347e-05 -8.37443033e-06  2.60724577e-04
  4.10492502e-04  2.33461909e-03 -6.04663187e-03 -1.71758636e-03
 -5.28313419e-04  4.43486053e-05  9.45094890e-05  5.73462438e-05
 -1.94490442e-04 -5.03372501e-03]","[-6.93881181e-04 -6.63344100e-04 -5.94927337e-04 -6.46769308e-04
  1.82798329e-04 -2.23917689e-05 -1.40059151e-04  9.32669000e-04
  3.81567703e-06 -6.39733629e-04  1.51565931e-04 -1.05089580e-04
  9.22111846e-04  1.21615602e-03 -2.90764531e-04  3.09827393e-05
 -9.23707816e-05 -2.24142146e-04 -5.61623418e-04 -3.51714192e-04
 -2.67033227e-04 -3.47522734e-04 -1.44312334e-04 -2.39973723e-04
 -8.05767158e-04  3.67810094e-05 -2.13768534e-04  1.84168715e-04
 -2.04068835e-03  4.25937366e-03  5.34874476e-05 -1.63565147e-04
  2.12815475e-05  1.69020824e-05 -3.35984793e-04  3.20378975e-04
  9.73795914e-06 -2.51449566e-04  7.09782092e-04  2.80111176e-05
  8.83764533e-05 -2.52715565e-04 -4.85559999e-04 -8.65400716e-06
 -2.30211914e-05 -1.51559531e-04 -6.96544077e-05  4.23868390e-04
 -2.68521842e-04  7.52417886e-06 -3.23366924e-04 -4.14785777e-03
 -2.39022890e-03 -2.77976291e-04 -4.35728287e-04 -7.94770818e-05
 -2.47194994e-04  3.08678637e-04  6.41010151e-03 -8.38398469e-04
 -6.18832222e-04 -1.36253706e-04  1.08627856e-04 -4.61341723e-05
 -2.25491179e-04 -5.36280822e-04  6.46601165e-05  2.13447594e-04
 -3.19822206e-04  9.49078966e-05 -1.07907133e-04  4.00348206e-05
 -6.16960066e-05  6.70972388e-05  1.38189848e-04  6.32531697e-04
 -4.58404812e-04 -1.24348045e-04 -1.17950510e-04  2.25095115e-04
 -2.80334698e-04  1.27410695e-04  9.84038421e-04  3.82510259e-04
 -6.65810917e-04 -3.77826726e-05 -1.19236477e-04  5.01709121e-04
  1.26923886e-04 -2.94598746e-03 -6.60821236e-03  1.68908242e-04
 -2.65445997e-04  1.79994227e-04 -1.07656328e-03  8.82771353e-05
 -2.84989144e-04 -6.71871061e-04  2.94911475e-04 -2.04560819e-04
 -4.39114549e-04  2.93712848e-05 -6.15345434e-04 -3.73811053e-03
  8.56202037e-04 -9.95386624e-04 -1.58545054e-03 -3.29323546e-03
 -7.34171354e-04 -1.40019358e-03 -2.94699187e-04 -3.55956435e-04
 -1.14821850e-04 -6.16893003e-03 -9.89326082e-05 -1.00791231e-03
 -3.92310631e-04  5.29007754e-07 -4.11885256e-04  9.72258558e-04
 -2.99706922e-03  1.14543274e-04  2.81549800e-06 -3.42216113e-04
 -4.37868233e-04 -1.70154310e-05 -3.03548904e-03 -6.38476323e-04
 -1.20420745e-03  2.90985776e-04 -2.55920756e-04  6.98467686e-05
 -1.23259970e-04  2.15880811e-05  8.31342903e-05  9.05303830e-04
 -3.59341273e-04 -1.12126397e-04 -2.12579729e-04 -1.23218645e-04
 -1.35932060e-06  7.95341763e-05 -1.36578985e-03 -2.68089335e-04
 -1.74624741e-04  1.73421148e-07  3.27576849e-05  4.59706063e-04
  5.13396821e-05  0.00000000e+00 -7.58215752e-06 -5.15763408e-04
  6.63677920e-05 -1.90729766e-06  7.39742351e-05 -1.49521550e-04
 -9.50952024e-04 -3.66451803e-05 -4.12434521e-05 -2.62786800e-04
 -1.67377245e-03 -3.49284507e-03 -7.11477256e-03 -5.92095311e-03
 -1.03737153e-03 -4.74379051e-04  4.21159277e-06  4.16722275e-05
  4.59394411e-05 -9.18720309e-04 -4.83962767e-04  3.51140332e-04
  3.82170821e-05  4.66576926e-05  2.89363619e-05  1.34280261e-05
 -6.43185460e-05 -7.00244346e-06 -5.80378877e-05  0.00000000e+00
  8.98295782e-06 -3.20342861e-04 -5.64862121e-04 -9.16647129e-03
 -6.26396722e-04 -7.40747330e-03 -2.61867770e-04  5.97815485e-04
 -7.69945584e-04  2.18316325e-06 -2.97598162e-04 -1.13907923e-03
 -1.55682094e-03  1.61015192e-02  2.25707904e-03 -1.26254489e-03
 -7.51833686e-03  5.39171254e-04  2.29930790e-04 -2.07113048e-05
 -1.21969268e-03 -1.43856616e-05  5.63015317e-05 -1.24408082e-03
  3.33099086e-05  2.71063852e-04  1.38670146e-04  4.01238146e-04
 -1.27434877e-04  5.79253689e-05  1.58404554e-04 -1.85632479e-03
 -7.07934882e-04 -3.35334298e-04  5.10754871e-04 -2.16908871e-04
  1.93324378e-05 -4.21118490e-05 -4.86977724e-04 -3.09068205e-04
  5.14658580e-05  1.26631643e-05 -5.81120139e-04  4.92330244e-06
 -4.87662465e-04 -2.48589896e-04 -3.19678544e-04  1.15623835e-04
  4.66572910e-05  2.24524610e-06  4.76366200e-05 -4.81481450e-07
 -8.35225671e-05  1.69610408e-04 -1.17012283e-04  2.61148416e-04
 -7.59485711e-04 -2.59978370e-04 -1.24838482e-04 -5.34130063e-04
 -5.64902112e-04 -1.28370427e-03 -1.88141773e-04 -1.78841062e-04
  1.44609825e-04  1.39920599e-05 -4.62375800e-05 -3.10365364e-05
 -7.72421614e-05 -2.93547721e-03 -2.71861561e-03 -7.91549206e-04
 -4.92030219e-04 -1.30841180e-04 -2.04845071e-04 -1.88026871e-04
 -2.59377877e-04 -6.25078223e-04  4.98421910e-05  0.00000000e+00
  1.24638239e-04 -1.12844151e-04 -6.87274274e-04 -2.61307163e-04
  2.31369979e-04 -4.15922778e-04 -6.59186869e-04 -1.90788101e-03
 -1.69391400e-04 -1.89228854e-03 -1.43421317e-03 -4.74644781e-06
  0.00000000e+00 -2.20680734e-04 -1.72989918e-05 -1.14229656e-04
  1.53514691e-04  6.61318951e-06  0.00000000e+00  2.03404413e-05
  7.33398727e-04 -1.31440444e-03 -6.34951658e-04 -2.13002825e-04
  6.82088480e-05 -2.48571995e-06  1.33606767e-05 -2.23837561e-06
 -4.08268599e-05 -9.70589747e-05 -1.30174248e-04  5.93122201e-05
 -1.77906233e-04  8.89467202e-05 -4.66823387e-04  1.78577563e-04
  7.32909287e-05  1.85932201e-03  2.28061287e-04  2.94616960e-05
 -3.59087547e-05  2.90805771e-04  1.69388085e-03 -2.85764896e-04
 -5.79963019e-05 -2.79464579e-04  8.59305333e-04 -8.01636613e-05
  3.75245621e-04 -2.30735677e-04  6.81863531e-04 -4.22451615e-04
 -5.96634097e-04  5.81978029e-04 -9.00728109e-05 -1.39831663e-04
 -2.09122331e-05  4.05836177e-05 -3.05824156e-05  1.43662243e-04
  5.53582790e-05 -5.25789191e-04  9.54211515e-05 -6.33852950e-05
 -4.70089017e-05 -1.35656943e-05  2.62339924e-05  1.86841611e-04
 -2.96678299e-05  1.18514790e-05  3.84149139e-05  3.02814708e-04
 -3.32020369e-04 -1.99450739e-04 -6.50170684e-04 -5.86809995e-04
 -8.43113547e-04 -7.43617876e-04 -4.08089795e-04 -8.19563840e-05
 -9.99643185e-05 -1.18020913e-06  6.60243342e-05 -1.98312046e-05
  7.75011908e-06 -1.26678654e-03 -1.19819183e-03  6.01115482e-04
 -5.01343232e-05 -4.27907069e-04 -6.87501258e-05 -5.07241130e-05
 -2.61289551e-05 -1.46561749e-04  2.87981683e-05 -5.20512190e-05
  5.72352256e-05  0.00000000e+00  1.66805368e-04  5.05050187e-05
 -1.01378315e-04  3.99257417e-05 -4.23821117e-04 -1.25681834e-03
 -2.34091216e-05  1.03560906e-05 -2.60602009e-05  3.17003331e-05
  1.08845066e-04 -4.05865896e-05  5.10040201e-05 -5.71727880e-06
 -6.73618521e-04  2.12735948e-04 -3.88363982e-06 -2.58620385e-05
  2.84394239e-04 -3.75814886e-04 -2.40241249e-03  1.56371462e-03
 -1.51045753e-03  8.41228455e-05 -1.33455772e-03 -3.82444782e-04
  1.57169234e-04 -6.00914389e-05  1.32399253e-04  1.41118376e-04
 -2.35959074e-05 -6.21212573e-05  5.47528416e-05 -3.93469351e-04
 -1.45460941e-03 -3.77459618e-04  7.06298373e-04 -4.04127297e-04
 -1.39904124e-04 -7.04015885e-05  9.56962584e-06 -2.14584394e-04
 -2.12994617e-03 -3.11835585e-04 -1.20754678e-02 -4.87222308e-03
 -2.01943074e-04 -2.23489552e-04 -3.58993454e-04 -1.03415492e-04
 -2.25787431e-04 -1.96194932e-03]","[-2.45628495e-04 -2.06134490e-04 -1.10760434e-03 -7.26911466e-04
 -3.78977617e-04  2.83770747e-05 -1.58324265e-04  3.90951980e-04
 -1.55925411e-03 -4.27148765e-04  1.30187036e-04 -9.71815532e-05
  5.64771462e-04  3.24658820e-03  9.51817370e-04 -1.42191487e-04
  1.15402884e-04 -7.82640548e-06 -8.08278575e-04 -2.80105811e-05
 -6.82920092e-04 -3.06283974e-04 -1.47738926e-04 -1.45534960e-04
 -9.65609556e-04  3.66617466e-05 -2.32552956e-04  1.00356484e-03
 -9.16901617e-04  1.06378257e-03  1.63325935e-03 -1.39389563e-04
  1.63832024e-05  2.18485745e-05  5.77486090e-04  5.00314498e-04
 -4.67321847e-05 -1.24422925e-04  7.14076751e-04 -7.30194092e-05
  1.70809160e-04  6.45992750e-05 -8.87780132e-04  8.64854871e-05
  5.36224174e-05 -1.88755240e-05 -9.33010691e-05  6.23725529e-04
 -1.60696514e-04 -1.76878750e-06 -2.52711098e-04 -2.93178005e-03
 -1.18318397e-03 -2.83726332e-04 -8.17432911e-04 -1.84080908e-03
 -8.94524216e-04  7.62013159e-05  6.35237048e-03 -4.99892630e-04
 -1.91085866e-04  2.98756239e-05  1.72229642e-04 -2.94098185e-05
 -1.64271076e-04 -9.15870168e-04  4.10719296e-05 -7.93027194e-05
  6.30994348e-04 -1.60430073e-04 -2.84937232e-04  4.28577714e-05
 -4.46811097e-05 -1.71047918e-04 -1.84833374e-04 -5.02107668e-04
  1.17918521e-05  3.34710125e-05  1.33116598e-04  1.92967463e-04
 -8.79272901e-05  1.26373053e-04  7.05912294e-04 -1.23960395e-03
 -6.08226740e-04 -1.49845957e-04 -2.25736630e-05  4.24035822e-04
  4.49213657e-05 -8.09436971e-04 -9.62817739e-03 -8.36943754e-04
 -2.82843687e-04  2.03914798e-03 -4.66118103e-04  9.96867679e-05
  1.12019635e-03 -3.58903570e-04  8.72057266e-04 -4.56487861e-05
 -1.66446260e-04  7.88736478e-04  4.15035773e-04 -4.17011050e-03
 -5.44447513e-04  6.07925698e-04 -6.94088551e-04 -1.42372309e-03
  2.64759618e-04  1.32035490e-03 -2.21406700e-05  6.28312009e-05
  1.54784611e-04 -5.85352502e-03  1.53976516e-03 -1.17098232e-03
 -2.84764008e-04  2.11729961e-04 -4.66570270e-04  1.73517158e-03
 -4.17236244e-03  3.31956453e-04  1.51002547e-04 -3.70661627e-05
 -3.95780954e-04  6.77816380e-05 -2.20121554e-03  1.78494983e-04
 -1.12495713e-03  3.39602728e-04  3.98293698e-04  5.08447543e-05
  6.55456025e-05  3.05637492e-06  5.09733681e-04  8.73354414e-04
 -4.45084533e-04 -5.19076221e-04 -1.11960741e-04 -7.29562416e-05
  1.41853138e-04 -2.28988461e-04 -2.03796226e-03 -1.34307569e-03
 -3.21146529e-04  5.95722167e-04  3.15387022e-05  6.24219211e-04
 -1.34257112e-04  0.00000000e+00 -5.05218985e-05 -2.69899648e-04
  1.03392634e-04 -3.46645453e-05  2.32344362e-04 -6.03609576e-06
 -1.63544671e-03 -2.07080204e-05  4.08553774e-05  1.10390375e-04
 -4.40124530e-03 -1.27277518e-03  8.68394182e-04 -7.65031806e-03
 -6.71916774e-05 -6.19900406e-04  2.89794039e-05 -6.36053840e-04
  1.52283413e-04 -1.57530540e-03  3.20857151e-04 -3.10223170e-04
  5.96321449e-05  1.57818041e-04  7.80736905e-06 -3.37958228e-05
 -6.91910822e-05 -2.10514063e-05 -1.71876169e-05  0.00000000e+00
  1.01794435e-06 -1.84069933e-04  2.30841704e-04 -9.44856816e-03
  1.30972329e-03 -4.54578441e-03 -3.12315736e-04  1.13778441e-03
 -3.58703938e-05  2.21021202e-05 -3.40248937e-05 -1.54491134e-03
 -4.47405445e-03  1.77184381e-03 -1.46615154e-02 -1.94241644e-03
 -2.20342136e-02 -3.40731636e-05  3.57386739e-04 -3.00842862e-04
 -1.78232679e-03 -2.02012535e-04  2.50690624e-04 -8.94718965e-04
 -7.41575184e-05 -1.38214228e-04  3.67669912e-04  1.54335563e-03
  2.82211911e-04 -4.18488897e-05  3.46075547e-04 -2.68980609e-03
 -6.52890865e-04 -1.75803371e-03  1.10382158e-03  2.33793879e-04
  3.61246681e-05  4.83920804e-05 -6.34457274e-04 -1.77638981e-04
  2.07920796e-04  1.29684337e-04 -1.72374794e-04  2.50700881e-05
 -4.13404583e-04  6.50138925e-04 -2.16592825e-03  1.51959435e-04
 -1.85957501e-05  4.70565803e-04  1.98507609e-04  1.14589088e-05
  6.33195641e-06  2.74665684e-05 -4.94979137e-05  5.08624819e-04
 -8.95415470e-04 -4.97677902e-04  2.30477884e-05 -1.58604670e-04
 -6.32717038e-04  4.00429186e-04  8.89078520e-04 -1.27964479e-03
  2.06400375e-04  6.49929560e-05 -3.98691822e-05  4.54549054e-05
  5.60578311e-06  1.27884181e-04 -1.78264737e-04  7.14948920e-04
 -3.36981562e-04  7.38144638e-04 -5.59717621e-04 -2.08833755e-04
 -2.74900242e-04 -2.60613025e-04  5.36833717e-05  0.00000000e+00
  1.89513592e-04 -7.80677735e-05  1.02322390e-03 -5.40659630e-04
  2.41604973e-04  1.56159720e-05 -8.32714017e-04 -3.12254766e-04
 -1.07978021e-04 -1.25877998e-03 -1.24049589e-03 -5.50070346e-06
  0.00000000e+00 -2.18483155e-04 -1.82071840e-04 -1.10853964e-04
  3.89839262e-04  6.51595158e-06  0.00000000e+00 -9.88952683e-05
  1.02852483e-04 -1.18643462e-03 -6.16253675e-04 -2.50640748e-04
 -1.43786120e-06  9.85762892e-06  3.30216057e-05 -1.98647317e-05
  3.86835069e-05  3.49366191e-04 -1.43589206e-04 -2.64957395e-04
 -1.45247422e-04 -6.23868737e-05  3.32742710e-04  2.68437118e-04
 -3.06775051e-04  1.38723977e-03  5.60476149e-04  1.73796425e-04
 -3.30288569e-05  1.25122336e-03  3.75253818e-03  4.01864512e-04
 -5.56382185e-05 -3.91180824e-04  5.29527157e-04 -1.24239511e-04
  2.95244814e-04  8.85755848e-05  5.21256934e-04 -2.65551830e-04
 -5.76346091e-04 -3.25667190e-04 -9.92733337e-05  7.72645791e-05
  1.27665593e-06  2.94638867e-05  2.42951648e-04  1.37702015e-04
  9.33606316e-05  3.38214086e-05  2.70930875e-04 -1.02100136e-05
  1.73765703e-04  4.34990802e-04  2.92520702e-07  1.60042471e-04
 -8.46986637e-05 -4.50384137e-04 -2.92172238e-04  3.92232441e-04
 -1.20335205e-04  1.21080644e-03 -1.00386157e-03 -1.08721131e-03
 -1.61922050e-03 -9.09925156e-04  1.18794198e-04  4.91163006e-06
  2.06221807e-06 -2.30531358e-05  2.61961805e-04 -3.03984869e-05
 -6.51849406e-04 -1.71510834e-03 -2.66107593e-04  1.50721308e-04
 -6.22487605e-05  2.03502581e-04  8.32414011e-05 -1.52065949e-04
 -1.17742549e-04 -3.13548400e-04 -5.25997437e-05 -4.13010169e-06
  9.84217722e-05  0.00000000e+00 -3.62516640e-04  1.86357444e-04
 -2.58346395e-05  4.77841260e-05  8.02323670e-04 -2.20036458e-04
 -2.04540641e-05 -1.15537530e-05 -2.12788630e-05  8.69252491e-05
 -4.21446631e-04  6.81291073e-05  5.89448634e-05 -1.65027666e-04
 -7.58986873e-04 -7.85044510e-05  3.66513255e-05 -1.05667100e-04
  3.79205266e-04 -1.12859242e-03 -3.88800526e-03 -1.10771215e-03
 -4.40249545e-03  8.13880145e-06 -5.15087666e-04 -2.06575413e-04
  7.93624584e-05  9.20305562e-05  7.29891734e-05  5.82195324e-05
  3.73707010e-06 -2.58588371e-05  6.61876129e-05  6.20579684e-04
 -3.39748807e-03 -5.75503281e-04  7.98466007e-04 -1.10981104e-03
 -3.33522738e-05 -9.73000232e-05  1.79440562e-05 -4.75308971e-04
 -2.54043867e-03 -2.64645468e-03 -6.02883597e-03 -3.15463672e-03
  3.26370345e-04 -2.67838157e-04 -4.53502943e-04 -1.60761736e-04
 -3.12969890e-05  3.07177568e-03]"
