,perm_results_KernelRidgetrain,perm_results_KernelRidgetest,perm_results_KernelRidgeval
0,"{'importances_mean': array([1.51726668e-03, 1.28741884e-03, 5.98373848e-04, 1.64107819e-03,
       2.22571333e-03, 4.82565141e-03, 1.55408191e-03, 1.32487360e-03,
       1.88285467e-03, 1.64419206e-04, 1.21285551e-03, 8.33523227e-04,
       5.03712451e-04, 7.50523370e-03, 1.14979938e-03, 2.02318607e-02,
       6.63807225e-03, 1.87265144e-03, 8.29323717e-04, 5.27107124e-04,
       2.00253357e-03, 1.40706450e-02, 5.29231401e-03, 9.61619906e-04,
       2.59033099e-03, 2.43692187e-03, 1.97078135e-02, 4.09246152e-02,
       2.52018477e-02, 2.38149245e-02, 8.02152040e-03, 1.83353334e-04,
       2.57051541e-04, 8.26660479e-03, 2.24989250e-02, 7.35033484e-03,
       6.21352728e-04, 1.34362082e-04, 2.94739630e-04, 5.14281790e-04,
       2.82197856e-03, 2.61794332e-03, 7.19797180e-04, 1.94020376e-04,
       1.45581184e-02, 1.46767097e-02, 3.46502337e-04, 5.01525707e-04,
       3.21572090e-03, 1.19244033e-02, 1.00326155e-02, 3.04126432e-03,
       7.64098016e-04, 1.91152113e-03, 9.97913243e-03, 1.88419555e-02,
       6.36500680e-03, 3.98294637e-03, 9.63366727e-03, 6.07552445e-03,
       1.76397626e-02, 3.58154302e-03, 3.01000651e-03, 7.30586328e-03,
       7.65739752e-03, 1.17745121e-03, 1.41068000e-04, 4.61987680e-03,
       5.24376717e-04, 1.04151627e-03, 6.56547205e-03, 9.75757389e-03,
       6.37721316e-04, 6.83046405e-04, 1.99284162e-03, 1.20578428e-02,
       4.02776839e-03, 5.86804727e-04, 1.17682497e-03, 1.01532949e-04,
       4.04099806e-04, 3.22031294e-04, 4.41507840e-04, 1.37634550e-04,
       2.10224908e-04, 9.83261306e-04, 3.98207737e-04, 2.47191609e-03,
       1.27216754e-04, 1.05821525e-02, 1.42922947e-03, 5.06420743e-04,
       2.68870921e-03, 1.81875364e-02, 4.13071391e-02, 3.73682862e-02,
       2.84013787e-02, 1.27799247e-02, 7.49289238e-03, 4.73738204e-03,
       3.22988336e-03, 1.18432290e-02, 5.00915871e-02, 3.95851080e-02,
       1.86811076e-02, 1.69410467e-02, 2.15655326e-02, 6.29113525e-03,
       5.49053427e-04, 2.39159853e-03, 2.49824898e-02, 4.46987852e-02,
       3.32434523e-02, 2.05508011e-02, 8.27736478e-03, 7.02501145e-03,
       1.67407052e-02, 2.25756253e-03, 7.22579995e-04, 2.22445828e-03,
       3.02949287e-03, 4.37583040e-03, 2.84598625e-02, 3.18226000e-02,
       5.89605664e-03, 1.02104496e-03, 1.37527136e-02, 5.53711689e-02,
       2.19493721e-02, 1.21962053e-03, 9.90456538e-03, 1.10079545e-02,
       1.10937844e-03, 4.14737079e-04, 2.68882960e-03, 1.96663075e-03,
       2.52704653e-03, 1.37566398e-03, 5.24289905e-04, 1.53271384e-04,
       1.77609232e-04, 1.72621251e-03, 1.65627521e-03, 1.58710151e-03,
       5.32961340e-04, 9.69034854e-03, 1.69688184e-03, 5.02499954e-03,
       3.39445999e-04, 5.80999285e-03, 1.41001742e-02, 1.98708960e-02,
       1.39093430e-02, 1.57704546e-03, 4.59447198e-04, 7.04199488e-04,
       4.46136413e-04, 3.10945391e-03, 4.71032493e-03, 1.79651832e-03,
       2.90507539e-03, 8.86307942e-03, 2.24092337e-02, 1.73122111e-02,
       2.14931972e-03, 1.83349815e-04, 8.22583283e-04, 1.40907570e-02,
       2.64736136e-02, 1.34944217e-02, 6.43281061e-04, 7.92180334e-04,
       3.81249798e-03, 1.81926634e-04, 7.29815885e-04, 1.04856747e-03,
       4.25801594e-04, 5.29108615e-04, 9.04380851e-03, 2.37541432e-02,
       9.66733634e-03, 3.44133373e-04, 1.52878561e-04, 1.90751013e-04,
       1.64610479e-04, 3.83808367e-04, 3.43562190e-04, 1.59604142e-04,
       4.21198144e-04, 4.65545193e-03, 8.54538575e-03, 8.74068264e-03,
       7.46831761e-03, 7.50138115e-03, 7.51152767e-03, 5.66397508e-03,
       3.67882031e-03, 2.71973513e-03, 6.84386760e-04, 8.96374389e-05,
       1.75120399e-04, 9.84504341e-05, 2.03164843e-04, 3.72369103e-04,
       4.50006488e-04, 5.22700160e-04, 7.37577385e-04, 1.16689398e-03,
       1.45714188e-03, 6.31545887e-04, 3.33133912e-04, 1.02338524e-03,
       1.04107158e-03, 1.81590595e-04, 1.85234568e-03, 3.88305500e-04,
       4.73254138e-04, 8.91690130e-04, 2.79267008e-03, 5.63689143e-04,
       4.68564925e-03, 4.47730845e-03, 7.50174341e-03, 2.39657379e-02,
       2.03989424e-03, 3.28860594e-03, 3.83675198e-03, 2.49326913e-03,
       7.38190094e-04, 1.97522167e-03, 1.24414662e-03, 7.17386753e-03,
       4.91125765e-03, 6.96886226e-03, 5.84595937e-03, 2.31282760e-03,
       1.15742225e-02, 4.21168253e-03, 2.91057956e-04, 3.99411435e-03,
       1.03666344e-03, 1.27183349e-03, 1.72441152e-03, 4.90538682e-04,
       2.32995331e-03, 2.29356561e-03, 2.40686769e-04, 7.89449684e-04,
       2.33560074e-03, 9.01936605e-04, 1.67323473e-04, 6.13577055e-04,
       1.17724822e-02, 1.90736809e-02, 1.33557965e-03, 1.50705722e-02,
       2.78607595e-02, 8.06706201e-03, 5.55207795e-03, 2.23252519e-02,
       7.69258766e-03, 4.49914282e-03, 1.83090119e-02, 1.78155864e-03,
       7.13153270e-03, 8.59678085e-03, 8.21561303e-05, 3.98513887e-03,
       3.92437134e-04, 2.98466853e-02, 1.26889474e-02, 4.35895167e-03,
       6.34484899e-03, 7.14527283e-03, 5.67266555e-03, 2.49789681e-03,
       3.05552595e-02, 4.08854809e-03, 1.91231409e-02, 5.86048714e-03,
       1.65147319e-03, 2.30267056e-03, 7.12659466e-04, 7.19712558e-04,
       8.10848510e-03, 2.86333886e-03, 1.37173550e-02, 7.77900365e-04,
       6.45918305e-04, 1.82344626e-03, 1.26175072e-02, 1.22552866e-02,
       5.93997673e-04, 4.90212467e-03, 1.25307450e-02, 7.49888859e-03,
       1.40609958e-03, 2.09474712e-03, 5.88221274e-03, 3.18397749e-03,
       9.73344305e-03, 1.20008285e-03, 2.11239842e-02, 2.40681295e-03,
       2.03838542e-03, 2.02196798e-02, 2.22315927e-02, 6.87970154e-04,
       5.62803023e-03, 4.64770708e-03, 2.02254313e-02, 2.65471361e-04,
       1.44869665e-03, 1.31097918e-03, 1.46211565e-03, 2.40578754e-04,
       2.25251903e-03, 5.54294212e-03, 1.72259173e-03, 2.97782210e-03,
       7.21861460e-03, 1.28041781e-03, 2.76242482e-03, 1.08315366e-03,
       5.24568831e-04, 1.60174482e-03, 2.45906462e-03, 1.27585164e-02,
       1.90150164e-02, 9.62561446e-03, 4.10896880e-03, 5.89427387e-04,
       4.13416346e-04, 1.95860893e-03, 1.29133453e-03, 2.80448243e-04,
       9.44911314e-04, 3.17076892e-04, 1.20780330e-03, 2.34007522e-03,
       1.88332768e-03, 1.77236952e-03, 1.86707886e-03, 3.22891344e-03,
       1.86104418e-03, 5.99957634e-05, 4.17926805e-05, 1.47198673e-04,
       2.01579031e-04, 1.37940710e-04, 1.86565292e-04, 4.75539671e-04,
       6.15708762e-04, 6.57852124e-05, 1.27666792e-03, 1.04578602e-03,
       3.73267447e-04, 6.06445444e-05, 4.24701756e-04, 4.96524156e-04,
       1.10568842e-04, 9.93557292e-04, 8.82997082e-04, 9.25269699e-04,
       5.45401436e-04, 2.43731101e-04, 3.36199721e-03, 2.79621754e-03,
       3.94781857e-03, 1.32726746e-02, 3.14505305e-03, 2.06077694e-04,
       4.47495731e-04, 8.08948842e-04, 4.91940355e-03, 9.30511895e-03,
       1.28918661e-03, 3.43559078e-04, 4.97461553e-04, 3.72596273e-04,
       2.66615744e-04, 4.51982652e-04, 6.06321008e-04, 8.68341798e-04,
       1.46474776e-03, 1.51163847e-03, 5.97380434e-04, 3.20197481e-04,
       1.20052248e-03, 3.93350201e-03, 4.69161074e-03, 2.10687753e-03,
       3.85538418e-04, 4.56402931e-05, 5.73599041e-05, 9.64156074e-04,
       9.41323794e-04, 1.99092121e-04, 3.21419194e-04, 4.77722970e-04,
       3.87659143e-04, 3.80689647e-03, 7.04575909e-03, 8.13974670e-03,
       6.18241588e-03, 2.51895782e-03, 3.85624542e-04, 7.04573235e-05,
       2.45023833e-04, 1.21065631e-03]), 'importances_std': array([1.01683658e-03, 7.85628948e-04, 3.26416619e-04, 6.19010088e-04,
       8.87851475e-04, 1.69492025e-03, 7.60691213e-04, 1.01012253e-03,
       1.25686329e-03, 5.65279236e-05, 4.91704349e-04, 6.35298341e-04,
       6.10982941e-04, 2.50930219e-03, 1.00453218e-03, 3.70923958e-03,
       2.10036313e-03, 9.84199501e-04, 4.06224597e-04, 5.20254585e-04,
       1.17631206e-03, 3.11259509e-03, 1.79024834e-03, 3.48436165e-04,
       1.14451500e-03, 4.33693040e-04, 3.77757786e-03, 5.97504030e-03,
       4.05692509e-03, 3.18388880e-03, 1.56897644e-03, 9.55840370e-05,
       1.70423020e-04, 1.74805848e-03, 3.14179947e-03, 1.68454300e-03,
       3.98258395e-04, 8.81489838e-05, 1.51787590e-04, 2.61088418e-04,
       1.04160535e-03, 9.57589559e-04, 5.04075210e-04, 1.77757547e-04,
       2.49926780e-03, 2.81837229e-03, 1.63119384e-04, 5.32973828e-04,
       1.21447900e-03, 2.40168613e-03, 2.27146434e-03, 1.19888033e-03,
       4.38429717e-04, 7.99949153e-04, 2.11548135e-03, 3.30748054e-03,
       1.96644189e-03, 1.36905918e-03, 2.10871712e-03, 1.48398559e-03,
       3.05917491e-03, 1.28944669e-03, 1.43747487e-03, 1.54275827e-03,
       1.58164114e-03, 6.37934216e-04, 8.79077996e-05, 1.76810391e-03,
       5.88695916e-04, 2.78201702e-04, 2.27165157e-03, 2.59148152e-03,
       6.09803460e-04, 5.74686685e-04, 1.05140505e-03, 2.61609373e-03,
       1.17927372e-03, 2.45956094e-04, 3.37038966e-04, 9.53628663e-05,
       3.36399667e-04, 2.25805654e-04, 2.47920194e-04, 6.30026958e-05,
       2.05836981e-04, 5.88258476e-04, 2.28712594e-04, 8.25899910e-04,
       2.15713888e-04, 1.68477717e-03, 7.06560892e-04, 3.73190725e-04,
       1.07845970e-03, 1.95617477e-03, 3.00459660e-03, 2.87817705e-03,
       2.42340797e-03, 1.47174574e-03, 1.24786451e-03, 1.13073597e-03,
       9.15864228e-04, 2.03346240e-03, 3.27843781e-03, 2.28902102e-03,
       1.86863688e-03, 2.03622416e-03, 2.59469653e-03, 1.30838403e-03,
       1.66135154e-04, 6.31426534e-04, 2.15668251e-03, 4.63322524e-03,
       5.16622757e-03, 4.28986122e-03, 2.38337344e-03, 1.15576822e-03,
       8.22316924e-04, 4.35855234e-04, 2.49962468e-04, 5.81207548e-04,
       4.83014827e-04, 8.88662000e-04, 3.30120261e-03, 3.69518137e-03,
       1.30777047e-03, 2.35130214e-04, 1.72440494e-03, 3.37721662e-03,
       1.67877162e-03, 2.80236042e-04, 1.11006256e-03, 1.41169426e-03,
       4.42421751e-04, 2.52559935e-04, 1.04139125e-03, 9.65335039e-04,
       1.18270062e-03, 9.09467083e-04, 5.36411950e-04, 2.31867528e-04,
       1.33026953e-04, 5.01811138e-04, 7.88411996e-04, 6.16705365e-04,
       2.43409350e-04, 2.15827413e-03, 8.36647761e-04, 1.28816644e-03,
       7.57605556e-05, 8.32037632e-04, 1.25930880e-03, 2.25421482e-03,
       2.51366607e-03, 7.10424038e-04, 1.61781869e-04, 2.85269426e-04,
       2.77831592e-04, 1.01876253e-03, 1.25735416e-03, 8.10817913e-04,
       9.09019185e-04, 1.28101127e-03, 2.15250538e-03, 1.96089369e-03,
       9.66496330e-04, 4.94897279e-05, 3.76008254e-04, 1.81554466e-03,
       2.61679205e-03, 1.90035313e-03, 3.83989123e-04, 6.85705602e-04,
       1.09633732e-03, 4.80359237e-05, 6.13293493e-04, 7.27817842e-04,
       2.65626722e-04, 3.04247200e-04, 1.96623415e-03, 3.34868069e-03,
       1.94362484e-03, 3.22706991e-04, 1.53628629e-04, 2.48215325e-04,
       1.97222455e-04, 3.48036241e-04, 2.58786650e-04, 1.55984776e-04,
       1.96978563e-04, 1.03249111e-03, 1.38394313e-03, 1.38393953e-03,
       1.32604606e-03, 1.46329461e-03, 1.65822670e-03, 1.52647482e-03,
       1.15215200e-03, 8.47207300e-04, 4.04287064e-04, 8.48897159e-05,
       1.65444235e-04, 3.70880559e-05, 1.68936244e-04, 2.54998998e-04,
       2.55579076e-04, 2.70955278e-04, 3.98363335e-04, 5.91154562e-04,
       6.74210570e-04, 3.75184332e-04, 2.04708259e-04, 3.62893993e-04,
       2.36574995e-04, 6.06949333e-05, 3.78625094e-04, 1.74971474e-04,
       3.08058511e-04, 4.47689081e-04, 9.56439442e-04, 3.52254159e-04,
       1.34358889e-03, 1.29867310e-03, 1.43495418e-03, 2.36021009e-03,
       3.30098530e-04, 1.15234311e-03, 1.06574832e-03, 6.86280410e-04,
       3.22279972e-04, 9.11292402e-04, 5.77276358e-04, 1.41667809e-03,
       1.01286529e-03, 1.64082148e-03, 1.38716536e-03, 5.06761272e-04,
       1.42765372e-03, 8.48948906e-04, 2.59124506e-04, 1.21730836e-03,
       6.80002179e-04, 7.16399803e-04, 9.27651987e-04, 2.42330948e-04,
       7.61106725e-04, 5.81834083e-04, 1.33468744e-04, 2.62099205e-04,
       4.54015472e-04, 3.74047703e-04, 7.69972335e-05, 5.02425055e-04,
       2.17619235e-03, 2.44694095e-03, 4.31695326e-04, 1.05354058e-03,
       2.11052109e-03, 1.59329457e-03, 1.01636495e-03, 2.29110275e-03,
       1.33214713e-03, 1.34057285e-03, 2.62758029e-03, 7.68190740e-04,
       1.20254751e-03, 1.15953830e-03, 5.76250211e-05, 8.80799199e-04,
       3.58878602e-04, 3.81282765e-03, 2.41399285e-03, 8.84996210e-04,
       1.23223778e-03, 1.49305763e-03, 1.42421090e-03, 8.57970521e-04,
       3.02618148e-03, 1.03067373e-03, 2.16603078e-03, 9.96586093e-04,
       5.79590450e-04, 1.06040908e-03, 6.08179024e-04, 4.77396597e-04,
       2.02601246e-03, 9.09983449e-04, 2.05259844e-03, 2.79321591e-04,
       1.81861634e-04, 6.11129788e-04, 2.53275734e-03, 2.30815687e-03,
       1.67426029e-04, 1.11401312e-03, 1.57116430e-03, 1.02263239e-03,
       5.85995315e-04, 9.66133456e-04, 1.58451541e-03, 1.10447490e-03,
       1.62181808e-03, 5.22428503e-04, 2.94255661e-03, 7.94489632e-04,
       4.61552159e-04, 2.58033199e-03, 2.81268553e-03, 2.33982548e-04,
       1.29273154e-03, 9.08167891e-04, 1.69925648e-03, 1.18600698e-04,
       4.22479183e-04, 4.27263343e-04, 4.12844573e-04, 1.53040481e-04,
       6.62831211e-04, 1.25175882e-03, 7.23124387e-04, 9.65486691e-04,
       1.49944704e-03, 4.02111683e-04, 5.07984551e-04, 2.13917272e-04,
       1.32332397e-04, 4.75843736e-04, 8.09917247e-04, 2.25734525e-03,
       2.85705557e-03, 2.13352885e-03, 1.45461720e-03, 5.26875835e-04,
       2.59252119e-04, 6.47678494e-04, 4.20350199e-04, 8.04950808e-05,
       4.61148809e-04, 2.08439543e-04, 6.40629667e-04, 9.99581506e-04,
       9.27342165e-04, 8.88673961e-04, 8.59021752e-04, 1.05465201e-03,
       7.54778814e-04, 6.20936559e-05, 1.19961161e-04, 1.18439595e-04,
       1.51549310e-04, 1.17481626e-04, 1.74656936e-04, 3.37097351e-04,
       4.26315781e-04, 9.11888611e-05, 6.40647032e-04, 5.43117389e-04,
       3.25345967e-04, 1.15586362e-04, 2.38904503e-04, 2.81889185e-04,
       2.59026213e-04, 7.29277833e-04, 6.11404779e-04, 3.71839497e-04,
       1.98100626e-04, 2.62910020e-04, 1.14465348e-03, 1.15122738e-03,
       1.19114719e-03, 2.35073684e-03, 1.05510579e-03, 1.69985047e-04,
       2.65305944e-04, 5.86732941e-04, 1.44796936e-03, 1.93338119e-03,
       7.05197775e-04, 3.77601837e-04, 3.81095464e-04, 2.39697781e-04,
       1.81840746e-04, 2.82293737e-04, 3.30231233e-04, 3.53388109e-04,
       4.51640270e-04, 5.11763379e-04, 3.67586769e-04, 2.54325989e-04,
       5.39669353e-04, 9.60672023e-04, 1.09252891e-03, 8.03021111e-04,
       3.13779874e-04, 8.63274880e-05, 4.23039911e-05, 5.30851684e-04,
       5.74326047e-04, 1.69645375e-04, 2.50420144e-04, 2.29735010e-04,
       9.37468108e-05, 5.76789375e-04, 1.08057420e-03, 1.42137645e-03,
       1.46248570e-03, 1.01714201e-03, 3.26172115e-04, 4.68828847e-05,
       1.83892417e-04, 5.28344494e-04]), 'importances': array([[ 4.70827827e-04,  2.25151412e-03,  4.39213005e-04, ...,
         4.94769119e-04,  1.71137756e-03,  8.27704023e-05],
       [ 6.32618977e-04,  1.93137674e-03,  4.86019386e-04, ...,
        -1.91367646e-04,  1.61717997e-03,  5.84973598e-04],
       [ 5.45630832e-04,  3.47365558e-04,  7.28798950e-04, ...,
         1.48931679e-03,  5.02235775e-04,  4.68901359e-04],
       ...,
       [ 8.63153335e-05,  7.04733582e-05, -9.54073011e-06, ...,
         8.99655187e-05,  1.05750793e-04,  7.90671457e-05],
       [ 1.01912173e-04,  3.24703293e-04,  3.99377677e-04, ...,
         2.12237792e-04,  2.17892753e-04,  2.72537915e-04],
       [ 1.06511735e-03,  1.30958277e-03,  1.79796427e-03, ...,
         1.00525598e-03,  9.71881319e-04,  1.19303256e-03]])}","{'importances_mean': array([ 1.50864010e-03,  1.00854378e-03, -3.18207796e-04, -7.05967787e-05,
       -1.62150049e-04,  1.67991515e-03,  1.41441908e-04,  5.51336072e-04,
        7.93883716e-04, -3.30396748e-04,  1.23916548e-03,  1.13091640e-03,
        5.35731970e-04,  9.34263858e-03,  1.15478983e-03,  1.58227565e-02,
        3.32357453e-03,  3.83224096e-03,  1.67840911e-03,  3.66312729e-04,
        1.85950479e-03,  1.46821858e-02,  6.64101143e-03,  1.54955550e-04,
       -3.49819515e-05, -2.68645333e-04,  1.76397878e-02,  3.37548322e-02,
        1.72623550e-02,  1.58863708e-02,  4.87966069e-03,  9.29897731e-05,
        5.03631733e-04,  4.13718586e-03,  1.73171488e-02,  6.00714392e-03,
        5.12239025e-04,  1.58747531e-04,  5.08473494e-05,  2.84557876e-04,
        4.29338862e-03,  5.12692602e-03, -7.42855368e-04, -3.19818097e-04,
        1.64453715e-02,  1.59987077e-02, -3.62585706e-04,  3.76236227e-04,
        1.65581113e-03,  8.40621471e-03,  6.20461635e-03,  9.55139586e-04,
        5.94426780e-04,  6.19653010e-04,  4.58842701e-03,  1.14228730e-02,
        3.28329557e-03,  1.76318411e-03,  5.21547667e-03,  9.77650141e-03,
        2.36823216e-02,  5.11830529e-03,  2.96880732e-03,  4.31248923e-03,
        3.59596037e-03,  5.65995047e-04, -4.15978196e-04,  4.99370217e-03,
        3.42192618e-04, -3.56345013e-04,  7.62458837e-03,  1.16035592e-02,
        8.12093402e-04,  5.39910595e-04,  1.38980783e-03,  9.29090698e-03,
        2.33310629e-03,  3.31189036e-04,  2.35318982e-03,  4.20239617e-04,
       -8.50890539e-04,  4.20269429e-04, -5.41625795e-04,  5.88636758e-04,
       -1.67114890e-03, -2.11896535e-03,  5.77763838e-04,  1.29274499e-03,
        7.84929666e-04,  1.98584147e-02,  3.82014870e-03,  9.33276901e-04,
        1.93468970e-03,  9.79231165e-03,  2.67099564e-02,  2.52841861e-02,
        2.50371743e-02,  1.83256233e-02,  1.60138683e-02,  1.16052926e-02,
        6.87403805e-03,  1.44813162e-02,  4.02023470e-02,  2.51331239e-02,
        1.04074707e-02,  1.13251303e-02,  2.02505305e-02,  7.40629665e-03,
       -7.94658831e-05,  3.12206299e-03,  2.03233212e-02,  3.42498903e-02,
        2.12086055e-02,  8.03887146e-03, -1.54445782e-04,  4.41965924e-03,
        2.09542274e-02,  3.95671504e-03,  1.36415360e-05,  1.17081153e-03,
       -2.47787564e-03, -4.06141542e-03,  1.34462309e-02,  2.65626673e-02,
        8.15028018e-03,  1.47840563e-03,  2.52119805e-02,  7.79086746e-02,
        3.05877956e-02,  1.72424730e-03,  1.39492605e-02,  1.47141068e-02,
        4.80369878e-04,  2.07421182e-04,  3.97489530e-03,  2.15314252e-03,
        1.90053155e-03,  7.77272391e-04,  1.97003179e-05, -1.28460250e-04,
        2.27572212e-04,  4.22499144e-03,  4.08596139e-03,  5.04444815e-04,
       -1.26188976e-04,  1.11729836e-04, -2.86374451e-03,  1.27844819e-02,
       -1.59485756e-04,  9.14691683e-03,  2.78581221e-02,  3.90776225e-02,
        2.64695183e-02,  3.48283151e-03, -8.85430809e-05,  2.78337085e-04,
       -3.12687947e-04,  1.16158500e-03,  2.55796823e-03,  5.44000854e-04,
        3.80079098e-03,  1.27673142e-02,  2.46448834e-02,  1.36661322e-02,
       -1.87210673e-03,  4.17038459e-05,  6.04197467e-04,  1.58804877e-02,
        2.91398946e-02,  1.53784472e-02,  1.06344800e-03, -4.30590454e-05,
        1.36684257e-03,  2.48035196e-04, -4.63306236e-04, -7.00872985e-04,
        7.02180121e-04,  1.05286444e-03,  4.89557476e-03,  1.81806707e-02,
        5.38602005e-03, -1.45112842e-04,  2.39920187e-04,  3.53276103e-04,
        3.45764815e-04,  7.59725773e-04,  7.04764277e-04, -7.50533124e-05,
        4.95199558e-04,  5.22670020e-03,  8.37116114e-03,  7.21276814e-03,
        4.70942444e-03,  3.31055229e-03,  1.66727585e-03, -2.88352650e-04,
       -7.39627214e-04, -3.57478944e-05, -2.23985847e-04,  8.96189539e-05,
        5.58213200e-05, -4.14911775e-05, -1.61827391e-04, -2.98390944e-04,
       -4.09344886e-04, -4.05568870e-04,  5.34770176e-06,  1.18150968e-03,
        2.29812189e-03,  1.22168843e-03,  7.78161777e-04,  1.98744618e-03,
        1.51189524e-03,  1.20622283e-04,  2.78926805e-03,  7.55312293e-04,
       -9.29365869e-04,  2.12997265e-03,  6.16151763e-03,  6.73519134e-04,
        1.15403197e-03,  1.57888035e-03,  1.10896132e-02,  3.10246580e-02,
        2.29679235e-03,  2.34420548e-05,  1.38677212e-05, -4.87309071e-04,
       -2.38770061e-04,  3.00730217e-03,  7.47267583e-04,  9.56015798e-03,
        7.55116016e-03,  2.25063116e-03,  3.98162824e-04,  6.82686584e-03,
        2.68906759e-02,  1.12670417e-02, -1.31490611e-03,  1.24393827e-03,
        7.99646811e-04,  1.13502039e-03,  9.19987547e-04,  1.33757000e-03,
        5.17445161e-03,  5.18800242e-03, -4.84031491e-04, -1.61083273e-03,
       -1.08185336e-03, -7.36688325e-04,  9.65080263e-05,  8.30142148e-04,
        1.46694134e-02,  2.18438651e-02,  2.08288220e-03,  9.24470025e-03,
        2.57771829e-02,  8.79136234e-03,  8.05162540e-03,  2.94131038e-02,
        9.60013730e-03,  4.96787613e-03,  1.95983845e-02,  1.90858928e-03,
        6.61631370e-03,  7.94022456e-03,  3.76412441e-04,  7.98717581e-03,
       -5.54599334e-04,  2.58847571e-02,  9.10544684e-03,  7.34551557e-03,
        1.05436215e-02,  1.13682866e-02,  8.25144726e-03,  2.60844786e-03,
        3.99118417e-02,  6.72286065e-03,  1.55703486e-02,  9.63231317e-04,
        4.13470400e-03,  6.11425588e-03,  8.99050892e-04, -1.97785656e-04,
        9.77523579e-03,  1.72427475e-03,  1.40703114e-02, -1.18089945e-04,
       -2.27388637e-04,  4.16579275e-03,  2.20730782e-02,  2.02760486e-02,
        1.22455754e-03,  9.60893737e-03,  2.06231158e-02,  1.39109255e-02,
       -2.51321808e-05,  8.00504450e-04,  7.50287124e-03,  2.80799043e-03,
        1.05308652e-02, -7.93320708e-04,  1.84671319e-02, -3.40312452e-04,
        1.39888547e-03,  1.29596953e-02,  1.33237963e-02,  1.63328196e-03,
        1.63405815e-02, -5.46045689e-04,  2.09819104e-02, -5.76692413e-04,
       -7.45485800e-04,  4.36506114e-03,  4.91940366e-03,  5.46322088e-04,
        5.92584547e-03,  1.36312059e-02,  6.07463368e-03,  9.36529473e-03,
        1.75953897e-02,  3.85105503e-03, -9.27172541e-04, -5.81424745e-04,
       -3.38806042e-04, -3.24636692e-04, -9.37737761e-04,  5.45932596e-03,
        9.75513049e-03,  7.04387202e-04, -3.12869746e-03, -2.41838255e-03,
        2.10190078e-03,  5.25000080e-03,  2.42120369e-03, -1.88273218e-04,
        4.67191440e-04, -1.41528568e-04,  1.35224405e-03,  2.97223726e-03,
        2.64903715e-03,  2.73164704e-03,  3.17777509e-03,  5.15606557e-03,
        2.58565672e-03,  4.42880639e-05,  8.37755102e-06,  4.46198800e-05,
        1.00757681e-04,  5.02292933e-05,  7.83154563e-05,  3.83596876e-04,
        7.22504575e-04, -2.28290862e-04, -1.90147274e-04, -6.23705584e-04,
       -9.43215183e-04, -6.14592575e-04,  1.54375683e-03,  1.88343149e-03,
       -1.16077501e-03, -2.31160078e-03, -2.16338941e-03, -8.19212764e-04,
        2.21130634e-04, -4.84952152e-05,  1.89022849e-03,  3.93950675e-04,
        7.59892212e-03,  2.31812983e-02,  6.68088853e-03, -1.85512489e-04,
        3.44661294e-04,  2.65991337e-04,  2.68308370e-03,  7.08561734e-03,
       -1.22770030e-03, -1.30602262e-03, -1.26218723e-03, -7.68065326e-04,
       -3.47972120e-04,  1.97291654e-04,  1.16937687e-03,  2.29985743e-03,
        3.36729271e-03,  3.15915965e-03,  1.45354550e-03,  7.76803491e-04,
        2.15342630e-03,  6.31647625e-03,  8.32630420e-03,  5.22000653e-03,
        1.72612657e-03, -1.87821278e-04, -4.42487888e-05,  2.15052715e-03,
        1.83601497e-03,  3.22667506e-04,  9.84156960e-04,  1.50677940e-03,
       -2.66683977e-04,  2.54598614e-03,  6.99399992e-03,  1.00106658e-02,
        9.69316050e-03,  5.85662575e-03,  1.69031513e-03, -2.86340827e-05,
        9.48605949e-04,  2.63734419e-03]), 'importances_std': array([1.32654599e-03, 8.54275530e-04, 4.35970188e-04, 1.07096216e-03,
       1.42785123e-03, 2.25915889e-03, 9.70417978e-04, 1.11841453e-03,
       1.47816254e-03, 1.91102713e-04, 1.30613965e-03, 1.18361854e-03,
       8.81988135e-04, 3.60021485e-03, 1.23906330e-03, 5.35629419e-03,
       3.22178812e-03, 1.75962295e-03, 8.07287380e-04, 9.25605146e-04,
       1.81900192e-03, 4.27398219e-03, 2.28436032e-03, 4.50045806e-04,
       1.33024580e-03, 5.60196054e-04, 6.66483134e-03, 9.65215887e-03,
       7.15625156e-03, 6.15374207e-03, 2.61941400e-03, 1.13992473e-04,
       3.82148588e-04, 3.77158757e-03, 6.15120480e-03, 3.45767397e-03,
       8.77564213e-04, 1.69231258e-04, 2.99469640e-04, 4.71662855e-04,
       1.69384962e-03, 1.56240198e-03, 7.03652958e-04, 2.05816210e-04,
       3.64448245e-03, 3.87622437e-03, 3.52819581e-04, 6.83651469e-04,
       1.94129435e-03, 4.11997358e-03, 4.11839362e-03, 2.34926118e-03,
       9.82205483e-04, 2.07765041e-03, 4.17481336e-03, 4.13061486e-03,
       2.32115665e-03, 2.51659266e-03, 4.72053332e-03, 3.00204950e-03,
       5.39992378e-03, 2.17240002e-03, 2.08574346e-03, 2.45189236e-03,
       2.54837813e-03, 1.17771437e-03, 1.84376366e-04, 3.42500299e-03,
       9.18163466e-04, 5.49742289e-04, 3.12539476e-03, 3.76213596e-03,
       8.57209486e-04, 7.44638646e-04, 1.01916850e-03, 3.29280485e-03,
       2.37054403e-03, 8.10772883e-04, 1.08240785e-03, 1.67796444e-04,
       6.13585204e-04, 5.01898461e-04, 9.36588479e-04, 2.84110149e-04,
       3.79869667e-04, 5.05509209e-04, 3.14747233e-04, 1.28589897e-03,
       4.04896259e-04, 3.17192077e-03, 1.10581292e-03, 5.87476653e-04,
       3.08193072e-03, 9.44162970e-03, 1.30531341e-02, 1.03363581e-02,
       7.86491308e-03, 4.80084524e-03, 3.38668846e-03, 2.24798798e-03,
       2.12874128e-03, 4.53462493e-03, 9.97667631e-03, 9.35287738e-03,
       6.68759730e-03, 6.43244362e-03, 7.62136350e-03, 4.25069552e-03,
       4.09715170e-04, 2.44733667e-03, 6.34002012e-03, 8.20824193e-03,
       6.50945952e-03, 4.49032606e-03, 2.85806633e-03, 3.79263773e-03,
       6.86556718e-03, 2.62928743e-03, 8.30024076e-04, 2.18100696e-03,
       2.08716470e-03, 2.00395401e-03, 5.73231206e-03, 7.74943918e-03,
       3.27596145e-03, 8.34494794e-04, 3.23878566e-03, 5.64622857e-03,
       6.25684364e-03, 1.01157002e-03, 4.11781017e-03, 4.36180137e-03,
       1.01166443e-03, 4.26431776e-04, 2.16977078e-03, 1.82347901e-03,
       1.96004151e-03, 1.17426944e-03, 6.21205613e-04, 3.58449002e-04,
       2.56941657e-04, 1.74414727e-03, 1.50411630e-03, 1.40976196e-03,
       5.06578255e-04, 4.58731813e-03, 1.80688865e-03, 2.51159221e-03,
       2.98262005e-04, 2.78997941e-03, 5.47652238e-03, 6.54063744e-03,
       3.98445047e-03, 8.62393509e-04, 4.04739239e-04, 9.72449152e-04,
       7.13390772e-04, 2.58966469e-03, 3.72970733e-03, 2.21979640e-03,
       2.05027403e-03, 3.40749987e-03, 5.87851197e-03, 5.19996747e-03,
       1.37881637e-03, 1.21169350e-04, 1.19234105e-03, 5.25572950e-03,
       6.36258108e-03, 3.84818046e-03, 5.97165537e-04, 1.52160467e-03,
       3.85948312e-03, 3.05070184e-04, 1.56550083e-03, 1.95014680e-03,
       7.08577756e-04, 8.04553815e-04, 5.23127181e-03, 8.24329053e-03,
       5.22553155e-03, 8.26180532e-04, 3.10892275e-04, 5.03968296e-04,
       4.32987555e-04, 8.63151313e-04, 7.79717350e-04, 3.57291155e-04,
       8.33874266e-04, 4.04748794e-03, 5.56920942e-03, 5.46259086e-03,
       4.78980565e-03, 4.36105849e-03, 3.63708008e-03, 2.54575176e-03,
       2.33431600e-03, 2.58711804e-03, 1.39084540e-03, 2.32398463e-04,
       3.76780895e-04, 1.09935368e-04, 3.11161964e-04, 4.43696136e-04,
       5.25244190e-04, 7.73552678e-04, 1.29204201e-03, 1.88820583e-03,
       2.04381008e-03, 1.10676166e-03, 6.44967284e-04, 1.10807395e-03,
       9.07204452e-04, 2.38304587e-04, 1.57355396e-03, 6.74331436e-04,
       9.07605116e-04, 1.27625004e-03, 2.61232671e-03, 7.77192751e-04,
       4.36193282e-03, 4.44096736e-03, 4.74631696e-03, 8.37980991e-03,
       1.32170271e-03, 3.33836106e-03, 3.03374749e-03, 1.82621877e-03,
       7.63599188e-04, 2.33593499e-03, 1.59544421e-03, 3.76942986e-03,
       2.87640008e-03, 3.86737647e-03, 2.93483590e-03, 1.70547849e-03,
       3.44308790e-03, 1.80934277e-03, 6.27546214e-04, 2.22340040e-03,
       1.02325529e-03, 7.24081515e-04, 9.80211715e-04, 7.40896514e-04,
       2.22735213e-03, 2.24563298e-03, 3.20941845e-04, 1.31497423e-03,
       2.34736004e-03, 1.59209438e-03, 2.25994696e-04, 1.35829797e-03,
       5.03304115e-03, 5.27564267e-03, 9.61302980e-04, 3.66904407e-03,
       5.19063742e-03, 3.16772785e-03, 2.68308419e-03, 6.01070335e-03,
       3.43123298e-03, 3.18904271e-03, 6.26901729e-03, 1.85326087e-03,
       3.14714458e-03, 3.32412476e-03, 2.72687040e-04, 2.54373626e-03,
       8.54052257e-04, 9.04233536e-03, 5.70553860e-03, 2.84189362e-03,
       3.96412050e-03, 4.64573861e-03, 4.14910637e-03, 2.45519344e-03,
       8.80670222e-03, 2.81771228e-03, 5.39806285e-03, 3.17834056e-03,
       1.60142059e-03, 1.28958650e-03, 8.74619374e-04, 8.38523129e-04,
       3.94253096e-03, 2.32627747e-03, 6.16945982e-03, 1.19620126e-03,
       1.10537987e-03, 1.95679380e-03, 2.94786008e-03, 4.38462895e-03,
       5.75036984e-04, 3.31408993e-03, 5.04931711e-03, 3.04830176e-03,
       8.01185660e-04, 1.71464091e-03, 3.95236219e-03, 2.85665257e-03,
       5.07706824e-03, 1.06483279e-03, 7.01250841e-03, 1.91976213e-03,
       1.23034968e-03, 6.80027727e-03, 6.54282746e-03, 5.97464828e-04,
       2.42033328e-03, 2.46159512e-03, 6.42449688e-03, 3.29227592e-04,
       1.66719132e-03, 1.35224036e-03, 1.26186173e-03, 3.82903493e-04,
       1.34724903e-03, 2.35389136e-03, 1.20808527e-03, 2.09426016e-03,
       3.85734959e-03, 1.48287451e-03, 2.36763009e-03, 1.18362227e-03,
       4.52726121e-04, 1.37869387e-03, 2.05786387e-03, 5.32065914e-03,
       6.72562996e-03, 4.89526680e-03, 3.35872337e-03, 1.43702722e-03,
       9.84639563e-04, 2.59617686e-03, 1.67909478e-03, 2.70045636e-04,
       8.99548590e-04, 4.26879761e-04, 1.79520888e-03, 2.63442316e-03,
       2.25526161e-03, 1.98107294e-03, 1.82834074e-03, 2.31268734e-03,
       1.66363761e-03, 1.17664645e-04, 2.47574536e-04, 2.65870028e-04,
       3.76163509e-04, 3.08612476e-04, 4.69900107e-04, 8.66306339e-04,
       9.82439832e-04, 2.83438778e-04, 1.89602762e-03, 1.84667940e-03,
       1.12439962e-03, 3.19637231e-04, 7.69634396e-04, 7.54987217e-04,
       4.84024250e-04, 1.26583379e-03, 1.23102581e-03, 1.47327324e-03,
       1.02671097e-03, 7.04853308e-04, 3.06044392e-03, 2.75510539e-03,
       2.93529365e-03, 5.60756741e-03, 2.27724475e-03, 3.49194698e-04,
       5.76359598e-04, 1.29997195e-03, 3.26217215e-03, 4.35818035e-03,
       1.40581919e-03, 8.16533932e-04, 7.99478605e-04, 4.32616202e-04,
       2.66743512e-04, 3.44859073e-04, 5.37090217e-04, 9.24526630e-04,
       1.27930191e-03, 1.19803745e-03, 6.97355039e-04, 4.90400048e-04,
       1.12668907e-03, 2.16790843e-03, 2.50088023e-03, 1.69837503e-03,
       6.51614186e-04, 1.60307712e-04, 7.98711315e-05, 1.27304456e-03,
       1.21756323e-03, 3.13111466e-04, 5.44486656e-04, 1.00943432e-03,
       1.04576065e-03, 3.81209236e-03, 4.93751286e-03, 4.97163921e-03,
       3.91912450e-03, 2.07205236e-03, 6.06700954e-04, 1.06973037e-04,
       5.38246891e-04, 1.90462514e-03]), 'importances': array([[ 1.44411568e-03, -6.18789456e-04,  2.14725234e-03, ...,
         2.38973255e-03,  1.79730900e-03,  1.23499164e-03],
       [ 1.07968250e-03, -7.73621291e-04,  1.05469685e-03, ...,
         1.23506433e-03,  1.57675677e-03,  1.47239721e-03],
       [-7.20353699e-04, -3.67134847e-04, -1.09236093e-04, ...,
         1.12531007e-04, -1.38878678e-03, -3.76401141e-04],
       ...,
       [-2.92747812e-05, -1.20362039e-04,  1.00181149e-04, ...,
        -1.88314926e-04,  9.71158628e-05,  2.39248650e-05],
       [ 1.40400994e-03,  7.75853848e-04,  1.27288787e-03, ...,
         1.55037113e-03,  7.39983635e-04,  1.14086113e-03],
       [ 4.50055115e-03,  1.88779706e-03,  3.29167235e-03, ...,
         4.26503098e-03,  8.40489769e-04,  3.79419600e-03]])}","{'importances_mean': array([ 2.51722979e-03,  3.29550001e-03, -1.06545697e-04,  2.28471310e-05,
        9.33649737e-04,  3.89777766e-03,  2.19498280e-03,  1.86992724e-03,
        2.44664353e-03,  1.49911029e-04, -1.02354623e-03, -9.66197325e-04,
        7.30824835e-05,  6.44549323e-03,  1.54620860e-03,  2.25720838e-02,
        6.88419998e-03,  1.72747749e-03,  3.72556919e-04, -5.46422310e-04,
        4.26138901e-04,  8.05110720e-03,  2.18855944e-03,  8.34290566e-04,
        3.49459857e-03,  3.33744150e-03,  2.12878333e-02,  4.35869534e-02,
        2.58822908e-02,  1.97559842e-02,  5.61001333e-03,  4.79589909e-05,
       -2.37451896e-04,  9.63316292e-03,  2.32492594e-02,  8.22888348e-03,
        9.14663321e-04,  2.56207316e-04,  6.22281726e-04,  1.12792596e-03,
        4.97479776e-03,  4.74653595e-03, -2.57771483e-04,  1.71779110e-04,
        1.78000631e-02,  1.62134465e-02,  6.57887463e-04,  5.17518034e-04,
        2.99499631e-03,  1.09111959e-02,  9.13979869e-03,  2.81084607e-03,
        4.62535121e-04,  2.50246553e-03,  1.29108603e-02,  2.21575115e-02,
        6.80014905e-03,  2.44434694e-03,  7.57415252e-03,  2.96450881e-03,
        1.28086699e-02,  2.38229785e-03,  2.30506793e-03,  7.68688148e-03,
        7.83731421e-03,  1.87860341e-03,  3.55655503e-04,  3.27907104e-03,
        6.76203856e-04,  1.02049500e-03,  6.84230673e-03,  9.76305494e-03,
        6.67123133e-04,  1.16625905e-03,  4.18968400e-04,  6.16119327e-03,
       -2.32066965e-05, -3.60470137e-04,  7.35695119e-04,  1.65500440e-04,
       -3.15141842e-05,  1.98921929e-04, -1.41115142e-04,  3.77238353e-04,
       -2.14923825e-04,  1.09634255e-03, -2.47954818e-04, -9.21792478e-04,
        1.43040195e-03,  7.53245636e-03, -2.90503068e-04, -4.92478256e-04,
        5.18454965e-04,  1.42763532e-02,  3.76007172e-02,  3.39875312e-02,
        2.36482546e-02,  9.19026649e-03,  5.46063374e-03,  3.91117515e-03,
        2.55559097e-03,  1.04358344e-02,  4.14806809e-02,  3.03892340e-02,
        1.41161987e-02,  1.33980002e-02,  1.79365392e-02,  4.78650468e-03,
        3.69793798e-04,  1.80131315e-03,  2.66198839e-02,  5.17574268e-02,
        4.32454094e-02,  2.87802243e-02,  1.21145267e-02,  8.69340101e-03,
        1.83394196e-02,  3.11115380e-03, -1.32624659e-04,  4.00528886e-03,
        6.08218426e-03,  8.78776274e-03,  4.24775083e-02,  4.38769346e-02,
        8.44158227e-03,  8.81618846e-04,  1.15190626e-02,  4.36448901e-02,
        9.32115811e-03, -5.83022943e-04,  4.70790083e-04,  9.18009942e-04,
        1.68396054e-03,  3.55733921e-04,  1.51776389e-03,  9.71466340e-04,
        1.80800331e-03,  1.33700402e-03,  7.71221644e-04,  2.57004724e-04,
       -1.06881174e-04,  8.41263355e-04,  1.03162779e-03,  1.35991258e-03,
       -3.91176496e-05,  1.11432885e-02,  1.97069117e-03,  3.25574536e-03,
        3.48567974e-04,  6.44757959e-03,  1.23692961e-02,  1.58448023e-02,
        1.00817356e-02,  1.08129771e-04, -4.97536980e-06,  5.17088665e-04,
        3.41726645e-04,  3.32403258e-03,  5.25424813e-03,  2.34727816e-03,
        3.38634797e-03,  8.00444698e-03,  2.08359172e-02,  1.75073922e-02,
        1.77615499e-03,  2.56271691e-04,  1.46780129e-04,  9.73514354e-03,
        2.02397829e-02,  1.02897006e-02,  4.18460792e-04,  3.60878378e-04,
        2.07034570e-03,  2.91974173e-05,  8.92139594e-04,  1.73289632e-03,
       -4.40346597e-04, -5.29624367e-04,  1.30647889e-02,  3.20472134e-02,
        1.46800150e-02,  1.05742346e-03,  4.73907210e-04,  5.44297814e-04,
        2.75589401e-04,  3.63619102e-04,  1.23879140e-04,  1.25074886e-04,
        1.48958104e-04,  2.80913149e-03,  5.27376426e-03,  5.01122378e-03,
        3.92929154e-03,  3.98829510e-03,  5.16274332e-03,  6.25138334e-03,
        6.05298007e-03,  5.29469213e-03,  2.00830098e-03, -2.45279781e-04,
       -4.70054345e-04, -1.38206522e-04, -5.70762155e-04, -7.11923633e-04,
       -5.27521622e-04, -1.90391351e-04,  4.33397033e-04,  1.50678690e-03,
        2.32540958e-03,  1.27871055e-03,  8.37427440e-04,  1.88150059e-03,
        1.61484207e-03,  2.03617310e-04,  1.33364124e-03,  1.12727246e-04,
        7.22208944e-04, -3.06471639e-04,  4.43478221e-04, -6.20981668e-04,
        6.55621423e-03,  5.88600548e-03,  7.10105222e-03,  2.44989545e-02,
        3.00958396e-03,  3.22431826e-03,  2.57577381e-03,  5.67248267e-04,
        1.40596136e-04,  3.82325048e-03,  2.80294357e-03,  8.21359458e-03,
        6.22746868e-03,  6.60747414e-03,  4.79766969e-03,  4.35365997e-03,
        1.97905016e-02,  6.91433038e-03, -2.95710851e-05,  4.53895147e-03,
        1.87968522e-03, -2.36883096e-04,  5.43524312e-05,  1.22350423e-03,
        4.15338593e-03,  3.58971285e-03,  3.65119550e-04,  5.97245237e-04,
        1.74347394e-03,  4.35400076e-04,  3.02729360e-04,  2.01287384e-04,
        8.78230655e-03,  1.40461894e-02,  5.49554257e-04,  1.14159166e-02,
        2.21445456e-02,  7.30388657e-03,  5.68763852e-03,  2.12179174e-02,
        7.97087100e-03,  2.19902016e-03,  1.10905807e-02, -1.06950163e-03,
        1.31441933e-02,  1.45502543e-02, -4.40830982e-04,  1.77376093e-03,
        4.92693893e-04,  2.94260134e-02,  1.23760427e-02,  6.58641996e-03,
        8.06626515e-03,  8.09426205e-03,  6.26931569e-03,  1.61185119e-03,
        2.76591842e-02,  2.46333025e-03,  2.25194301e-02,  8.54907199e-03,
        5.31045965e-04,  1.22988150e-03,  3.24175538e-04, -3.74522639e-04,
        7.53098317e-03,  7.42126895e-04,  1.05835465e-02,  1.66929198e-04,
        1.48457528e-03,  1.13459442e-03,  1.42171974e-02,  1.47339440e-02,
       -3.72969296e-04,  7.83428562e-03,  2.05626357e-02,  1.42192214e-02,
       -1.36361580e-03, -1.65449506e-03,  6.38758095e-03,  3.13526540e-03,
        8.62966843e-03,  1.35773373e-03,  2.20669358e-02,  2.35429128e-03,
        1.49084089e-03,  1.69562690e-02,  1.82031480e-02,  6.12735390e-04,
        9.78716774e-03,  1.73738840e-03,  1.61783415e-02, -5.37708133e-04,
        1.62469689e-03,  5.53036215e-04,  4.24577278e-04, -2.08349011e-04,
        2.56884374e-03,  6.69161044e-03,  2.14019054e-03,  4.33824932e-03,
        1.10451206e-02,  2.25014609e-03,  2.98269312e-04, -2.95469632e-04,
        3.91805138e-04,  1.41226757e-03,  1.78430068e-03,  1.13792282e-02,
        1.70855924e-02,  6.11206297e-03,  1.22913756e-04, -1.37672530e-03,
        1.13174075e-03,  3.20419531e-03,  1.65290588e-03, -1.38454717e-04,
        3.41578993e-04,  3.19591270e-04,  8.58672708e-04,  1.61922819e-03,
        1.44188854e-03,  1.39455851e-03,  1.46685991e-03,  2.84362371e-03,
        1.40581304e-03, -5.38959365e-06,  1.45685633e-04,  6.72103481e-05,
        1.88007276e-06, -7.50187685e-05, -2.31197924e-04, -3.04421287e-05,
        5.05200762e-04, -2.49660160e-04, -1.28555379e-04, -4.70209097e-04,
       -5.22553984e-04, -2.26114429e-04,  6.96083129e-04,  5.82164453e-04,
        3.73312888e-04,  2.29278022e-03,  2.22854261e-03,  1.89614189e-03,
        1.12325217e-03,  5.87643270e-04,  3.83842105e-03,  3.25926730e-03,
        4.30813322e-03,  1.47317695e-02,  2.60089308e-03,  5.50584432e-04,
        1.11754745e-03, -1.58024491e-04,  2.94255839e-03,  8.38997484e-03,
        1.56884040e-03,  1.08795045e-03,  1.87062425e-03,  1.71535265e-03,
        1.41385903e-03,  2.04342128e-03,  2.33970941e-03,  2.22371290e-03,
        1.79997579e-03,  1.10326950e-03,  3.60162642e-04,  3.02244315e-04,
        1.65403364e-03,  5.88436866e-03,  7.89602929e-03,  4.93956372e-03,
        1.74714666e-03, -1.48617449e-04,  4.71777704e-06,  2.50224271e-03,
        1.87183524e-03,  3.05749392e-04,  2.70843616e-04,  1.08498662e-04,
        1.10743060e-03,  6.20145285e-03,  1.11182357e-02,  1.33616685e-02,
        1.09221867e-02,  5.17776876e-03,  1.04960695e-03,  1.49312353e-04,
        4.21593085e-04,  1.21486166e-03]), 'importances_std': array([8.87297451e-04, 9.49007870e-04, 6.85304242e-04, 1.10180241e-03,
       1.35227958e-03, 2.25149969e-03, 8.26851398e-04, 1.23796049e-03,
       1.43824879e-03, 1.30520847e-04, 1.37078269e-03, 1.33101165e-03,
       1.14997285e-03, 4.33894685e-03, 1.72549217e-03, 4.39110458e-03,
       2.74876347e-03, 1.63890830e-03, 7.15333427e-04, 6.71073773e-04,
       1.07119221e-03, 2.66662834e-03, 1.58931740e-03, 6.76317085e-04,
       9.59282746e-04, 8.09017693e-04, 7.25357253e-03, 1.11026294e-02,
       8.93902976e-03, 7.38225082e-03, 2.75017610e-03, 1.09919113e-04,
       2.39921079e-04, 2.91965660e-03, 4.17076936e-03, 2.13629995e-03,
       5.10670747e-04, 9.13963816e-05, 2.22074698e-04, 4.47235634e-04,
       1.97939679e-03, 2.09957809e-03, 1.04042827e-03, 2.21087417e-04,
       3.63440242e-03, 3.40571212e-03, 3.19853001e-04, 4.14303230e-04,
       1.36672216e-03, 3.48182190e-03, 3.47517512e-03, 1.68071056e-03,
       6.72904894e-04, 1.25264331e-03, 3.16786853e-03, 4.37694622e-03,
       2.41083658e-03, 1.50259578e-03, 1.59019462e-03, 1.23112547e-03,
       2.93414798e-03, 1.62438313e-03, 1.98162378e-03, 1.86249109e-03,
       2.38210973e-03, 1.12473171e-03, 1.33883512e-04, 1.42047222e-03,
       6.53223631e-04, 3.52846625e-04, 2.15157621e-03, 2.37824594e-03,
       5.20813347e-04, 5.49014780e-04, 1.08372198e-03, 3.73237844e-03,
       2.53978945e-03, 8.52875478e-04, 1.17520582e-03, 1.88242663e-04,
       5.45032645e-04, 4.10016313e-04, 6.19469720e-04, 1.87991313e-04,
       6.35451135e-04, 1.48956962e-03, 4.12416657e-04, 1.13773605e-03,
       4.85510021e-04, 4.14628239e-03, 1.15790719e-03, 4.58821739e-04,
       1.03598275e-03, 3.19692510e-03, 5.76227375e-03, 5.70757432e-03,
       4.45558611e-03, 2.10025342e-03, 1.95097645e-03, 2.03136483e-03,
       1.64507733e-03, 2.58121713e-03, 3.02141252e-03, 2.44262052e-03,
       1.91764922e-03, 2.13767849e-03, 2.71911741e-03, 1.50150968e-03,
       3.87178111e-04, 1.86308787e-03, 7.04011182e-03, 9.57133235e-03,
       8.55547086e-03, 7.57375675e-03, 5.58719729e-03, 4.44511619e-03,
       4.35998282e-03, 1.01277745e-03, 3.38498218e-04, 1.86058330e-03,
       2.53516883e-03, 3.16972901e-03, 6.07898107e-03, 4.23348057e-03,
       1.70726239e-03, 6.48449530e-04, 5.63493286e-03, 1.21843656e-02,
       5.60385481e-03, 6.76326133e-04, 2.56872554e-03, 2.64083013e-03,
       5.81305334e-04, 2.85257294e-04, 1.21216042e-03, 9.65408287e-04,
       1.31366057e-03, 1.16582410e-03, 8.28502789e-04, 4.34746426e-04,
       3.27313594e-04, 1.25220185e-03, 1.64856771e-03, 1.32093987e-03,
       5.49166104e-04, 3.84458393e-03, 1.58994189e-03, 3.25139658e-03,
       3.49492551e-04, 2.73902885e-03, 4.85458540e-03, 6.60588546e-03,
       5.42292471e-03, 1.24645593e-03, 6.57138489e-04, 8.24695909e-04,
       7.48564040e-04, 2.35558479e-03, 2.16814847e-03, 1.44990076e-03,
       2.01561811e-03, 2.59188577e-03, 3.17732055e-03, 3.45466027e-03,
       2.24663387e-03, 1.64181296e-04, 5.25585832e-04, 2.71697671e-03,
       4.63637147e-03, 3.62198473e-03, 8.09184485e-04, 1.20474187e-03,
       1.89464660e-03, 1.00032491e-04, 6.78928120e-04, 8.87378867e-04,
       4.41147863e-04, 5.13871975e-04, 2.82203125e-03, 4.53445147e-03,
       2.85979952e-03, 5.89361980e-04, 3.20335157e-04, 3.35936120e-04,
       1.67577637e-04, 2.78991989e-04, 3.14994703e-04, 2.64065696e-04,
       3.16758263e-04, 1.59754768e-03, 2.14202395e-03, 2.27898035e-03,
       2.29102364e-03, 2.53281681e-03, 2.93189275e-03, 3.05531157e-03,
       2.70744990e-03, 2.04089504e-03, 7.51749552e-04, 1.05318182e-04,
       1.82720475e-04, 6.69808986e-05, 2.18989449e-04, 3.74601615e-04,
       4.92609461e-04, 6.74462525e-04, 9.72116948e-04, 1.22938167e-03,
       1.21637898e-03, 6.58083234e-04, 4.30276382e-04, 9.99355916e-04,
       1.02392721e-03, 2.41987913e-04, 1.24285686e-03, 4.36448771e-04,
       5.54494897e-04, 9.32381006e-04, 1.86067386e-03, 5.40294997e-04,
       2.52776756e-03, 2.20827583e-03, 2.55066658e-03, 4.86045768e-03,
       9.52044046e-04, 1.41460041e-03, 1.64573886e-03, 1.57172016e-03,
       7.26018244e-04, 1.34070847e-03, 8.54982310e-04, 2.51460887e-03,
       2.01495187e-03, 2.39783385e-03, 2.26130634e-03, 1.33911046e-03,
       3.37578687e-03, 1.77372965e-03, 3.78086220e-04, 1.69174287e-03,
       8.65044763e-04, 1.09621143e-03, 1.28794931e-03, 5.03878517e-04,
       1.75760810e-03, 1.82969785e-03, 2.61179018e-04, 1.11768384e-03,
       1.95346909e-03, 1.10842960e-03, 1.51799598e-04, 5.71507757e-04,
       1.78718413e-03, 2.43378695e-03, 7.20948594e-04, 3.93655493e-03,
       5.15142280e-03, 2.55236027e-03, 1.99492765e-03, 3.61297158e-03,
       1.71571823e-03, 1.48495293e-03, 2.78122008e-03, 1.26411777e-03,
       3.03452119e-03, 3.55345798e-03, 2.65221528e-04, 2.19445224e-03,
       5.69552467e-04, 5.95076786e-03, 4.25575644e-03, 2.74651301e-03,
       3.27669208e-03, 3.23280008e-03, 2.73625453e-03, 1.68522754e-03,
       6.64892415e-03, 2.03162699e-03, 4.56750358e-03, 2.42498246e-03,
       1.18071698e-03, 1.23261441e-03, 4.49828953e-04, 4.58460640e-04,
       2.41070051e-03, 1.18041092e-03, 3.45449541e-03, 6.84518393e-04,
       7.24267975e-04, 1.46530746e-03, 2.44830774e-03, 2.83552815e-03,
       5.33137757e-04, 2.39116419e-03, 4.23001023e-03, 3.09884076e-03,
       9.78982755e-04, 1.42688933e-03, 2.51082845e-03, 1.99298194e-03,
       3.75558930e-03, 1.15461940e-03, 6.36738248e-03, 1.79445146e-03,
       1.15652697e-03, 5.30707523e-03, 5.43767533e-03, 6.97184616e-04,
       3.58080916e-03, 2.85970188e-03, 5.27806490e-03, 2.95266056e-04,
       1.41847605e-03, 1.80872497e-03, 2.59550503e-03, 4.73897706e-04,
       9.91534212e-04, 1.99663489e-03, 1.32437454e-03, 2.23020746e-03,
       3.87927320e-03, 1.19191274e-03, 1.73100441e-03, 8.70177046e-04,
       3.75487193e-04, 1.34253937e-03, 1.87437049e-03, 4.41479881e-03,
       5.18653190e-03, 3.48034641e-03, 2.32942549e-03, 8.64266639e-04,
       4.57976614e-04, 1.15460834e-03, 7.91642686e-04, 2.80595968e-04,
       7.97128629e-04, 4.36576307e-04, 1.00477704e-03, 1.51182642e-03,
       1.38449951e-03, 1.38550836e-03, 1.52654644e-03, 2.19026573e-03,
       1.66206997e-03, 1.24104797e-04, 2.70236239e-04, 2.66272528e-04,
       3.64863488e-04, 2.55878454e-04, 3.25464155e-04, 5.46348985e-04,
       6.03086160e-04, 1.62597070e-04, 9.61753704e-04, 8.45988528e-04,
       5.16049825e-04, 1.56244020e-04, 5.57406821e-04, 6.41781676e-04,
       4.07157980e-04, 1.28483293e-03, 1.18115616e-03, 1.00882330e-03,
       6.15124401e-04, 3.60875363e-04, 1.71519056e-03, 1.65823195e-03,
       1.96714244e-03, 4.10653619e-03, 2.07432975e-03, 3.25813747e-04,
       4.39436555e-04, 7.84038950e-04, 1.69950590e-03, 2.51333889e-03,
       9.78400672e-04, 5.68554225e-04, 7.43109339e-04, 6.76928611e-04,
       5.59608890e-04, 7.18845166e-04, 8.41419604e-04, 1.01753403e-03,
       1.09555714e-03, 9.89080448e-04, 6.55372645e-04, 4.74685790e-04,
       9.47461194e-04, 1.67641486e-03, 2.04939930e-03, 1.58126785e-03,
       7.08239439e-04, 1.75717055e-04, 7.93339657e-05, 1.17429061e-03,
       1.02640681e-03, 2.39227198e-04, 3.90090795e-04, 6.39001784e-04,
       5.19240350e-04, 2.18404686e-03, 3.15480131e-03, 3.49375079e-03,
       2.91578252e-03, 1.63735428e-03, 4.68200628e-04, 1.20189992e-04,
       2.68433540e-04, 9.29284394e-04]), 'importances': array([[ 3.65312142e-03,  2.15189782e-03,  1.88559096e-03, ...,
         1.93919955e-03,  2.78042478e-03,  3.60445290e-03],
       [ 3.42775983e-03,  2.94195510e-03,  3.76632758e-03, ...,
         2.26086456e-03,  3.07239787e-03,  4.62093052e-03],
       [-6.49861113e-04,  9.41349603e-04, -1.32768786e-03, ...,
         3.06579747e-04,  9.72625709e-06,  2.63508995e-04],
       ...,
       [ 2.03260306e-04,  1.17092506e-04,  4.53796301e-04, ...,
         8.35077186e-05,  3.45458510e-05,  2.79168873e-05],
       [ 1.25048948e-04, -5.34204178e-05,  3.75138305e-04, ...,
         5.93925936e-04,  7.99425717e-04,  6.65484728e-04],
       [ 3.25184073e-04, -2.56647315e-04,  4.97048394e-04, ...,
         2.05262037e-03,  2.24681703e-03,  1.63076280e-03]])}"
