,perm_results_PLSRegressiontrain,perm_results_PLSRegressiontest,perm_results_PLSRegressionval,diff_train_test_PLSRegression,diff_train_val_PLSRegression,diff_test_val_PLSRegression
0,"{'importances_mean': array([ 4.81506728e-04,  1.60341523e-04,  4.63568412e-07,  1.52780753e-04,
        2.23069511e-04,  9.05342317e-05, -8.75759054e-06, -6.68494308e-06,
        1.52278339e-05, -8.85049472e-05, -2.99681937e-04, -3.87301773e-04,
       -2.90156670e-04, -1.69448273e-04, -1.13833910e-04,  1.09316018e-04,
        5.97871269e-04,  1.10051101e-03,  1.32323969e-03,  9.79712480e-04,
        2.77047443e-04, -2.37853735e-04, -4.16358195e-04, -2.51960241e-04,
        8.22635660e-05,  1.84963728e-04,  1.29564569e-04,  7.24165443e-05,
       -2.56343194e-06,  1.42463716e-04,  2.99108272e-04,  3.22634581e-04,
        4.65696065e-04,  6.58414741e-04,  5.06215923e-04,  1.75059395e-04,
        3.68826036e-05,  1.35537912e-06, -1.21627710e-05, -2.68469398e-06,
       -5.72774721e-07, -4.04395273e-06,  9.46003606e-05,  1.62573186e-04,
        1.27227676e-04,  2.19723597e-04,  4.56967119e-04,  4.51061180e-04,
        1.72423712e-04, -7.34202038e-06, -9.44780926e-06, -3.35756437e-05,
       -6.50410796e-05,  4.57967888e-05,  4.18654743e-04,  1.00745521e-03,
        1.12840594e-03,  4.15831778e-04, -1.75799152e-04, -8.16258790e-05,
        2.83465626e-04,  2.61753480e-04,  1.00318365e-06, -3.67176276e-05,
        5.67191424e-06, -1.65285438e-05, -7.01518385e-05, -6.70668945e-05,
       -3.57717629e-05, -2.90823796e-05, -3.47304195e-05,  2.04317853e-06,
        1.08762291e-04,  2.77768258e-04,  4.92360999e-04,  5.98664755e-04,
        4.79785986e-04,  2.74829886e-04,  9.51044492e-05,  5.42043364e-06,
        6.93020856e-06,  1.40992524e-05, -5.49257682e-06, -2.67601162e-05,
        9.79087266e-06,  2.74758744e-05, -2.52527029e-06,  3.69623581e-05,
        6.15946962e-05,  1.82007222e-03,  1.44385643e-03,  9.29093816e-04,
        4.99676288e-04,  5.64161167e-04,  7.23035348e-04,  3.50015004e-04,
       -4.46931052e-04, -6.00136304e-04, -5.81606007e-06,  7.66570740e-04,
        1.56724626e-03,  2.99529748e-03,  3.91693585e-03,  3.41696216e-03,
        2.74823472e-03,  1.59955630e-03,  6.68429807e-04,  3.38381487e-04,
        3.61946660e-04,  6.98936939e-04,  1.79635729e-03,  2.91255657e-03,
        2.56966629e-03,  9.41214527e-04, -5.86605105e-04, -5.59379979e-04,
        6.22342866e-05,  3.24478439e-04,  4.39458299e-04,  7.45183071e-04,
        1.20197640e-03,  1.27975038e-03,  5.52031818e-04, -4.75913677e-04,
       -7.93225944e-04, -6.79956809e-04, -2.20847923e-04,  2.14405388e-04,
       -1.59545241e-04, -2.24299065e-04, -8.29936290e-05, -2.81664992e-05,
        4.54411951e-04,  1.16415449e-03,  1.31228304e-03,  1.08113164e-03,
        1.01572583e-03,  7.39669637e-04,  4.53873922e-04,  3.78916173e-04,
        4.30560556e-04,  5.06387325e-05, -1.95799572e-04,  3.83225857e-06,
       -5.87413377e-05, -2.71273186e-04, -2.07921576e-04, -1.82592935e-04,
       -2.88799441e-05,  5.39764910e-05, -4.28449501e-05, -1.91284745e-04,
       -2.64771605e-04, -3.07890061e-04,  2.96823059e-05,  3.93914215e-04,
        5.26097433e-04,  1.95202092e-04,  3.07344498e-06, -8.46039082e-06,
        3.90488502e-07,  2.21164298e-04,  8.44436226e-04,  6.59002393e-04,
       -1.31458210e-04, -1.91907781e-04,  4.00770685e-05,  4.06858488e-04,
        4.69372681e-04,  1.64723188e-04, -5.57820248e-05, -1.78938724e-05,
        1.14912259e-04, -3.15825113e-04, -8.74946057e-04, -1.10950077e-03,
       -1.02433981e-03, -5.71987971e-04,  2.86768019e-04,  1.17164274e-03,
        1.60579911e-03,  1.52763953e-03,  1.11896771e-03,  5.24630762e-04,
       -3.86292148e-05, -4.18360270e-04, -6.28545225e-04, -6.76665111e-04,
       -5.06898388e-04, -1.50438931e-04,  2.84902341e-04,  7.01653414e-04,
        9.87049556e-04,  1.12646249e-03,  1.17917903e-03,  1.15690082e-03,
        1.00363701e-03,  6.70188580e-04,  2.51080039e-04, -5.87739072e-05,
       -2.04261983e-04, -2.46197960e-04, -2.61811665e-04, -2.86590554e-04,
       -3.23397361e-04, -3.35145950e-04, -2.52477657e-04, -3.32964158e-05,
        3.09802541e-04,  5.96095728e-04,  5.54882206e-04,  2.87162598e-04,
        8.16997767e-05,  3.69308275e-05,  1.34643461e-04,  3.33618111e-04,
        4.93860841e-04,  4.60656556e-04,  2.19508975e-04, -1.25637181e-04,
       -3.53658429e-04, -2.43901886e-04, -1.19408086e-05, -1.88891034e-04,
        2.31202241e-04,  2.15478942e-03,  3.57605702e-03,  3.16920981e-03,
        1.90386213e-03,  6.23735526e-04, -1.56007650e-05,  5.05364975e-04,
        1.52188971e-03,  1.70388900e-03,  8.64127171e-04, -3.63117614e-05,
       -3.51294512e-04, -2.16021597e-04, -3.85717610e-05,  4.32991655e-05,
        9.60319444e-05,  2.01363363e-04,  3.81202271e-04,  5.24895107e-04,
        4.65178812e-04,  2.00417018e-04,  7.94710027e-06,  3.04065904e-05,
        7.19015989e-05, -1.38228590e-04, -4.53789721e-04, -5.28316275e-04,
       -3.58394608e-04, -1.28379971e-04,  1.62434483e-05, -1.14135573e-04,
       -6.23583186e-04, -1.26983764e-03, -1.68504461e-03, -1.84437378e-03,
       -1.85427776e-03, -1.64739937e-03, -1.13545109e-03, -4.72847689e-04,
        1.25141607e-05,  4.75023368e-05, -2.60700001e-04, -4.40256636e-04,
       -6.78818919e-05,  6.75837729e-04,  8.41061206e-04,  2.62330959e-04,
        1.08345539e-05,  5.23919777e-04,  1.43757163e-03,  2.10075218e-03,
        2.16698684e-03,  1.63999881e-03,  6.79344406e-04, -1.44230280e-04,
       -1.78386636e-04,  5.98647416e-04,  1.93430037e-03,  3.33831381e-03,
        4.12897589e-03,  3.40481275e-03,  1.82667867e-03,  5.27906883e-04,
       -1.07105105e-05, -6.95931725e-05, -1.43074459e-04, -3.40527031e-04,
       -2.06410734e-04,  5.98640021e-04,  1.74585945e-03,  2.46924784e-03,
        2.08200534e-03,  4.56812464e-04, -5.85376466e-04,  9.14575613e-04,
        3.57747482e-03,  5.11203524e-03,  5.05271363e-03,  4.29619393e-03,
        3.36524834e-03,  2.04563524e-03,  6.69472488e-04, -7.53767678e-05,
       -1.81454866e-04, -5.76181029e-05,  7.56896457e-05,  3.44527370e-04,
        5.38157309e-04,  4.70993992e-04,  1.93333191e-04, -4.27179292e-04,
       -1.42662131e-03, -2.22597483e-03, -2.30526518e-03, -1.71203030e-03,
       -8.24196568e-04, -1.34539008e-04, -4.82157668e-05, -5.43672824e-04,
       -1.08712864e-03, -1.20329246e-03, -9.73722749e-04, -5.85949564e-04,
       -9.11620791e-06,  4.45195640e-04,  5.12370110e-04,  2.77956685e-04,
        4.04375953e-05, -2.42191830e-06,  1.03959378e-04,  2.18146335e-04,
        2.93447413e-04,  3.81686045e-04,  4.11131808e-04,  2.63236073e-04,
        6.32940246e-05, -6.14258486e-05, -1.00868684e-04, -6.25779287e-05,
        4.22997089e-05,  2.40531945e-04,  4.14274710e-04,  4.22416274e-04,
        2.93164558e-04,  1.29891681e-04,  3.12318012e-05, -8.78602377e-06,
       -2.75105420e-05, -5.45264269e-05, -1.06243756e-04, -1.61902304e-04,
       -2.21366408e-04, -3.17274214e-04, -4.63082687e-04, -5.84368001e-04,
       -5.95741464e-04, -4.59734628e-04, -1.99371877e-04,  2.64637182e-05,
        3.56224892e-05, -1.65053586e-04, -4.70082387e-04, -7.96886879e-04,
       -9.96768772e-04, -9.38629974e-04, -5.61933506e-04, -1.11423176e-04,
        1.03227395e-04,  6.91622595e-05, -1.31888074e-05,  3.01261267e-05,
        2.03544124e-04,  4.10362436e-04,  5.60600294e-04,  5.44156883e-04,
        3.84636894e-04,  1.88012171e-04,  5.31188634e-05,  7.41737832e-06,
        8.82864454e-07,  1.13340919e-07,  1.66471796e-08, -1.16322717e-06,
       -7.80944467e-06, -3.80927417e-06,  1.97287025e-05,  3.77251081e-05,
        8.34763681e-05,  2.55730493e-04,  5.20668812e-04,  5.99315954e-04,
        2.91814299e-04, -4.00995516e-05,  1.13936865e-04,  8.48029540e-04,
        2.13563214e-03,  3.65401121e-03,  4.43730333e-03,  3.61897641e-03,
        1.73810551e-03,  3.28438756e-04, -1.28343978e-05,  2.84001471e-04,
        6.34123104e-04,  6.89912304e-04]), 'importances_std': array([3.77515292e-04, 1.91338804e-04, 1.20944802e-05, 2.10258079e-04,
       3.15466303e-04, 2.50971986e-04, 1.14621048e-04, 1.20697232e-05,
       1.42081853e-05, 4.87975051e-05, 1.23617142e-04, 3.48442291e-04,
       5.95404606e-04, 5.84071649e-04, 2.86944317e-04, 1.45664756e-04,
       5.34072502e-04, 7.93309529e-04, 9.22468779e-04, 1.01359748e-03,
       1.01551563e-03, 8.92127255e-04, 6.56561709e-04, 2.81287061e-04,
       7.98017670e-05, 1.89046114e-04, 1.61220268e-04, 1.34336898e-04,
       1.74548206e-05, 1.02303159e-04, 1.19760182e-04, 1.24920661e-04,
       2.16457113e-04, 3.46119687e-04, 3.30397619e-04, 1.81277594e-04,
       8.51427641e-05, 7.89064889e-05, 1.02189389e-04, 1.16039343e-04,
       9.79166159e-05, 1.24549609e-05, 1.12412546e-04, 1.95113929e-04,
       2.46372321e-04, 3.71702178e-04, 5.31867644e-04, 4.87021491e-04,
       2.73180557e-04, 8.77820741e-05, 9.77168731e-06, 2.08433019e-05,
       3.09256083e-05, 1.83914668e-05, 1.65129167e-04, 4.30343279e-04,
       6.68496892e-04, 7.83082499e-04, 9.76880230e-04, 1.32141282e-03,
       1.53161418e-03, 1.26893307e-03, 6.78110888e-04, 1.75929082e-04,
       3.26693357e-05, 6.87803303e-05, 9.19923603e-05, 1.73638530e-04,
       1.24135897e-04, 1.08172143e-04, 1.97089306e-04, 2.77735686e-04,
       3.24733705e-04, 3.42811978e-04, 3.10255787e-04, 2.39679236e-04,
       1.64049933e-04, 1.02384457e-04, 6.18143098e-05, 1.74563126e-05,
       1.51254202e-05, 1.44055541e-05, 4.05339092e-06, 3.12277365e-05,
       6.18254419e-05, 5.55754739e-05, 1.09672366e-05, 3.58604326e-05,
       3.88008243e-05, 8.20946189e-04, 9.53583313e-04, 1.10245725e-03,
       1.05099526e-03, 7.45692736e-04, 6.89448934e-04, 9.07901685e-04,
       6.82463959e-04, 3.05233736e-04, 1.91837889e-06, 2.27893134e-04,
       4.53673388e-04, 1.00997416e-03, 1.19653309e-03, 1.03634408e-03,
       1.17133967e-03, 1.12171999e-03, 8.57880170e-04, 5.89821865e-04,
       5.51478596e-04, 8.68714254e-04, 1.58774045e-03, 2.22918614e-03,
       2.66931620e-03, 2.52287571e-03, 1.92568991e-03, 1.11632162e-03,
       6.79503611e-04, 6.21331076e-04, 5.26245585e-04, 4.44791397e-04,
       2.40727757e-04, 2.98430329e-04, 2.85170641e-04, 4.31597500e-04,
       8.64021129e-04, 5.36967838e-04, 1.27629497e-04, 1.90400766e-04,
       2.01736152e-04, 9.96571090e-05, 2.91416403e-05, 8.75045816e-06,
       1.51144763e-04, 4.30257646e-04, 5.50114183e-04, 7.23476529e-04,
       9.49392869e-04, 1.05593523e-03, 1.04058440e-03, 7.38839868e-04,
       4.73280446e-04, 4.33301369e-04, 5.86497738e-04, 2.89640946e-04,
       8.06126914e-05, 2.85513031e-04, 6.28057997e-04, 7.24801464e-04,
       3.62862757e-04, 4.83506013e-05, 1.11653679e-05, 7.85267037e-05,
       1.85851481e-04, 4.64541984e-04, 6.01299552e-04, 3.97733735e-04,
       2.24252740e-04, 1.55964668e-04, 6.86784396e-06, 3.24389055e-05,
       2.88694297e-06, 1.90682491e-04, 5.22513208e-04, 5.05866583e-04,
       3.22856778e-04, 3.88082135e-04, 3.85923760e-04, 5.28959087e-04,
       6.12505235e-04, 4.90889176e-04, 2.41376175e-04, 1.94140723e-05,
       6.03629386e-05, 7.75436912e-04, 8.01720160e-04, 7.29045214e-04,
       5.23321572e-04, 2.19998227e-04, 8.37968224e-05, 2.85295912e-04,
       3.61876697e-04, 3.65481030e-04, 3.74599578e-04, 4.67372316e-04,
       6.03806525e-04, 7.17320374e-04, 8.07146685e-04, 9.02839717e-04,
       1.00370266e-03, 1.07573381e-03, 1.07653859e-03, 1.00814883e-03,
       9.10974131e-04, 8.03354956e-04, 6.80020102e-04, 5.22421518e-04,
       3.43233391e-04, 1.84050404e-04, 6.48018865e-05, 1.69262148e-05,
       6.64418319e-05, 8.58163484e-05, 9.51255357e-05, 1.02746420e-04,
       1.08973850e-04, 1.23785362e-04, 1.99482959e-04, 3.51566574e-04,
       5.22256270e-04, 6.18286410e-04, 5.54169306e-04, 3.77832125e-04,
       2.29881915e-04, 2.12255565e-04, 2.79867639e-04, 3.49363813e-04,
       3.53927933e-04, 2.69034187e-04, 1.19597529e-04, 7.64031255e-05,
       3.18371758e-04, 5.73270814e-04, 6.87949538e-04, 4.46437970e-04,
       1.36350251e-04, 6.46035473e-04, 7.35625440e-04, 6.15693031e-04,
       5.97003101e-04, 3.95453733e-04, 5.44201489e-05, 5.07792397e-04,
       6.96867320e-04, 5.60254251e-04, 2.55035653e-04, 1.17122935e-05,
       1.65964648e-04, 2.03032277e-04, 8.02782343e-05, 1.64564618e-04,
       4.27731765e-04, 6.20338543e-04, 6.86519496e-04, 6.21954246e-04,
       4.42488409e-04, 2.11092603e-04, 1.83443752e-05, 1.33474786e-04,
       2.67207553e-04, 4.22631182e-04, 5.94162817e-04, 6.81431393e-04,
       6.17338900e-04, 4.03019878e-04, 1.21272393e-04, 1.02826353e-04,
       2.58445086e-04, 5.27187219e-04, 8.77681057e-04, 1.13809046e-03,
       1.23195096e-03, 1.11711962e-03, 8.09401170e-04, 3.79478144e-04,
       1.34533312e-05, 2.06846864e-04, 2.44890386e-04, 4.47052822e-04,
       7.72121648e-04, 9.97360818e-04, 9.01057071e-04, 4.67960792e-04,
       5.78493679e-05, 4.83275945e-04, 7.10551752e-04, 7.35854663e-04,
       6.50693654e-04, 4.93197186e-04, 2.33808327e-04, 6.79141230e-05,
       2.46122477e-04, 4.15750292e-04, 7.53169033e-04, 1.08781580e-03,
       1.25790425e-03, 1.11841160e-03, 7.65400583e-04, 3.63971376e-04,
       9.67814674e-05, 2.41063239e-05, 6.54203044e-05, 2.60397710e-04,
       5.75279774e-04, 8.10206859e-04, 8.11380772e-04, 6.13917905e-04,
       4.59768363e-04, 1.58088894e-04, 5.73877225e-04, 1.37334171e-03,
       1.70752634e-03, 1.56081023e-03, 1.21075178e-03, 8.82944500e-04,
       6.31514171e-04, 3.76966801e-04, 1.23849275e-04, 1.36653782e-05,
       3.56534127e-05, 2.67747912e-05, 4.83801063e-05, 9.47821690e-05,
       1.12795581e-04, 9.70783677e-05, 8.46272663e-05, 1.55481532e-04,
       3.97526833e-04, 7.27264594e-04, 9.49697109e-04, 9.16612942e-04,
       6.20531169e-04, 2.00888212e-04, 1.14108400e-04, 1.92243847e-04,
       3.12438319e-04, 5.67602894e-04, 6.14337761e-04, 3.60757902e-04,
       4.81720707e-06, 2.15871698e-04, 2.48182065e-04, 1.53954755e-04,
       3.49301627e-05, 4.56670609e-05, 8.72336295e-05, 1.65378012e-04,
       2.94231994e-04, 4.18826662e-04, 4.68638978e-04, 4.16443305e-04,
       3.20551307e-04, 2.25200856e-04, 1.32109425e-04, 4.85207005e-05,
       1.98881488e-05, 7.44128039e-05, 1.03083881e-04, 9.80091112e-05,
       7.63926924e-05, 4.87911106e-05, 1.79778332e-05, 8.38568628e-06,
       4.08316638e-05, 7.18217749e-05, 8.88261392e-05, 9.11075344e-05,
       8.94277749e-05, 1.06672927e-04, 1.50863108e-04, 1.96987235e-04,
       2.04830946e-04, 1.52712103e-04, 6.33749532e-05, 1.00720840e-05,
       8.81213586e-05, 2.42877532e-04, 4.16674843e-04, 5.07907849e-04,
       4.69964410e-04, 3.12740660e-04, 1.28694075e-04, 1.84143346e-05,
       2.04470141e-05, 3.79368030e-05, 2.68066690e-05, 1.02260449e-05,
       8.80227702e-05, 1.12136323e-04, 1.34633778e-04, 1.29993424e-04,
       1.02752348e-04, 6.92739347e-05, 3.35537785e-05, 1.13238420e-05,
       3.35217699e-06, 1.68713264e-06, 7.22194030e-08, 2.96104152e-06,
       2.51875973e-05, 6.25671642e-05, 9.93475078e-05, 1.39357553e-04,
       2.02279559e-04, 2.83078198e-04, 3.69240350e-04, 4.27293144e-04,
       3.74708002e-04, 1.84122029e-04, 8.70505807e-05, 3.11360092e-04,
       4.47931660e-04, 6.74687110e-04, 9.33619757e-04, 9.59156452e-04,
       7.41200732e-04, 4.05009361e-04, 3.78950576e-05, 2.39400053e-04,
       3.26438765e-04, 2.79420595e-04]), 'importances': array([[ 4.02377174e-04,  8.03570727e-04, -1.94184079e-04, ...,
         4.57280546e-04,  5.79388489e-04, -2.37098037e-04],
       [ 1.75624261e-04,  3.96666552e-04, -1.60637563e-04, ...,
         2.97746861e-05,  3.18116710e-04, -1.81327959e-04],
       [-4.79908756e-06, -1.57986245e-05,  1.11796903e-05, ...,
         1.91234638e-05, -1.41328365e-05,  1.30049838e-05],
       ...,
       [ 1.80814234e-04,  2.00799388e-04,  4.27004446e-05, ...,
         5.62848166e-04,  6.11434984e-04,  2.25488289e-04],
       [ 3.99964903e-04,  5.15341884e-04,  2.30844876e-04, ...,
         9.95138902e-04,  1.12630314e-03,  6.48957164e-04],
       [ 4.31502873e-04,  5.63420622e-04,  3.43235287e-04, ...,
         9.95745647e-04,  1.06809767e-03,  8.88432407e-04]])}","{'importances_mean': array([ 5.05805961e-04,  2.80247917e-04, -1.10420448e-05, -3.05105880e-05,
        2.63967570e-05,  2.03965278e-05,  1.13012781e-05,  9.55870825e-07,
        1.47080211e-06, -3.93174425e-05, -2.99598124e-04, -5.96894413e-04,
       -5.83520591e-04, -4.35854396e-04, -2.07155677e-04,  1.08303643e-04,
        4.23079578e-04,  6.95493676e-04,  8.54480505e-04,  7.74193553e-04,
        3.90954192e-04, -1.80475840e-05, -2.16584716e-04, -1.68424095e-04,
        6.83167198e-05,  2.05274502e-04,  2.19138452e-04,  2.09386814e-04,
        2.19405413e-05, -3.44049977e-05,  9.53259631e-05,  1.61628377e-04,
        2.38735398e-04,  3.69212680e-04,  3.69849235e-04,  1.69552591e-04,
        2.94157967e-05, -4.59262905e-05, -9.27002384e-05, -2.64615390e-05,
        5.52609978e-05,  1.09808029e-05, -9.25193810e-05, -1.37918342e-04,
       -1.42253940e-04, -1.50762121e-04, -1.03822630e-04, -3.04883445e-05,
       -6.45940663e-05, -6.51529214e-05, -1.17860442e-05, -3.24397222e-05,
       -5.96306686e-05,  3.51284640e-05,  2.41934511e-04,  5.00330737e-04,
        6.24744761e-04,  4.39699986e-04,  1.65194837e-04,  6.48573647e-05,
        9.24585662e-05, -1.42954202e-04, -3.36717470e-04, -1.43304949e-04,
        3.11923233e-05,  8.43937260e-05,  6.10720078e-05, -5.62358452e-05,
       -1.02987451e-04, -1.15529006e-04, -1.80582252e-04, -1.36336923e-04,
       -5.15815428e-05,  2.44271099e-05,  1.61355373e-04,  2.66765018e-04,
        3.01738764e-04,  2.96004673e-04,  1.78831942e-04,  2.84914285e-05,
       -2.84164100e-06,  2.00965443e-05, -1.49633547e-05, -1.65333742e-04,
       -3.15908397e-04, -2.05417291e-04, -1.62893151e-05, -2.88643866e-06,
       -7.30251601e-05, -2.42434429e-03, -2.32253864e-03, -1.81030142e-03,
        1.90232494e-04,  2.73568179e-03,  3.93244725e-03,  2.53847618e-03,
       -1.20741909e-04, -1.11196131e-03, -1.22938711e-05,  1.71240823e-03,
        3.43453434e-03,  4.58653465e-03,  2.76837019e-03,  5.27392969e-04,
       -4.29734762e-04, -7.32657119e-04, -1.32208822e-04,  5.77027761e-04,
        9.85482543e-04,  9.06371116e-04, -8.87674159e-04, -3.50661024e-03,
       -5.14555966e-03, -6.39424610e-03, -5.14606168e-03, -1.27213623e-03,
        1.23478585e-03,  1.53266648e-03,  8.45469595e-04,  3.84005002e-05,
       -8.21521464e-04, -7.89943407e-04, -4.34065972e-05, -5.52590475e-04,
       -2.66940375e-03, -3.01802661e-03, -9.06386801e-04,  8.10199435e-04,
        3.40261875e-05, -2.04447413e-04, -7.31029918e-05, -2.51429860e-05,
        3.51528382e-04,  2.77834339e-04, -5.32377354e-04, -5.18957631e-04,
        1.13356708e-05,  4.79672201e-04,  1.24891550e-03,  2.02179854e-03,
        1.52626330e-03, -4.56066271e-04, -5.01699793e-04,  3.33131985e-04,
       -4.49746858e-04, -1.73572461e-03, -2.81195954e-03, -2.26833590e-03,
       -1.16138558e-04,  2.38546253e-04, -1.56135744e-04, -6.22536085e-04,
       -7.44856365e-04, -8.14507225e-04, -7.42410444e-05,  8.84362188e-04,
        1.12060437e-03,  5.14539087e-04,  2.21263376e-05, -8.63605273e-05,
       -1.60370068e-06,  2.26019814e-04,  3.85196072e-04, -7.23083260e-04,
       -1.22593564e-03, -9.54126169e-05,  9.07974220e-04,  1.84495215e-03,
        1.85396202e-03,  1.03891916e-03,  2.54105067e-04, -4.39694314e-06,
        1.09981227e-04,  6.52503862e-05,  7.09722556e-05,  1.77238304e-05,
       -7.01138540e-05, -8.20844115e-05,  5.66205127e-05,  2.65728360e-04,
        4.08925888e-04,  4.05681427e-04,  2.61934918e-04,  1.41428230e-05,
       -1.54038423e-04, -2.71668521e-05,  3.28435965e-04,  6.69961445e-04,
        8.83918166e-04,  9.30469196e-04,  7.39405474e-04,  3.97205014e-04,
       -4.03037663e-05, -4.35707009e-04, -5.94280525e-04, -4.98293611e-04,
       -2.81419284e-04, -7.56787730e-05,  1.78777823e-05, -1.79400678e-05,
       -1.14613222e-04, -1.92677602e-04, -2.48133192e-04, -3.05959965e-04,
       -3.78376286e-04, -4.51657143e-04, -4.22172393e-04, -1.37855104e-04,
        4.12718900e-04,  9.29271077e-04,  9.73711630e-04,  6.41865214e-04,
        3.55187597e-04,  2.66006981e-04,  3.24226084e-04,  4.39044252e-04,
        4.38716408e-04,  2.58079685e-04,  6.48401652e-05, -4.22250531e-06,
        1.67691695e-04,  6.66064864e-04,  1.06358129e-03,  5.51064572e-04,
       -3.72014435e-05,  4.59355937e-04,  8.86169918e-04,  6.96188447e-04,
        4.64834060e-04,  2.12707588e-04, -1.25398838e-05,  5.68775158e-05,
        1.91425253e-04, -3.44544972e-06, -2.11365869e-04,  2.25734863e-05,
        4.06845738e-04,  3.94566432e-04,  8.32389521e-05, -2.20613348e-05,
        2.86652544e-04,  8.11856607e-04,  1.20400841e-03,  1.30084522e-03,
        1.07564897e-03,  5.88470543e-04,  4.97111696e-05, -2.67372047e-04,
       -3.13068203e-04, -2.28012767e-04, -3.47683288e-05,  1.48151950e-04,
        2.32216054e-04,  2.20078213e-04,  1.08662030e-04, -1.51012326e-04,
       -3.81436656e-04, -1.79165618e-04,  4.14898292e-04,  8.81809868e-04,
        8.35958380e-04,  2.79712079e-04, -2.49934998e-04, -2.77562575e-04,
        1.23396197e-05,  1.95388885e-04,  1.37352674e-04, -5.08720381e-05,
       -1.69190478e-04, -1.72428409e-04, -3.90986265e-04, -5.47435956e-04,
        1.14961083e-04,  1.18377367e-03,  1.85288737e-03,  1.95740775e-03,
        1.61001057e-03,  9.53528571e-04,  2.64224950e-04, -9.50746185e-06,
        2.42438417e-04,  8.02611426e-04,  1.82525429e-03,  3.22405974e-03,
        4.27638121e-03,  3.81655779e-03,  2.25728956e-03,  8.08120276e-04,
        1.08311390e-04, -3.98055411e-05, -1.39987170e-04, -4.98880225e-04,
       -8.93651566e-04, -9.03026637e-04, -5.03948916e-04,  4.69173612e-05,
        4.16838338e-04,  1.20567929e-04,  9.17621951e-05,  1.68574053e-03,
        3.60771256e-03,  4.27463184e-03,  3.64200673e-03,  2.56601405e-03,
        1.52184722e-03,  5.53585027e-04,  3.88079035e-05,  1.23187782e-05,
        8.96144075e-05,  9.56862569e-05,  1.27341318e-04,  1.57789427e-04,
        1.06408094e-04, -1.06038977e-07, -1.17389892e-04, -1.53657827e-04,
        2.44894671e-04,  1.36263646e-03,  2.61316418e-03,  2.88907308e-03,
        1.95511580e-03,  6.03402242e-04, -3.33246449e-04, -5.43807165e-04,
       -1.62144740e-04,  4.67946029e-04,  7.07856308e-04,  3.54983552e-04,
        3.10361641e-06, -1.01606345e-04, -1.28660079e-04, -1.35126607e-04,
       -5.44134601e-05,  1.19857365e-04,  3.07083955e-04,  4.37143141e-04,
        5.23857909e-04,  6.35354863e-04,  7.03838856e-04,  6.13302286e-04,
        4.07793754e-04,  2.13898410e-04,  8.08221402e-05,  4.78268616e-06,
        2.02606128e-05,  1.76506566e-04,  3.48835997e-04,  3.96853079e-04,
        3.04048582e-04,  1.48774574e-04,  3.91273157e-05, -1.16120552e-05,
       -3.30626578e-05, -2.84021330e-05, -1.31637688e-05, -1.67097818e-05,
       -2.54766651e-05,  8.50132526e-07,  9.42400274e-05,  2.25076969e-04,
        2.72853764e-04,  1.95700277e-04,  8.43499128e-05, -1.61573102e-05,
       -7.23033584e-05, -6.75858879e-06,  1.43607004e-04,  2.34250272e-04,
        1.03575781e-04, -1.25670916e-04, -1.58367536e-04, -3.32970860e-05,
        1.83922653e-05, -2.19700123e-05, -4.39417588e-05,  3.26379896e-05,
        1.80757276e-04,  2.92466380e-04,  3.60119718e-04,  3.15219514e-04,
        1.93928648e-04,  9.15884932e-05,  4.48211614e-05,  1.97421644e-05,
        5.78227513e-06,  2.16241168e-06, -6.05051571e-08,  2.19161034e-06,
        2.35998399e-05,  7.75026128e-05,  1.25874969e-04,  1.56461768e-04,
        2.34487847e-04,  3.94547881e-04,  5.79902091e-04,  5.43785653e-04,
        2.18502144e-04, -1.32905873e-05,  4.76615405e-05,  4.00274794e-04,
        1.21254780e-03,  2.48467788e-03,  3.41432480e-03,  2.96604333e-03,
        1.53082935e-03,  3.85178597e-04,  1.02658129e-06,  1.76766338e-04,
        4.57055812e-04,  4.68416289e-04]), 'importances_std': array([1.88817418e-04, 8.85759607e-05, 6.16350284e-06, 1.20844018e-04,
       1.60624829e-04, 1.03984010e-04, 4.22596950e-05, 4.99344102e-06,
       7.66544949e-06, 4.18872815e-05, 1.72677365e-04, 3.17789425e-04,
       3.55308115e-04, 2.70349876e-04, 1.26905804e-04, 7.44298673e-05,
       3.25483632e-04, 5.74210465e-04, 7.04150768e-04, 6.15161411e-04,
       4.55256380e-04, 3.59891922e-04, 2.61300430e-04, 1.14739876e-04,
       3.68315705e-05, 1.07911318e-04, 1.16352343e-04, 1.22125554e-04,
       1.96858743e-05, 1.36497516e-04, 1.53263124e-04, 1.13908740e-04,
       1.81935100e-04, 3.05135991e-04, 2.85764060e-04, 1.48376522e-04,
       6.79119775e-05, 7.43359692e-05, 1.06671248e-04, 1.02654764e-04,
       6.80357028e-05, 6.81291723e-06, 8.16542727e-05, 1.89562086e-04,
       2.16314304e-04, 2.69271036e-04, 3.20221879e-04, 2.36013389e-04,
       9.02865240e-05, 1.77160119e-05, 3.60137329e-06, 1.38268767e-05,
       3.60226012e-05, 2.90587268e-05, 2.40943555e-04, 4.84166765e-04,
       5.87265866e-04, 7.64790002e-04, 9.82522023e-04, 1.13944515e-03,
       1.15507148e-03, 8.66750233e-04, 4.11773829e-04, 9.15525138e-05,
       1.83626724e-05, 8.09356125e-05, 1.54491062e-04, 1.57181448e-04,
       8.33347438e-05, 6.15106920e-05, 9.50371393e-05, 1.13094704e-04,
       1.41481050e-04, 1.71547021e-04, 2.02042279e-04, 2.09373300e-04,
       1.70065927e-04, 1.23058192e-04, 8.02031751e-05, 2.15898380e-05,
       1.82130942e-05, 2.09834081e-05, 7.91122622e-06, 5.37963899e-05,
       7.73375773e-05, 6.07362153e-05, 8.87526482e-06, 2.17097333e-05,
       2.78762882e-05, 8.60826732e-04, 8.66652512e-04, 9.64255185e-04,
       1.35652739e-03, 1.79261170e-03, 1.98666581e-03, 1.85725396e-03,
       1.24255584e-03, 5.52110152e-04, 3.06773234e-06, 3.10029339e-04,
       6.65566073e-04, 1.48200962e-03, 2.35798447e-03, 2.59214618e-03,
       2.57168147e-03, 2.15964939e-03, 1.62679236e-03, 1.28249254e-03,
       1.24387174e-03, 1.39208619e-03, 1.98617016e-03, 3.16288327e-03,
       3.28360293e-03, 2.47752175e-03, 1.77295199e-03, 2.13470052e-03,
       2.20771923e-03, 1.71145275e-03, 1.08184214e-03, 8.54534719e-04,
       8.56277776e-04, 7.12290403e-04, 2.56195768e-04, 3.73692168e-04,
       1.16753559e-03, 9.75250574e-04, 2.29750207e-04, 3.78068714e-04,
       6.31801994e-04, 2.50619628e-04, 6.71840380e-05, 1.88504697e-05,
       2.48830045e-04, 7.63752105e-04, 1.25415084e-03, 1.26557864e-03,
       1.23072214e-03, 9.43791623e-04, 6.46759645e-04, 7.65103257e-04,
       1.04551607e-03, 1.21759699e-03, 6.74213812e-04, 3.87745053e-04,
       2.27759265e-04, 6.31295269e-04, 1.09421854e-03, 8.59776547e-04,
       2.22108475e-04, 8.83015084e-05, 4.20176516e-05, 1.50162618e-04,
       1.83941036e-04, 4.07213970e-04, 7.17191354e-04, 8.04433701e-04,
       6.02241222e-04, 3.62999326e-04, 2.02197928e-05, 8.42909869e-05,
       5.26985458e-06, 3.93083604e-04, 1.09923963e-03, 1.16428394e-03,
       4.50366100e-04, 7.05321065e-04, 1.04528964e-03, 1.48702865e-03,
       1.44814590e-03, 9.67934918e-04, 3.88123799e-04, 2.60650047e-05,
       1.61950550e-04, 1.47844229e-03, 1.60484551e-03, 1.48273283e-03,
       1.09400263e-03, 4.84785282e-04, 1.93929543e-04, 6.73912625e-04,
       8.54221806e-04, 8.42115425e-04, 7.77232517e-04, 7.76416407e-04,
       8.91998398e-04, 1.09603398e-03, 1.33245946e-03, 1.59943943e-03,
       1.91851322e-03, 2.24006408e-03, 2.43741506e-03, 2.39282150e-03,
       2.05059097e-03, 1.47937843e-03, 9.20482068e-04, 5.82563115e-04,
       4.80316606e-04, 3.70217992e-04, 1.56673733e-04, 3.76491619e-05,
       1.24260415e-04, 1.43737416e-04, 1.55211088e-04, 1.82968540e-04,
       2.44153974e-04, 3.56774425e-04, 5.12064133e-04, 6.91293389e-04,
       8.65862280e-04, 9.29975646e-04, 8.11923874e-04, 6.05509380e-04,
       4.49977542e-04, 4.17592349e-04, 4.86846323e-04, 5.82124346e-04,
       5.91391258e-04, 4.45196303e-04, 1.84388788e-04, 1.10811490e-04,
       4.93034903e-04, 1.01803877e-03, 1.37321774e-03, 9.63480085e-04,
       3.13072417e-04, 1.59025589e-03, 1.91820483e-03, 1.27388045e-03,
       5.95018653e-04, 4.33219794e-04, 7.83080645e-05, 8.73484866e-04,
       1.34864235e-03, 1.17056591e-03, 5.58904618e-04, 2.53502761e-05,
       3.08443078e-04, 2.96027182e-04, 9.75527385e-05, 1.91853812e-04,
       5.02487109e-04, 7.24826781e-04, 8.24611098e-04, 8.32784089e-04,
       7.13887989e-04, 4.26743534e-04, 4.50603945e-05, 3.60098438e-04,
       6.81111202e-04, 8.97576676e-04, 1.04195396e-03, 1.05730432e-03,
       8.94003323e-04, 5.77026187e-04, 1.87686504e-04, 1.86477150e-04,
       5.04196491e-04, 8.62384502e-04, 1.26221371e-03, 1.53498631e-03,
       1.58497849e-03, 1.42202727e-03, 1.06761574e-03, 5.40424203e-04,
       2.21167464e-05, 4.36965294e-04, 6.14186235e-04, 7.05072158e-04,
       1.03819259e-03, 1.47543878e-03, 1.47613427e-03, 8.31668778e-04,
       1.05624163e-04, 8.28574132e-04, 1.04544970e-03, 9.55600852e-04,
       8.54848201e-04, 6.84988841e-04, 3.45875362e-04, 1.10758408e-04,
       4.07078677e-04, 3.11624528e-04, 3.87118898e-04, 9.72899952e-04,
       1.44734201e-03, 1.55163422e-03, 1.25966518e-03, 7.31863808e-04,
       2.59834535e-04, 5.27044148e-05, 5.27325613e-05, 2.73285076e-04,
       7.63013109e-04, 1.30301827e-03, 1.54291287e-03, 1.20584448e-03,
       5.92921785e-04, 1.80243047e-04, 8.13055824e-04, 2.29319547e-03,
       3.22867517e-03, 3.25963391e-03, 2.71032136e-03, 2.03033844e-03,
       1.41226571e-03, 7.84107161e-04, 2.35388398e-04, 2.36643017e-05,
       6.74883735e-05, 7.66589659e-05, 1.50848378e-04, 2.76103451e-04,
       3.12911146e-04, 2.49400020e-04, 1.55619765e-04, 2.18099187e-04,
       6.97134271e-04, 1.31725455e-03, 1.68635243e-03, 1.55146280e-03,
       1.00117148e-03, 3.33466961e-04, 2.41013655e-04, 7.18629852e-04,
       1.15534565e-03, 1.37914652e-03, 1.16501989e-03, 5.94044229e-04,
       7.28170381e-06, 3.16250886e-04, 3.81971010e-04, 2.68943097e-04,
       7.07265175e-05, 1.03145497e-04, 1.68415524e-04, 1.70277053e-04,
       2.56750836e-04, 4.20703350e-04, 5.59672082e-04, 5.93605420e-04,
       5.11788437e-04, 3.73656487e-04, 2.27570719e-04, 8.50746755e-05,
       3.40240061e-05, 1.24274739e-04, 1.76218777e-04, 1.77363153e-04,
       1.40484490e-04, 8.95466650e-05, 3.63663125e-05, 1.66739692e-05,
       7.39448662e-05, 1.34227085e-04, 1.91295051e-04, 2.25682121e-04,
       2.38317101e-04, 2.73796678e-04, 3.51122524e-04, 4.13254518e-04,
       3.68465990e-04, 2.09956057e-04, 8.10353562e-05, 2.72931134e-05,
       2.82781527e-04, 6.30188465e-04, 9.39664320e-04, 1.08829992e-03,
       9.64949319e-04, 6.03763268e-04, 2.32422124e-04, 3.57544471e-05,
       4.44190190e-05, 7.60451518e-05, 5.45602946e-05, 2.51352789e-05,
       1.15826449e-04, 1.64326134e-04, 1.61446498e-04, 1.47522197e-04,
       1.29630472e-04, 7.87210080e-05, 3.59294479e-05, 1.37881362e-05,
       5.14335467e-06, 3.04148496e-06, 1.19898601e-07, 4.21384073e-06,
       3.06739482e-05, 6.91729047e-05, 1.12058135e-04, 1.57298870e-04,
       2.37969072e-04, 4.17537793e-04, 6.65570250e-04, 8.01836521e-04,
       6.58705290e-04, 2.65917999e-04, 1.07001047e-04, 5.88518624e-04,
       1.40060194e-03, 2.17941348e-03, 2.54660394e-03, 2.30097539e-03,
       1.51391684e-03, 6.28068997e-04, 4.30126733e-05, 2.68764194e-04,
       5.13855111e-04, 5.65399276e-04]), 'importances': array([[ 2.53399204e-04,  3.81164566e-04,  5.82040006e-04, ...,
         3.94486558e-04,  3.33521681e-04,  3.41357618e-04],
       [ 1.64604753e-04,  2.07725068e-04,  3.00846647e-04, ...,
         1.98517298e-04,  1.77923894e-04,  3.07734339e-04],
       [-8.39232926e-06, -6.90823131e-06, -1.32034290e-05, ...,
        -4.08636095e-06, -8.41327746e-06, -1.93525146e-05],
       ...,
       [ 1.68090841e-04,  1.67985836e-04,  3.09172476e-04, ...,
        -4.56914812e-04,  2.82990045e-05,  4.53454910e-04],
       [ 9.88694162e-05,  8.32244902e-04,  5.79872474e-04, ...,
        -6.73342768e-04,  5.09133911e-04,  6.52153871e-04],
       [-1.41347492e-04,  1.09284407e-03,  6.11623203e-04, ...,
        -6.67985346e-04,  7.23715219e-04,  5.37046881e-04]])}","{'importances_mean': array([ 5.77102060e-04,  2.86379512e-04, -1.16817202e-05, -6.53742231e-05,
       -1.32198860e-06,  3.79308079e-05,  2.10645249e-05,  3.84089087e-07,
        4.24865542e-06, -5.08195665e-05, -3.02432772e-04, -6.60774458e-04,
       -9.25553313e-04, -9.95603909e-04, -6.13375417e-04,  3.94696044e-04,
        1.71202561e-03,  2.69301308e-03,  2.58125995e-03,  1.13352490e-03,
       -4.32528889e-04, -1.22169982e-03, -1.33713621e-03, -7.31281806e-04,
        2.36870282e-04,  5.79585203e-04,  4.90932545e-04,  3.99256471e-04,
        4.50993823e-05, -1.76203303e-04, -2.55646121e-05,  2.23792359e-04,
        6.81729517e-04,  1.29758227e-03,  1.24796500e-03,  6.29395170e-04,
        2.77034700e-04,  2.51184625e-04,  2.45346297e-04,  1.35958108e-04,
        3.08012961e-05, -1.22754758e-06,  7.17312934e-06, -1.05386430e-04,
       -2.61181405e-04, -4.12757363e-04, -5.27035627e-04, -5.17277327e-04,
       -3.83319249e-04, -1.60768764e-04, -2.20682325e-05, -6.36325849e-05,
       -1.37717243e-04,  1.01474481e-04,  8.84891825e-04,  2.03696913e-03,
        2.31463166e-03,  8.11962589e-04, -1.22349152e-03, -2.59223239e-03,
       -3.02946720e-03, -2.64065708e-03, -1.60616687e-03, -4.50765428e-04,
        7.74383376e-05,  1.01259355e-04, -1.70285009e-04, -4.18042939e-04,
       -2.93546396e-04, -2.39742404e-04, -3.59463052e-04, -3.18916341e-04,
       -1.41691814e-04,  4.59257916e-05,  2.33780400e-04,  2.77298493e-04,
        1.53418365e-04,  2.47416731e-05, -5.44473025e-05, -2.86742462e-05,
        2.77219413e-05,  3.16522615e-05, -1.29244929e-05, -9.59681187e-05,
       -1.07809824e-04, -1.33398324e-05,  9.81323393e-06, -5.92298568e-05,
       -9.86811348e-05,  4.31414437e-03,  3.69466780e-03,  2.54064242e-03,
        1.00320187e-03,  2.30289738e-04,  3.65364391e-04,  7.50766958e-04,
        5.53636363e-04,  1.50868544e-04, -8.68195007e-07,  3.29173333e-04,
        1.06380061e-03,  2.79374348e-03,  3.61078777e-03,  2.25827579e-03,
        1.19944959e-03,  2.83386533e-04, -3.14591353e-04, -4.87316625e-04,
       -3.90567802e-04,  5.24007708e-04,  3.93610165e-03,  8.56680513e-03,
        1.07155709e-02,  8.70712820e-03,  3.78828961e-03,  7.11286074e-04,
        4.55620857e-04,  7.85544069e-04,  1.03833273e-03,  1.58903095e-03,
        2.59055113e-03,  2.83465448e-03,  1.14522727e-03, -7.89718066e-04,
       -6.38488455e-04,  4.85010664e-05,  9.09037516e-05, -2.38778729e-04,
       -7.16439878e-04, -4.70365498e-04, -1.61255737e-04, -5.13679091e-05,
        7.13332216e-04,  1.70230056e-03,  2.00571889e-03,  1.55869316e-03,
        1.31558363e-03,  8.98543479e-04,  3.37327155e-04,  3.87512626e-04,
        1.58576886e-03,  2.13443679e-03,  7.76768066e-04, -9.71005491e-05,
        1.48546536e-04,  5.38283181e-04,  1.50593021e-03,  1.46773790e-03,
        2.66938706e-04,  1.56710265e-05, -1.69940187e-06,  2.44539083e-05,
        4.79685401e-05,  1.39139025e-04,  3.28035977e-04,  3.11597308e-04,
        3.18689593e-04, -2.94178433e-05, -1.63598003e-05,  8.66227565e-05,
        5.60679953e-06,  5.02341463e-04,  1.72226342e-03,  2.04992819e-03,
        7.48429787e-04, -2.59008437e-04, -5.83991273e-04, -6.66557095e-04,
       -5.65399515e-04, -4.24527850e-04, -2.03043966e-04, -1.72754498e-05,
        8.42573471e-05,  1.84076561e-03,  8.72051648e-04,  5.57130619e-05,
       -4.25163142e-04, -3.82006492e-04,  2.34698348e-04,  1.10716247e-03,
        1.75328753e-03,  1.97067482e-03,  1.91379508e-03,  1.71089747e-03,
        1.51977443e-03,  1.41142544e-03,  1.32996799e-03,  1.30744279e-03,
        1.44858186e-03,  1.62628307e-03,  1.70148922e-03,  1.74442977e-03,
        1.72336300e-03,  1.57348667e-03,  1.47998720e-03,  1.44131731e-03,
        1.17019147e-03,  6.62469829e-04,  1.96343294e-04, -3.74723791e-05,
       -1.28354184e-04, -1.66804078e-04, -1.69788152e-04, -1.48849622e-04,
       -9.82535736e-05,  3.05944890e-05,  2.76820758e-04,  5.95668701e-04,
        9.05927020e-04,  9.73526023e-04,  5.69169029e-04, -8.33520197e-05,
       -5.06332055e-04, -5.67673559e-04, -3.91554816e-04, -9.13846369e-05,
        1.91250300e-04,  3.20437084e-04,  1.86117073e-04, -1.19472191e-04,
       -3.99466153e-04, -4.81483302e-04, -4.25061776e-04, -4.64083074e-04,
        3.01301044e-04,  2.33869552e-03,  3.36554440e-03,  2.34980237e-03,
        8.92482025e-04,  3.07452506e-05,  4.96358957e-05,  9.05800434e-04,
        1.69611509e-03,  1.47517935e-03,  5.68797776e-04, -1.49526509e-05,
       -7.33330834e-05, -9.94389207e-05, -8.53691274e-05,  2.47981012e-04,
        6.92467900e-04,  9.55986125e-04,  9.09601670e-04,  5.68145022e-04,
        9.74783105e-05, -1.91453561e-04, -4.46885539e-05,  4.73169273e-04,
        8.38986478e-04,  7.40071377e-04,  5.22779545e-04,  4.28432825e-04,
        3.72324812e-04,  2.61706106e-04,  9.19941781e-05, -9.94670285e-05,
       -2.25146318e-04, -1.31738880e-06,  6.88998992e-04,  1.41753333e-03,
        1.67400811e-03,  1.28579975e-03,  5.25219403e-04, -5.01875189e-05,
        1.47695297e-05,  5.06109857e-04,  1.03062277e-03,  1.54492179e-03,
        2.23158513e-03,  2.91261392e-03,  2.52997451e-03,  1.00014535e-03,
       -6.25544658e-05,  3.27978686e-05,  8.64037626e-04,  1.72616518e-03,
        2.02271152e-03,  1.57852864e-03,  6.67699465e-04, -1.64494289e-04,
       -4.24108304e-04,  3.85729284e-05,  1.09813279e-03,  2.19132019e-03,
        2.72190644e-03,  2.18050324e-03,  1.10264208e-03,  2.69784923e-04,
       -2.95360382e-05, -4.42736309e-05, -9.16853916e-05, -2.60388961e-04,
       -2.93259001e-04,  5.82517331e-05,  4.91758446e-04,  5.42843218e-04,
        2.60062042e-04, -1.42321323e-05,  4.88921916e-04,  2.32328167e-03,
        4.11491783e-03,  4.44638735e-03,  3.56239954e-03,  2.43537090e-03,
        1.45890721e-03,  5.96974262e-04,  9.06095988e-05,  3.70781076e-06,
        6.86240174e-05,  1.07256149e-04,  2.10003556e-04,  3.79192151e-04,
        4.27145060e-04,  3.35349919e-04,  1.71765108e-04, -1.11720517e-04,
       -4.01651673e-04, -3.24487073e-04,  1.15318539e-04,  5.05842265e-04,
        5.45093761e-04,  2.63493319e-04, -2.61377006e-04, -8.74537461e-04,
       -1.16350251e-03, -9.13649162e-04, -4.78632315e-04, -1.90721499e-04,
       -1.71965301e-06, -3.10174585e-05, -2.75173243e-04, -3.98263065e-04,
       -1.53479717e-04,  2.89679471e-04,  6.18233168e-04,  7.49374453e-04,
        7.04319674e-04,  4.88522078e-04,  2.31371348e-04,  8.75224157e-05,
        1.61548948e-05, -6.29927757e-05, -1.18627344e-04, -8.25943933e-05,
        5.32532083e-05,  2.65755356e-04,  4.46726351e-04,  4.85804237e-04,
        3.74006843e-04,  1.83070354e-04,  3.38088679e-05,  3.57673661e-06,
        7.94821213e-05,  1.84433165e-04,  2.36455971e-04,  2.12175219e-04,
        1.39945605e-04,  5.92691075e-05, -6.27059850e-05, -2.57588211e-04,
       -4.05526199e-04, -3.55677085e-04, -1.43094445e-04,  1.25619147e-05,
       -2.99526708e-05, -1.39190512e-04, -1.74801131e-04, -1.23899545e-04,
       -1.19803296e-04, -1.44565622e-04, -1.25180010e-04, -3.39892045e-05,
        4.01458112e-05,  2.41049578e-05, -2.44536649e-05,  3.14526903e-05,
        1.98288487e-04,  4.80018504e-04,  7.23315937e-04,  8.18527943e-04,
        6.77635143e-04,  4.05086134e-04,  1.70251737e-04,  4.43658969e-05,
        8.31775148e-06,  2.56529273e-06, -7.67931467e-08,  3.17754306e-06,
        3.56082402e-05,  1.30275702e-04,  2.87652378e-04,  4.88124145e-04,
        7.74594560e-04,  1.21853094e-03,  1.68413292e-03,  1.73082484e-03,
        1.03916988e-03,  1.77924668e-04,  9.60146218e-05,  1.17899886e-03,
        3.36932686e-03,  6.25418567e-03,  8.31352854e-03,  7.55754153e-03,
        4.37427856e-03,  1.38182622e-03,  4.25527697e-05,  1.92292766e-04,
        8.13237449e-04,  1.04155807e-03]), 'importances_std': array([4.37229586e-04, 2.25518508e-04, 1.41144102e-05, 2.23404349e-04,
       3.31463447e-04, 2.81886115e-04, 1.34206545e-04, 1.38357202e-05,
       1.64675492e-05, 6.72076501e-05, 2.11667536e-04, 5.12070950e-04,
       7.94732676e-04, 7.75492810e-04, 4.03128349e-04, 2.12392316e-04,
       7.42814979e-04, 1.02314344e-03, 1.20991914e-03, 1.26525861e-03,
       1.16776305e-03, 9.38461854e-04, 6.48386371e-04, 2.88557458e-04,
       9.19983293e-05, 2.50414441e-04, 2.52002795e-04, 2.51465986e-04,
       3.76804714e-05, 2.20091428e-04, 1.67614765e-04, 8.62246411e-05,
       2.53849772e-04, 4.40966337e-04, 3.78617418e-04, 1.90746605e-04,
       9.87340699e-05, 1.07570482e-04, 1.50256979e-04, 1.74383065e-04,
       1.55722544e-04, 2.15421629e-05, 2.03597753e-04, 3.05798135e-04,
       2.82101452e-04, 3.29864291e-04, 3.97973406e-04, 3.47521653e-04,
       2.38042592e-04, 1.05021175e-04, 1.38856903e-05, 2.71694265e-05,
       2.92201463e-05, 1.53742993e-05, 1.63429704e-04, 4.45936593e-04,
       7.00241705e-04, 6.99314011e-04, 5.87193486e-04, 9.14904958e-04,
       1.30551007e-03, 1.27249650e-03, 7.77606707e-04, 2.24508011e-04,
       4.69395917e-05, 1.19733411e-04, 8.98718160e-05, 1.34240886e-04,
       1.18592290e-04, 1.15747729e-04, 2.29733739e-04, 3.30459226e-04,
       3.30525747e-04, 2.81351620e-04, 2.88774850e-04, 3.21612467e-04,
       2.74851088e-04, 1.69374174e-04, 8.47110277e-05, 2.22054015e-05,
       2.21079733e-05, 2.46613708e-05, 8.13330597e-06, 6.09260902e-05,
       1.13532373e-04, 9.01605462e-05, 1.10925509e-05, 2.90454099e-05,
       5.53100408e-05, 1.72361870e-03, 1.58335027e-03, 1.30765564e-03,
       1.19108552e-03, 1.53673030e-03, 1.65914936e-03, 1.55430080e-03,
       1.08894743e-03, 5.11687169e-04, 3.37129579e-06, 3.83367463e-04,
       7.04936160e-04, 9.48153101e-04, 1.01667376e-03, 1.20648919e-03,
       1.52932464e-03, 1.61026330e-03, 1.36601395e-03, 1.03690148e-03,
       1.00799922e-03, 1.51733939e-03, 3.07810471e-03, 4.66233136e-03,
       5.11777641e-03, 4.51294890e-03, 2.95738878e-03, 1.83120272e-03,
       1.20149562e-03, 6.88975792e-04, 4.06666342e-04, 6.86658795e-04,
       1.10064265e-03, 1.11100844e-03, 4.40439314e-04, 5.34264527e-04,
       1.56261190e-03, 1.45800273e-03, 4.03655650e-04, 4.58879188e-04,
       4.15944968e-04, 1.46650205e-04, 4.43291327e-05, 1.35729884e-05,
       2.12791956e-04, 7.05400269e-04, 1.01989850e-03, 8.25961152e-04,
       8.26711099e-04, 1.00476667e-03, 1.34712768e-03, 1.44389561e-03,
       1.19379676e-03, 9.73575563e-04, 6.17702554e-04, 4.68891126e-04,
       2.56214225e-04, 6.69019851e-04, 1.14887988e-03, 9.30466665e-04,
       4.04253726e-04, 1.15388224e-04, 4.66424160e-05, 1.60257571e-04,
       2.11522037e-04, 4.93208638e-04, 8.04802695e-04, 8.12175853e-04,
       5.85243155e-04, 3.31571809e-04, 1.61170126e-05, 6.62152122e-05,
       4.17618291e-06, 2.89973037e-04, 9.55150602e-04, 1.18733142e-03,
       5.18603789e-04, 5.86237191e-04, 8.80902692e-04, 1.26437386e-03,
       1.29348569e-03, 9.23899256e-04, 3.98296365e-04, 2.54512581e-05,
       7.41503196e-05, 6.00259181e-04, 7.59792805e-04, 8.19619828e-04,
       6.73447192e-04, 3.17522464e-04, 1.31172168e-04, 4.67329366e-04,
       6.05618226e-04, 6.00625544e-04, 5.25624721e-04, 4.80459638e-04,
       5.66601725e-04, 7.98176386e-04, 1.07650640e-03, 1.32450953e-03,
       1.53037820e-03, 1.68664482e-03, 1.77112274e-03, 1.75598907e-03,
       1.60539650e-03, 1.33209375e-03, 1.02693193e-03, 7.72778809e-04,
       5.58409287e-04, 3.14830969e-04, 9.78401049e-05, 2.03409424e-05,
       6.87220139e-05, 8.56244016e-05, 9.76816717e-05, 1.21500868e-04,
       1.73827334e-04, 2.70661247e-04, 4.23131932e-04, 6.32202407e-04,
       8.67000454e-04, 1.06054140e-03, 1.11973413e-03, 1.01816598e-03,
       8.13133649e-04, 6.28793684e-04, 5.37181729e-04, 5.04315733e-04,
       4.68146306e-04, 3.85900100e-04, 1.83353776e-04, 1.14852278e-04,
       4.53059902e-04, 8.30043175e-04, 1.05867118e-03, 7.25218299e-04,
       2.35067265e-04, 1.20455948e-03, 1.46606827e-03, 1.01076121e-03,
       5.69054838e-04, 4.00164523e-04, 6.66415329e-05, 7.19758204e-04,
       1.11614430e-03, 9.94060263e-04, 4.89263763e-04, 2.29350130e-05,
       2.94806578e-04, 3.08444783e-04, 1.08457772e-04, 2.16239144e-04,
       5.51703783e-04, 7.69415854e-04, 8.48336906e-04, 8.14624300e-04,
       6.66586411e-04, 4.04892149e-04, 4.70453158e-05, 4.04295975e-04,
       7.41303685e-04, 8.62219454e-04, 9.08880996e-04, 9.42913808e-04,
       8.76084073e-04, 6.25674627e-04, 2.21507952e-04, 2.39061530e-04,
       6.72284577e-04, 1.06414182e-03, 1.39015786e-03, 1.55769280e-03,
       1.55676083e-03, 1.42571603e-03, 1.14491627e-03, 6.19290025e-04,
       2.52592455e-05, 4.63543978e-04, 5.76144121e-04, 5.81732698e-04,
       9.41323780e-04, 1.44322740e-03, 1.52115961e-03, 8.89065863e-04,
       1.16915634e-04, 9.80982592e-04, 1.42919751e-03, 1.51053940e-03,
       1.34056597e-03, 9.73189248e-04, 4.44464103e-04, 1.30855949e-04,
       4.50324720e-04, 4.08720511e-04, 6.51274933e-04, 1.24952619e-03,
       1.73831136e-03, 1.77341985e-03, 1.34249103e-03, 7.18679514e-04,
       2.35908643e-04, 4.44541934e-05, 5.60311246e-05, 3.00907060e-04,
       8.08963707e-04, 1.32978485e-03, 1.56839468e-03, 1.30154018e-03,
       7.27501902e-04, 1.83092208e-04, 6.94501814e-04, 1.90299374e-03,
       2.69150301e-03, 2.68686646e-03, 2.17298462e-03, 1.59939572e-03,
       1.12839862e-03, 6.62507165e-04, 2.29675407e-04, 3.04187480e-05,
       1.02828994e-04, 8.09253592e-05, 1.09090864e-04, 1.83641193e-04,
       2.44399844e-04, 2.62129828e-04, 2.67635020e-04, 2.91183326e-04,
       4.60461247e-04, 9.28137281e-04, 1.42662551e-03, 1.51874627e-03,
       1.02756741e-03, 2.94507123e-04, 1.33966607e-04, 4.42192619e-04,
       1.04286743e-03, 1.41228479e-03, 1.22446499e-03, 6.00118383e-04,
       6.70707024e-06, 2.35852267e-04, 2.12692662e-04, 1.31046193e-04,
       4.01637824e-05, 7.53479773e-05, 1.66225838e-04, 1.97901221e-04,
       2.48659640e-04, 3.94206466e-04, 5.16701045e-04, 5.16299639e-04,
       4.13570271e-04, 2.78694202e-04, 1.59971042e-04, 6.32190052e-05,
       2.85664695e-05, 1.10531766e-04, 1.55358077e-04, 1.71499936e-04,
       1.47559419e-04, 8.69784644e-05, 3.03355264e-05, 1.30442380e-05,
       6.25214453e-05, 1.19865849e-04, 1.56194407e-04, 1.62511690e-04,
       1.57698578e-04, 1.84905245e-04, 2.53121774e-04, 3.11996887e-04,
       2.84427356e-04, 1.72414231e-04, 8.35002053e-05, 2.53594110e-05,
       2.26291463e-04, 4.69214965e-04, 6.52220758e-04, 6.80987344e-04,
       5.38723640e-04, 2.93691308e-04, 1.21092602e-04, 2.80011678e-05,
       4.28180224e-05, 7.46144011e-05, 5.41720449e-05, 2.47754525e-05,
       1.55481248e-04, 2.08756212e-04, 2.07247748e-04, 1.75995154e-04,
       1.48721754e-04, 1.00967226e-04, 5.06073298e-05, 1.87219072e-05,
       5.88279684e-06, 2.88900020e-06, 9.48863896e-08, 2.85606090e-06,
       1.85582836e-05, 4.76290000e-05, 1.20153948e-04, 2.29313910e-04,
       3.87013065e-04, 6.08813594e-04, 7.86113243e-04, 7.67193724e-04,
       5.09669216e-04, 1.68383250e-04, 7.80958233e-05, 5.31389405e-04,
       1.25865938e-03, 1.89948218e-03, 2.11665717e-03, 1.80843351e-03,
       1.13775637e-03, 4.87948991e-04, 4.08550589e-05, 2.81001721e-04,
       4.57636241e-04, 4.28975613e-04]), 'importances': array([[ 1.16994343e-03,  1.09293179e-03,  3.63913180e-04, ...,
         7.03351318e-04,  2.45156577e-04,  8.61423441e-04],
       [ 5.09403989e-04,  5.21240445e-04,  3.28224038e-04, ...,
         2.10097829e-04,  1.54517950e-04,  4.13264121e-04],
       [-1.55024586e-05, -2.12260850e-05, -1.95363916e-05, ...,
        -2.30147788e-06, -6.12876835e-06, -1.17848188e-05],
       ...,
       [ 6.74127115e-04,  4.35255352e-04,  3.22052486e-04, ...,
         1.85764365e-04, -2.86887539e-04,  1.07764363e-05],
       [ 1.29120625e-03,  1.32620668e-03,  1.09859652e-03, ...,
         8.15672518e-04,  1.32460306e-04,  6.48022903e-04],
       [ 1.18494647e-03,  1.65439656e-03,  1.31957707e-03, ...,
         1.06942391e-03,  6.56843367e-04,  9.12240682e-04]])}","[-2.42992336e-05 -1.19906394e-04  1.15056132e-05  1.83291341e-04
  1.96672754e-04  7.01377039e-05 -2.00588687e-05 -7.64081390e-06
  1.37570318e-05 -4.91875047e-05 -8.38130838e-08  2.09592640e-04
  2.93363921e-04  2.66406123e-04  9.33217673e-05  1.01237476e-06
  1.74791690e-04  4.05017335e-04  4.68759182e-04  2.05518926e-04
 -1.13906749e-04 -2.19806151e-04 -1.99773480e-04 -8.35361460e-05
  1.39468462e-05 -2.03107739e-05 -8.95738832e-05 -1.36970270e-04
 -2.45039733e-05  1.76868714e-04  2.03782309e-04  1.61006205e-04
  2.26960667e-04  2.89202061e-04  1.36366688e-04  5.50680446e-06
  7.46680691e-06  4.72816696e-05  8.05374674e-05  2.37768450e-05
 -5.58337725e-05 -1.50247557e-05  1.87119742e-04  3.00491528e-04
  2.69481616e-04  3.70485718e-04  5.60789749e-04  4.81549525e-04
  2.37017779e-04  5.78109010e-05  2.33823497e-06 -1.13592146e-06
 -5.41041102e-06  1.06683248e-05  1.76720232e-04  5.07124472e-04
  5.03661175e-04 -2.38682080e-05 -3.40993989e-04 -1.46483244e-04
  1.91007060e-04  4.04707682e-04  3.37720653e-04  1.06587322e-04
 -2.55204091e-05 -1.00922270e-04 -1.31223846e-04 -1.08310493e-05
  6.72156880e-05  8.64466262e-05  1.45851833e-04  1.38380101e-04
  1.60343834e-04  2.53341149e-04  3.31005626e-04  3.31899737e-04
  1.78047221e-04 -2.11747874e-05 -8.37274924e-05 -2.30709949e-05
  9.77184956e-06 -5.99729190e-06  9.47077789e-06  1.38573626e-04
  3.25699270e-04  2.32893165e-04  1.37640448e-05  3.98487968e-05
  1.34619856e-04  4.24441650e-03  3.76639507e-03  2.73939524e-03
  3.09443794e-04 -2.17152063e-03 -3.20941190e-03 -2.18846117e-03
 -3.26189143e-04  5.11825009e-04  6.47781098e-06 -9.45837492e-04
 -1.86728809e-03 -1.59123717e-03  1.14856566e-03  2.88956919e-03
  3.17796948e-03  2.33221342e-03  8.00638629e-04 -2.38646274e-04
 -6.23535883e-04 -2.07434177e-04  2.68403145e-03  6.41916681e-03
  7.71522595e-03  7.33546063e-03  4.55945658e-03  7.12756250e-04
 -1.17255156e-03 -1.20818804e-03 -4.06011297e-04  7.06782571e-04
  2.02349787e-03  2.06969379e-03  5.95438415e-04  7.66767977e-05
  1.87617780e-03  2.33806980e-03  6.85538878e-04 -5.95794047e-04
 -1.93571428e-04 -1.98516520e-05 -9.89063722e-06 -3.02351318e-06
  1.02883569e-04  8.86320151e-04  1.84466040e-03  1.60008927e-03
  1.00439016e-03  2.59997436e-04 -7.95041580e-04 -1.64288237e-03
 -1.09570274e-03  5.06705004e-04  3.05900221e-04 -3.29299726e-04
  3.91005520e-04  1.46445143e-03  2.60403797e-03  2.08574297e-03
  8.72586142e-05 -1.84569762e-04  1.13290793e-04  4.31251341e-04
  4.80084760e-04  5.06617164e-04  1.03923350e-04 -4.90447973e-04
 -5.94506934e-04 -3.19336995e-04 -1.90528926e-05  7.79001364e-05
  1.99418918e-06 -4.85551652e-06  4.59240155e-04  1.38208565e-03
  1.09447743e-03 -9.64951645e-05 -8.67897152e-04 -1.43809366e-03
 -1.38458934e-03 -8.74195971e-04 -3.09887091e-04 -1.34969293e-05
  4.93103271e-06 -3.81075499e-04 -9.45918313e-04 -1.12722460e-03
 -9.54225953e-04 -4.89903560e-04  2.30147507e-04  9.05914377e-04
  1.19687322e-03  1.12195810e-03  8.57032796e-04  5.10487939e-04
  1.15409208e-04 -3.91193418e-04 -9.56981190e-04 -1.34662656e-03
 -1.39081655e-03 -1.08090813e-03 -4.54503133e-04  3.04448400e-04
  1.02735332e-03  1.56216950e-03  1.77345956e-03  1.65519443e-03
  1.28505629e-03  7.45867353e-04  2.33202257e-04 -4.08338394e-05
 -8.96487611e-05 -5.35203580e-05 -1.36784733e-05  1.93694105e-05
  5.49789243e-05  1.16511193e-04  1.69694736e-04  1.04558688e-04
 -1.02916359e-04 -3.33175349e-04 -4.18829424e-04 -3.54702616e-04
 -2.73487820e-04 -2.29076154e-04 -1.89582623e-04 -1.05426141e-04
  5.51444329e-05  2.02576871e-04  1.54668810e-04 -1.21414676e-04
 -5.21350124e-04 -9.09966750e-04 -1.07552210e-03 -7.39955606e-04
  2.68403685e-04  1.69543348e-03  2.68988710e-03  2.47302136e-03
  1.43902807e-03  4.11027939e-04 -3.06088123e-06  4.48487459e-04
  1.33046446e-03  1.70733445e-03  1.07549304e-03 -5.88852476e-05
 -7.58140250e-04 -6.10588030e-04 -1.21810713e-04  6.53605003e-05
 -1.90620599e-04 -6.10493244e-04 -8.22806134e-04 -7.75950110e-04
 -6.10470162e-04 -3.88053525e-04 -4.17640693e-05  2.97778637e-04
  3.84969802e-04  8.97841767e-05 -4.19021392e-04 -6.76468225e-04
 -5.90610662e-04 -3.48458184e-04 -9.24185817e-05  3.68767530e-05
 -2.42146530e-04 -1.09067202e-03 -2.09994290e-03 -2.72618365e-03
 -2.69023614e-03 -1.92711145e-03 -8.85516094e-04 -1.95285114e-04
  1.74540963e-07 -1.47886549e-04 -3.98052675e-04 -3.89384598e-04
  1.01308586e-04  8.48266138e-04  1.23204747e-03  8.09766915e-04
 -1.04126529e-04 -6.59853889e-04 -4.15315739e-04  1.43344429e-04
  5.56976273e-04  6.86470242e-04  4.15119457e-04 -1.34722819e-04
 -4.20825054e-04 -2.03964010e-04  1.09046082e-04  1.14254077e-04
 -1.47405318e-04 -4.11745043e-04 -4.30610898e-04 -2.80213392e-04
 -1.19021901e-04 -2.97876313e-05 -3.08728884e-06  1.58353194e-04
  6.87240832e-04  1.50166666e-03  2.24980837e-03  2.42233048e-03
  1.66516700e-03  3.36244535e-04 -6.77138661e-04 -7.71164914e-04
 -3.02377383e-05  8.37403398e-04  1.41070689e-03  1.73017989e-03
  1.84340112e-03  1.49205021e-03  6.30664585e-04 -8.76955460e-05
 -2.71069273e-04 -1.53304360e-04 -5.16516724e-05  1.86737943e-04
  4.31749215e-04  4.71100031e-04  3.10723083e-04 -2.73521464e-04
 -1.67151598e-03 -3.58861129e-03 -4.91842936e-03 -4.60110338e-03
 -2.77931237e-03 -7.37941249e-04  2.85030682e-04  1.34341733e-07
 -9.24983897e-04 -1.67123849e-03 -1.68157906e-03 -9.40933116e-04
 -1.22198243e-05  5.46801986e-04  6.41030189e-04  4.13083292e-04
  9.48510554e-05 -1.22279283e-04 -2.03124577e-04 -2.18996806e-04
 -2.30410496e-04 -2.53668819e-04 -2.92707048e-04 -3.50066213e-04
 -3.44499730e-04 -2.75324259e-04 -1.81690824e-04 -6.73606148e-05
  2.20390962e-05  6.40253785e-05  6.54387129e-05  2.55631945e-05
 -1.08840240e-05 -1.88828923e-05 -7.89551458e-06  2.82603139e-06
  5.55211574e-06 -2.61242939e-05 -9.30799872e-05 -1.45192522e-04
 -1.95889743e-04 -3.18124347e-04 -5.57322714e-04 -8.09444970e-04
 -8.68595228e-04 -6.55434906e-04 -2.83721790e-04  4.26210284e-05
  1.07925848e-04 -1.58294997e-04 -6.13689391e-04 -1.03113715e-03
 -1.10034455e-03 -8.12959058e-04 -4.03565970e-04 -7.81260898e-05
  8.48351294e-05  9.11322718e-05  3.07529514e-05 -2.51186288e-06
  2.27868472e-05  1.17896056e-04  2.00480576e-04  2.28937368e-04
  1.90708246e-04  9.64236781e-05  8.29770194e-06 -1.23247861e-05
 -4.89941068e-06 -2.04907076e-06  7.71523368e-08 -3.35483751e-06
 -3.14092846e-05 -8.13118870e-05 -1.06146266e-04 -1.18736660e-04
 -1.51011478e-04 -1.38817388e-04 -5.92332792e-05  5.55303011e-05
  7.33121550e-05 -2.68089643e-05  6.62753249e-05  4.47754745e-04
  9.23084336e-04  1.16933333e-03  1.02297852e-03  6.52933077e-04
  2.07276154e-04 -5.67398417e-05 -1.38609791e-05  1.07235132e-04
  1.77067292e-04  2.21496015e-04]","[-9.55953321e-05 -1.26037989e-04  1.21452886e-05  2.18154976e-04
  2.24391499e-04  5.26034238e-05 -2.98221154e-05 -7.06903217e-06
  1.09791785e-05 -3.76853807e-05  2.75083540e-06  2.73472685e-04
  6.35396643e-04  8.26155636e-04  4.99541508e-04 -2.85380026e-04
 -1.11415434e-03 -1.59250207e-03 -1.25802026e-03 -1.53812420e-04
  7.09576332e-04  9.83846088e-04  9.20778014e-04  4.79321565e-04
 -1.54606716e-04 -3.94621475e-04 -3.61367976e-04 -3.26839927e-04
 -4.76628142e-05  3.18667019e-04  3.24672884e-04  9.88422225e-05
 -2.16033451e-04 -6.39167527e-04 -7.41749075e-04 -4.54335775e-04
 -2.40152096e-04 -2.49829246e-04 -2.57509068e-04 -1.38642802e-04
 -3.13740708e-05 -2.81640515e-06  8.74272313e-05  2.67959617e-04
  3.88409081e-04  6.32480960e-04  9.84002746e-04  9.68338508e-04
  5.55742961e-04  1.53426744e-04  1.26204232e-05  3.00569413e-05
  7.26761636e-05 -5.56776919e-05 -4.66237082e-04 -1.02951392e-03
 -1.18622572e-03 -3.96130811e-04  1.04769236e-03  2.51060651e-03
  3.31293283e-03  2.90241056e-03  1.60717005e-03  4.14047801e-04
 -7.17664234e-05 -1.17787899e-04  1.00133170e-04  3.50976044e-04
  2.57774633e-04  2.10660025e-04  3.24732633e-04  3.20959520e-04
  2.50454104e-04  2.31842467e-04  2.58580598e-04  3.21366262e-04
  3.26367620e-04  2.50088212e-04  1.49551752e-04  3.40946799e-05
 -2.07917328e-05 -1.75530091e-05  7.43191610e-06  6.92080025e-05
  1.17600697e-04  4.08157068e-05 -1.23385042e-05  9.61922149e-05
  1.60275831e-04 -2.49407215e-03 -2.25081136e-03 -1.61154860e-03
 -5.03525582e-04  3.33871429e-04  3.57670957e-04 -4.00751954e-04
 -1.00056741e-03 -7.51004848e-04 -4.94786506e-06  4.37397407e-04
  5.03445647e-04  2.01554005e-04  3.06148075e-04  1.15868638e-03
  1.54878513e-03  1.31616977e-03  9.83021160e-04  8.25698113e-04
  7.52514462e-04  1.74929231e-04 -2.13974437e-03 -5.65424856e-03
 -8.14590460e-03 -7.76591368e-03 -4.37489471e-03 -1.27066605e-03
 -3.93386571e-04 -4.61065630e-04 -5.98874430e-04 -8.43847875e-04
 -1.38857473e-03 -1.55490410e-03 -5.93195451e-04  3.13804389e-04
 -1.54737490e-04 -7.28457875e-04 -3.11751675e-04  4.53184117e-04
  5.56894637e-04  2.46066433e-04  7.82621083e-05  2.32014099e-05
 -2.58920265e-04 -5.38146068e-04 -6.93435850e-04 -4.77561528e-04
 -2.99857798e-04 -1.58873842e-04  1.16546767e-04 -8.59645386e-06
 -1.15520831e-03 -2.08379805e-03 -9.72567638e-04  1.00932808e-04
 -2.07287874e-04 -8.09556368e-04 -1.71385178e-03 -1.65033083e-03
 -2.95818650e-04  3.83054645e-05 -4.11455483e-05 -2.15738653e-04
 -3.12740145e-04 -4.47029086e-04 -2.98353672e-04  8.23169065e-05
  2.07407840e-04  2.24619935e-04  1.94332452e-05 -9.50831474e-05
 -5.21631103e-06 -2.81177165e-04 -8.77827193e-04 -1.39092580e-03
 -8.79887997e-04  6.71006560e-05  6.24068341e-04  1.07341558e-03
  1.03477220e-03  5.89251038e-04  1.47261941e-04 -6.18422640e-07
  3.06549123e-05 -2.15659072e-03 -1.74699771e-03 -1.16521383e-03
 -5.99176665e-04 -1.89981479e-04  5.20696709e-05  6.44802679e-05
 -1.47488422e-04 -4.43035292e-04 -7.94827362e-04 -1.18626670e-03
 -1.55840364e-03 -1.82978571e-03 -1.95851322e-03 -1.98410790e-03
 -1.95548024e-03 -1.77672200e-03 -1.41658688e-03 -1.04277636e-03
 -7.36313449e-04 -4.47024174e-04 -3.00808166e-04 -2.84416487e-04
 -1.66554461e-04  7.71875113e-06  5.47367451e-05 -2.13015281e-05
 -7.59077989e-05 -7.93938814e-05 -9.20235128e-05 -1.37740932e-04
 -2.25143788e-04 -3.65740439e-04 -5.29298415e-04 -6.28965117e-04
 -5.96124479e-04 -3.77430294e-04 -1.42868233e-05  3.70514618e-04
  5.88031831e-04  6.04604387e-04  5.26198277e-04  4.25002748e-04
  3.02610541e-04  1.40219471e-04  3.33919019e-05 -6.16499081e-06
  4.58077245e-05  2.37581416e-04  4.13120967e-04  2.75192040e-04
 -7.00988025e-05 -1.83906103e-04  2.10512621e-04  8.19407435e-04
  1.01138010e-03  5.92990276e-04 -6.52366608e-05 -4.00435459e-04
 -1.74225378e-04  2.28709648e-04  2.95329395e-04 -2.13591105e-05
 -2.77961428e-04 -1.16582677e-04  4.67973664e-05 -2.04681846e-04
 -5.96435955e-04 -7.54622762e-04 -5.28399399e-04 -4.32499144e-05
  3.67700502e-04  3.91870579e-04  5.26356542e-05 -4.42762683e-04
 -7.67084879e-04 -8.78299967e-04 -9.76569266e-04 -9.56749100e-04
 -7.30719420e-04 -3.90086077e-04 -7.57507298e-05 -1.46685448e-05
 -3.98436868e-04 -1.26852025e-03 -2.37404360e-03 -3.26190711e-03
 -3.52828587e-03 -2.93319912e-03 -1.66067050e-03 -4.22660170e-04
 -2.25536902e-06 -4.58607520e-04 -1.29132277e-03 -1.98517843e-03
 -2.29946703e-03 -2.23677619e-03 -1.68891330e-03 -7.37814390e-04
  7.33890197e-05  4.91121908e-04  5.73534006e-04  3.74587008e-04
  1.44275317e-04  6.14701787e-05  1.16449415e-05  2.02640084e-05
  2.45721667e-04  5.60074487e-04  8.36167588e-04  1.14699363e-03
  1.40706945e-03  1.22430951e-03  7.24036585e-04  2.58121961e-04
  1.88255277e-05 -2.53195415e-05 -5.13890677e-05 -8.01380704e-05
  8.68482666e-05  5.40388288e-04  1.25410101e-03  1.92640462e-03
  1.82194330e-03  4.71044597e-04 -1.07429838e-03 -1.40870606e-03
 -5.37443010e-04  6.65647886e-04  1.49031408e-03  1.86082304e-03
  1.90634113e-03  1.44866098e-03  5.78862890e-04 -7.90845786e-05
 -2.50078883e-04 -1.64874252e-04 -1.34313911e-04 -3.46647813e-05
  1.11012249e-04  1.35644073e-04  2.15680831e-05 -3.15458775e-04
 -1.02496964e-03 -1.90148776e-03 -2.42058372e-03 -2.21787257e-03
 -1.36929033e-03 -3.98032326e-04  2.13161239e-04  3.30864637e-04
  7.63738777e-05 -2.89643295e-04 -4.95090434e-04 -3.95228065e-04
 -7.39655490e-06  4.76213099e-04  7.87543354e-04  6.76219750e-04
  1.93917312e-04 -2.92101389e-04 -5.14273790e-04 -5.31228118e-04
 -4.10872261e-04 -1.06836033e-04  1.79760461e-04  1.75713657e-04
  4.71391298e-05  1.56692707e-06  1.77586599e-05  2.00164647e-05
 -1.09534994e-05 -2.52234107e-05 -3.24516413e-05 -6.33879634e-05
 -8.08422847e-05 -5.31786725e-05 -2.57706674e-06 -1.23627604e-05
 -1.06992663e-04 -2.38959592e-04 -3.42699727e-04 -3.74077522e-04
 -3.61312014e-04 -3.76543322e-04 -4.00376702e-04 -3.26779790e-04
 -1.90215265e-04 -1.04057544e-04 -5.62774318e-05  1.39018035e-05
  6.55751600e-05 -2.58630742e-05 -2.95281256e-04 -6.72987334e-04
 -8.76965476e-04 -7.94064352e-04 -4.36753496e-04 -7.74339712e-05
  6.30815836e-05  4.50573016e-05  1.12648575e-05 -1.32656362e-06
  5.25563695e-06 -6.96560684e-05 -1.62715643e-04 -2.74371060e-04
 -2.92998248e-04 -2.17073962e-04 -1.17132874e-04 -3.69485186e-05
 -7.43488703e-06 -2.45195181e-06  9.34403263e-08 -4.34077023e-06
 -4.34176849e-05 -1.34084977e-04 -2.67923676e-04 -4.50399037e-04
 -6.91118191e-04 -9.62800446e-04 -1.16346411e-03 -1.13150888e-03
 -7.47355578e-04 -2.18024220e-04  1.79222435e-05 -3.30969323e-04
 -1.23369472e-03 -2.60017445e-03 -3.87622521e-03 -3.93856512e-03
 -2.63617305e-03 -1.05338747e-03 -5.53871675e-05  9.17087046e-05
 -1.79114345e-04 -3.51645763e-04]","[-7.12960985e-05 -6.13159492e-06  6.39675432e-07  3.48636351e-05
  2.77187456e-05 -1.75342801e-05 -9.76324675e-06  5.71781738e-07
 -2.77785331e-06  1.15021240e-05  2.83464848e-06  6.38800445e-05
  3.42032722e-04  5.59749513e-04  4.06219740e-04 -2.86392401e-04
 -1.28894603e-03 -1.99751941e-03 -1.72677944e-03 -3.59331347e-04
  8.23483081e-04  1.20365224e-03  1.12055149e-03  5.62857711e-04
 -1.68553562e-04 -3.74310701e-04 -2.71794093e-04 -1.89869657e-04
 -2.31588409e-05  1.41798305e-04  1.20890575e-04 -6.21639824e-05
 -4.42994119e-04 -9.28369588e-04 -8.78115763e-04 -4.59842579e-04
 -2.47618903e-04 -2.97110916e-04 -3.38046535e-04 -1.62419647e-04
  2.44597017e-05  1.22083505e-05 -9.96925104e-05 -3.25319113e-05
  1.18927465e-04  2.61995242e-04  4.23212997e-04  4.86788983e-04
  3.18725183e-04  9.56158428e-05  1.02821883e-05  3.11928628e-05
  7.80865746e-05 -6.63460166e-05 -6.42957314e-04 -1.53663839e-03
 -1.68988690e-03 -3.72262603e-04  1.38868635e-03  2.65708975e-03
  3.12192577e-03  2.49770288e-03  1.26944940e-03  3.07460479e-04
 -4.62460143e-05 -1.68656289e-05  2.31357016e-04  3.61807093e-04
  1.90558945e-04  1.24213399e-04  1.78880800e-04  1.82579419e-04
  9.01102710e-05 -2.14986817e-05 -7.24250275e-05 -1.05334748e-05
  1.48320399e-04  2.71263000e-04  2.33279244e-04  5.71656748e-05
 -3.05635823e-05 -1.15557173e-05 -2.03886180e-06 -6.93656233e-05
 -2.08098573e-04 -1.92077459e-04 -2.61025490e-05  5.63434181e-05
  2.56559747e-05 -6.73848866e-03 -6.01720644e-03 -4.35094384e-03
 -8.12969376e-04  2.50539205e-03  3.56708285e-03  1.78770922e-03
 -6.74378272e-04 -1.26282986e-03 -1.14256760e-05  1.38323490e-03
  2.37073374e-03  1.79279118e-03 -8.42417583e-04 -1.73088282e-03
 -1.62918435e-03 -1.01604365e-03  1.82382532e-04  1.06434439e-03
  1.37605034e-03  3.82363408e-04 -4.82377581e-03 -1.20734154e-02
 -1.58611306e-02 -1.51013743e-02 -8.93435129e-03 -1.98342230e-03
  7.79164994e-04  7.47122407e-04 -1.92863134e-04 -1.55063045e-03
 -3.41207260e-03 -3.62459789e-03 -1.18863387e-03  2.37127591e-04
 -2.03091529e-03 -3.06652768e-03 -9.97290553e-04  1.04897816e-03
  7.50466065e-04  2.65918085e-04  8.81527455e-05  2.62249231e-05
 -3.61803834e-04 -1.42446622e-03 -2.53809625e-03 -2.07765079e-03
 -1.30424796e-03 -4.18871278e-04  9.11588347e-04  1.63428592e-03
 -5.95055672e-05 -2.59050306e-03 -1.27846786e-03  4.30232534e-04
 -5.98293394e-04 -2.27400780e-03 -4.31788975e-03 -3.73607380e-03
 -3.83077265e-04  2.22875227e-04 -1.54436342e-04 -6.46989994e-04
 -7.92824905e-04 -9.53646250e-04 -4.02277022e-04  5.72764880e-04
  8.01914774e-04  5.43956930e-04  3.84861379e-05 -1.72983284e-04
 -7.21050021e-06 -2.76321648e-04 -1.33706735e-03 -2.77301145e-03
 -1.97436543e-03  1.63595821e-04  1.49196549e-03  2.51150924e-03
  2.41936153e-03  1.46344701e-03  4.57149033e-04  1.28785066e-05
  2.57238796e-05 -1.77551522e-03 -8.01079392e-04 -3.79892316e-05
  3.55049288e-04  2.99922081e-04 -1.78077836e-04 -8.41434109e-04
 -1.34436164e-03 -1.56499340e-03 -1.65186016e-03 -1.69675464e-03
 -1.67381285e-03 -1.43859229e-03 -1.00153203e-03 -6.37481341e-04
 -5.64663691e-04 -6.95813873e-04 -9.62083745e-04 -1.34722476e-03
 -1.76366677e-03 -2.00919368e-03 -2.07426772e-03 -1.93961092e-03
 -1.45161076e-03 -7.38148602e-04 -1.78465512e-04  1.95323113e-05
  1.37409622e-05 -2.58735234e-05 -7.83450395e-05 -1.57110342e-04
 -2.80122712e-04 -4.82251632e-04 -6.98993151e-04 -7.33523805e-04
 -4.93208120e-04 -4.42549457e-05  4.04542600e-04  7.25217234e-04
  8.61519652e-04  8.33680541e-04  7.15780900e-04  5.30428889e-04
  2.47466108e-04 -6.23573991e-05 -1.21276908e-04  1.15249685e-04
  5.67157848e-04  1.14754817e-03  1.48864307e-03  1.01514765e-03
 -3.38502487e-04 -1.87933958e-03 -2.47937448e-03 -1.65361393e-03
 -4.27647965e-04  1.81962337e-04 -6.21757795e-05 -8.48922918e-04
 -1.50468984e-03 -1.47862480e-03 -7.80163645e-04  3.75261371e-05
  4.80178822e-04  4.94005353e-04  1.68608080e-04 -2.70042347e-04
 -4.05815356e-04 -1.44129518e-04  2.94406735e-04  7.32700196e-04
  9.78170664e-04  7.79924104e-04  9.43997235e-05 -7.40541320e-04
 -1.15205468e-03 -9.68084144e-04 -5.57547874e-04 -2.80280875e-04
 -1.40108758e-04 -4.16278931e-05  1.66678519e-05 -5.15452978e-05
 -1.56290338e-04 -1.77848229e-04 -2.74100700e-04 -5.35723459e-04
 -8.38049726e-04 -1.00608767e-03 -7.75154401e-04 -2.27375056e-04
 -2.42990998e-06 -3.10720971e-04 -8.93270094e-04 -1.59579383e-03
 -2.40077561e-03 -3.08504232e-03 -2.92096078e-03 -1.54758131e-03
  1.77515549e-04  1.15097580e-03  9.88849745e-04  2.31242579e-04
 -4.12700956e-04 -6.25000064e-04 -4.03474515e-04  1.54986827e-04
  6.66546721e-04  7.64038498e-04  7.27121505e-04  1.03273955e-03
  1.55447477e-03  1.63605455e-03  1.15464748e-03  5.38335353e-04
  1.37847429e-04  4.46808981e-06 -4.83017789e-05 -2.38491264e-04
 -6.00392565e-04 -9.61278370e-04 -9.95707362e-04 -4.95925857e-04
  1.56776296e-04  1.34800061e-04 -3.97159721e-04 -6.37541142e-04
 -5.07205272e-04 -1.71755512e-04  7.96071887e-05  1.30643150e-04
  6.29400137e-05 -4.33892350e-05 -5.18016954e-05  8.61096743e-06
  2.09903901e-05 -1.15698926e-05 -8.26622383e-05 -2.21402724e-04
 -3.20736965e-04 -3.35455958e-04 -2.89155000e-04 -4.19373108e-05
  6.46546344e-04  1.68712353e-03  2.49784564e-03  2.38323082e-03
  1.41002204e-03  3.39908923e-04 -7.18694429e-05  3.30730296e-04
  1.00135777e-03  1.38159519e-03  1.18648862e-03  5.45705052e-04
  4.82326943e-06 -7.05888869e-05  1.46513165e-04  2.63136458e-04
  9.90662565e-05 -1.69822106e-04 -3.11149213e-04 -3.12231312e-04
 -1.80461765e-04  1.46832785e-04  4.72467508e-04  5.25779871e-04
  3.91638860e-04  2.76891186e-04  1.99449484e-04  8.73770795e-05
 -3.29925955e-05 -8.92487892e-05 -9.78903541e-05 -8.89511579e-05
 -6.99582607e-05 -3.42957802e-05  5.31844784e-06 -1.51887918e-05
 -1.12544779e-04 -2.12835298e-04 -2.49619740e-04 -2.28885001e-04
 -1.65422270e-04 -5.84189749e-05  1.56946012e-04  4.82665180e-04
  6.78379963e-04  5.51377362e-04  2.27444358e-04 -2.87192249e-05
 -4.23506876e-05  1.32431923e-04  3.18408135e-04  3.58149817e-04
  2.23379076e-04  1.88947056e-05 -3.31875256e-05  6.92118523e-07
 -2.17535458e-05 -4.60749702e-05 -1.94880939e-05  1.18529926e-06
 -1.75312102e-05 -1.87552124e-04 -3.63196219e-04 -5.03308429e-04
 -4.83706495e-04 -3.13497640e-04 -1.25430576e-04 -2.46237325e-05
 -2.53547635e-06 -4.02881048e-07  1.62879895e-08 -9.85932721e-07
 -1.20084003e-05 -5.27730895e-05 -1.61777410e-04 -3.31662377e-04
 -5.40106713e-04 -8.23983058e-04 -1.10423083e-03 -1.18703918e-03
 -8.20667733e-04 -1.91215256e-04 -4.83530814e-05 -7.78724068e-04
 -2.15677905e-03 -3.76950778e-03 -4.89920373e-03 -4.59149820e-03
 -2.84344920e-03 -9.96647624e-04 -4.15261884e-05 -1.55264279e-05
 -3.56181637e-04 -5.73141777e-04]"
