,perm_results_RandomForestRegressortrain,perm_results_RandomForestRegressortest,perm_results_RandomForestRegressorval,diff_train_test_RandomForestRegressor,diff_train_val_RandomForestRegressor,diff_test_val_RandomForestRegressor
0,"{'importances_mean': array([2.13908060e-03, 8.65303850e-04, 8.43584300e-04, 4.57320302e-04,
       8.95447834e-04, 5.28485252e-04, 5.64916369e-04, 5.76033152e-04,
       5.47069029e-04, 4.71580172e-04, 2.63699649e-04, 4.22168374e-04,
       1.96022384e-03, 2.36530040e-03, 1.37626255e-03, 1.21911235e-04,
       7.45442440e-04, 3.25242291e-04, 2.03262679e-04, 1.65393420e-03,
       1.02437364e-03, 8.10303881e-04, 8.75883848e-04, 9.64170632e-04,
       1.08209823e-03, 9.90887627e-04, 6.81083954e-04, 6.39667828e-04,
       2.16074150e-03, 6.77186952e-04, 1.30833117e-03, 5.73327787e-04,
       4.89518109e-04, 8.29218894e-04, 3.28462696e-04, 2.96254683e-04,
       3.45220710e-04, 7.10114669e-04, 3.16397794e-04, 4.24888506e-04,
       3.38178773e-04, 2.05365283e-04, 3.10716743e-04, 3.64389093e-04,
       4.59567856e-04, 1.39204793e-03, 9.51643708e-04, 6.16802713e-04,
       9.76003532e-04, 6.10577355e-04, 2.03546534e-03, 1.77475448e-03,
       1.36328507e-03, 5.59918603e-04, 4.34685165e-04, 7.56455269e-04,
       6.05215970e-04, 9.66255641e-04, 1.91281413e-03, 1.10792634e-03,
       1.06955286e-03, 1.21248150e-03, 5.48647624e-04, 2.25415811e-03,
       5.92633965e-04, 6.93488473e-04, 2.29761030e-03, 1.47113715e-03,
       1.56777709e-03, 6.65543220e-04, 8.74745271e-04, 8.17755579e-04,
       4.51252105e-04, 7.73504518e-04, 7.64530738e-04, 1.21154848e-03,
       4.72893880e-04, 1.95313279e-03, 9.20799924e-04, 2.67931987e-04,
       2.85628061e-04, 5.31047613e-04, 2.93544452e-04, 5.26029032e-04,
       6.18822500e-04, 1.59766258e-04, 1.12008962e-04, 3.76032690e-04,
       1.06114567e-03, 2.57276708e-03, 7.57904948e-03, 9.22120182e-03,
       4.04952321e-03, 3.54835928e-03, 7.21038583e-03, 2.74654526e-03,
       3.31307137e-03, 1.82107496e-03, 3.50104900e-03, 3.76750423e-04,
       8.84282955e-04, 3.53559675e-03, 3.69318682e-03, 4.31646481e-03,
       3.88568389e-03, 1.11852713e-02, 4.09323290e-03, 3.44244195e-03,
       2.55444951e-03, 2.62664903e-03, 2.79905051e-03, 4.36735878e-03,
       7.72379832e-03, 1.03544234e-02, 6.99236553e-03, 2.94106483e-03,
       2.38461836e-03, 2.21565542e-03, 1.67842274e-03, 1.50243475e-03,
       2.41946465e-03, 1.80143712e-03, 7.78465962e-04, 6.56346972e-04,
       1.24007612e-03, 1.61606478e-03, 1.75637201e-03, 2.79924851e-03,
       2.82621166e-03, 1.06739020e-03, 2.86372902e-03, 8.64064047e-04,
       6.98259219e-04, 2.03138337e-03, 1.65270422e-03, 1.52961543e-03,
       1.67945924e-03, 7.90443177e-04, 2.09627788e-03, 3.97314863e-04,
       6.63917561e-04, 3.08549261e-03, 8.15490800e-04, 4.52244146e-04,
       2.05150277e-03, 1.81666314e-03, 1.71364778e-03, 1.12357233e-03,
       1.23489272e-03, 1.31981115e-03, 6.54900275e-04, 1.39902787e-03,
       5.65960973e-04, 1.07691756e-03, 4.11445289e-04, 1.09930514e-03,
       7.88927033e-04, 1.47607566e-03, 9.39942884e-04, 2.08603395e-03,
       2.30225860e-03, 1.35219515e-03, 1.80374796e-03, 4.30759625e-03,
       4.58182712e-03, 4.18449405e-04, 7.40187423e-04, 5.75101587e-04,
       2.74121276e-04, 1.15696749e-03, 1.44177408e-03, 8.12270997e-04,
       3.82147972e-04, 4.52049154e-03, 2.76177383e-03, 7.14116910e-04,
       1.51720087e-03, 8.48229622e-04, 1.81682488e-03, 8.28142204e-04,
       1.91938079e-03, 1.95716926e-03, 3.13881694e-03, 5.52372002e-03,
       9.66309361e-03, 1.69513739e-02, 1.08548650e-02, 5.68053763e-03,
       5.33976948e-03, 5.57701196e-03, 8.15331666e-03, 9.08133501e-03,
       1.58071202e-02, 9.07210885e-03, 9.62981581e-03, 4.49033943e-03,
       7.42971888e-03, 2.57284045e-03, 2.00751365e-03, 5.74836382e-04,
       1.00379123e-03, 7.64504124e-04, 1.80892993e-03, 1.42220787e-03,
       1.14547633e-03, 1.53583086e-03, 3.19736112e-03, 3.91118963e-03,
       1.35538114e-03, 6.08753618e-04, 7.52923036e-04, 7.30772010e-04,
       8.63384550e-04, 2.12749078e-03, 3.07410920e-03, 2.35044914e-03,
       1.05395375e-03, 1.47433395e-03, 7.54076087e-04, 1.57278872e-03,
       7.81740448e-04, 9.23313332e-04, 8.84428602e-04, 2.23481661e-04,
       1.89328435e-03, 1.15826907e-03, 3.09354470e-03, 6.80477613e-04,
       2.91885149e-04, 3.78434446e-04, 9.90162486e-04, 4.85866050e-04,
       2.95254353e-03, 2.78405717e-04, 1.65968560e-03, 1.22681929e-03,
       7.27357367e-04, 3.34085428e-04, 1.34769089e-03, 1.12143402e-03,
       6.80801875e-04, 6.94058122e-04, 2.10444672e-04, 7.63459729e-04,
       2.69425467e-04, 2.12484986e-03, 1.21024280e-03, 9.67540205e-04,
       1.83793278e-03, 3.28791322e-03, 2.10965610e-03, 1.67284349e-03,
       7.89510664e-04, 5.45273559e-04, 4.81702394e-04, 6.15792425e-04,
       4.36686067e-04, 5.38973471e-04, 6.29877474e-04, 1.14181220e-03,
       7.93364202e-04, 2.52697628e-03, 1.67303851e-03, 2.36711394e-03,
       6.60246375e-04, 5.93795274e-04, 3.86192523e-04, 1.39944045e-03,
       8.86795086e-04, 2.75559641e-03, 2.02080561e-03, 1.44776959e-03,
       1.24948788e-03, 1.54109697e-03, 5.44915025e-04, 3.12199288e-04,
       5.92556247e-04, 4.87321822e-04, 3.98918473e-04, 4.46197854e-04,
       7.96618021e-04, 5.19667681e-04, 1.12970751e-03, 1.05222982e-03,
       7.85821150e-04, 6.08709728e-04, 7.73175333e-04, 9.23586927e-04,
       2.48925768e-03, 1.04001170e-03, 1.48015074e-03, 2.46010443e-03,
       5.92517813e-04, 3.37460654e-04, 2.62614697e-03, 1.68253310e-03,
       4.75655417e-04, 8.57019139e-04, 1.30554084e-03, 1.24898544e-03,
       8.31267375e-04, 2.03284435e-03, 1.38798600e-03, 1.47352473e-03,
       1.17709445e-03, 7.24334090e-04, 1.56647726e-04, 5.91355165e-04,
       4.53221466e-04, 4.47456777e-04, 2.41744212e-04, 1.34089428e-03,
       5.10852414e-04, 1.01472047e-03, 9.80420349e-04, 1.67791563e-04,
       3.46051646e-04, 1.72234558e-03, 8.02943906e-04, 4.93010378e-04,
       2.05644994e-04, 9.76693413e-04, 4.51581391e-04, 7.93407318e-04,
       5.33688186e-05, 6.01600285e-04, 9.76368779e-04, 9.39289573e-04,
       1.55137194e-03, 2.38162858e-03, 8.13196619e-04, 7.95194475e-04,
       6.26697189e-04, 7.46527947e-04, 1.19253099e-03, 2.22741074e-03,
       2.22362399e-03, 7.39007825e-04, 9.00737520e-04, 4.62297008e-04,
       1.52371628e-03, 5.88343049e-04, 3.06049355e-04, 9.93926653e-04,
       4.02845499e-04, 6.41531644e-04, 1.84700739e-03, 1.66581390e-03,
       1.27272390e-03, 5.31719421e-04, 1.22126612e-03, 4.43555325e-04,
       8.30952053e-04, 6.49069682e-04, 4.06584844e-04, 6.98617505e-04,
       4.11640870e-04, 5.54734056e-04, 1.98414932e-04, 3.47904690e-04,
       7.14908902e-04, 1.51257137e-03, 7.32458886e-04, 7.44360676e-04,
       3.83800381e-04, 4.17261208e-04, 6.49622176e-04, 4.88353848e-04,
       1.24870802e-03, 5.24587062e-04, 1.21904817e-03, 5.03903587e-04,
       7.66350710e-04, 8.92500881e-04, 9.97176428e-04, 6.28208341e-04,
       2.69127694e-04, 4.52845085e-03, 3.56282293e-03, 3.43389645e-03,
       2.57203365e-03, 6.96931465e-04, 4.99952124e-04, 4.26104641e-04,
       5.21574727e-04, 4.11284311e-04, 1.17757297e-03, 1.09588898e-03,
       6.29611786e-04, 8.11950133e-04, 7.72588775e-04, 1.48991503e-03,
       2.03509428e-03, 1.64416319e-03, 2.92586070e-03, 2.25988612e-03,
       5.99770242e-04, 3.55109857e-04, 1.44895148e-03, 4.61132421e-03,
       1.17571012e-02, 9.22076858e-03, 8.79760848e-03, 7.41073715e-03,
       4.44409751e-03, 6.76658104e-04, 1.14339326e-03, 4.52991568e-03,
       4.90126532e-03, 9.13540996e-03]), 'importances_std': array([3.34518315e-04, 1.78740061e-04, 1.62789925e-04, 5.88143843e-05,
       5.80417067e-05, 1.07092422e-04, 1.53328064e-04, 9.60681239e-05,
       9.13395873e-05, 6.17135749e-05, 4.85804927e-05, 1.19749346e-04,
       1.97901338e-04, 3.10681949e-04, 1.55924092e-04, 4.39517457e-05,
       1.39550544e-04, 4.45104038e-05, 4.47531442e-05, 2.34972193e-04,
       1.89317497e-04, 1.25491634e-04, 9.43178507e-05, 2.23316273e-04,
       2.27737089e-04, 1.33858427e-04, 1.46931279e-04, 1.49637656e-04,
       2.81907350e-04, 9.42586181e-05, 1.50231407e-04, 1.30648168e-04,
       8.01411432e-05, 1.33389449e-04, 9.20194326e-05, 9.80436900e-05,
       4.24705460e-05, 1.70827036e-04, 8.68124537e-05, 7.80219700e-05,
       7.12013760e-05, 6.34011190e-05, 8.22853247e-05, 7.12062242e-05,
       1.07583534e-04, 2.13860545e-04, 1.10439775e-04, 1.04505942e-04,
       9.01407102e-05, 1.02369117e-04, 1.51773630e-04, 1.49346526e-04,
       2.10371205e-04, 4.67514371e-05, 8.33760776e-05, 7.80105111e-05,
       8.53233388e-05, 1.25958376e-04, 2.00124331e-04, 1.73017066e-04,
       1.95455122e-04, 1.51869103e-04, 1.15375630e-04, 2.59457184e-04,
       9.01858741e-05, 1.12808917e-04, 2.28673543e-04, 1.92812598e-04,
       1.30222355e-04, 7.88516823e-05, 8.31083967e-05, 1.53498009e-04,
       1.04497939e-04, 1.25243759e-04, 1.24386693e-04, 2.11763610e-04,
       7.40207063e-05, 3.21838836e-04, 1.08098949e-04, 6.99018599e-05,
       5.72826868e-05, 8.92150261e-05, 7.60967789e-05, 1.32294522e-04,
       1.40562698e-04, 3.82211691e-05, 2.11490845e-05, 7.19684552e-05,
       1.57518301e-04, 3.48225794e-04, 5.98268115e-04, 6.81876647e-04,
       3.84205574e-04, 2.59250464e-04, 6.91921551e-04, 2.86649035e-04,
       4.07193054e-04, 2.43384782e-04, 3.55963635e-04, 3.37369787e-05,
       9.69574650e-05, 3.24007379e-04, 2.79722651e-04, 2.96931394e-04,
       4.16004921e-04, 8.56132604e-04, 3.16466490e-04, 3.20958015e-04,
       1.36826173e-04, 2.61794503e-04, 2.37232180e-04, 3.25802227e-04,
       5.48354293e-04, 7.08291112e-04, 3.84188363e-04, 2.21653475e-04,
       1.92745548e-04, 2.13729140e-04, 1.83852057e-04, 1.48187218e-04,
       1.76239265e-04, 1.73828480e-04, 1.23230410e-04, 8.19949781e-05,
       1.94794261e-04, 1.75979229e-04, 2.61556812e-04, 2.09106625e-04,
       2.12675680e-04, 1.07055995e-04, 2.66784710e-04, 1.10538971e-04,
       8.53784386e-05, 1.68279477e-04, 1.65904881e-04, 1.09618735e-04,
       2.20256060e-04, 1.02930494e-04, 2.61263864e-04, 7.74462277e-05,
       1.20284134e-04, 2.80822595e-04, 1.06464478e-04, 1.07383840e-04,
       2.08355369e-04, 1.54097157e-04, 1.29343986e-04, 1.37015022e-04,
       2.08431092e-04, 1.57680420e-04, 1.28211099e-04, 1.21287641e-04,
       1.07176802e-04, 1.56286486e-04, 5.19938949e-05, 1.27652510e-04,
       1.63704575e-04, 1.68876508e-04, 8.27147823e-05, 1.81162397e-04,
       2.73857271e-04, 1.22076849e-04, 2.51307696e-04, 3.83682890e-04,
       2.68376164e-04, 8.72576699e-05, 1.27150651e-04, 8.70862056e-05,
       8.41760678e-05, 1.43898492e-04, 1.62392406e-04, 1.33326581e-04,
       9.20094786e-05, 3.32881845e-04, 4.50283894e-04, 1.37651632e-04,
       1.85229509e-04, 1.31923040e-04, 1.54906722e-04, 1.39612735e-04,
       3.50561011e-04, 2.31346191e-04, 3.87785136e-04, 4.46467007e-04,
       7.42926470e-04, 9.62751445e-04, 1.03065688e-03, 2.14017043e-04,
       3.61091540e-04, 3.83204264e-04, 4.90800410e-04, 5.47759330e-04,
       7.56092107e-04, 5.98171313e-04, 7.82891436e-04, 3.22934087e-04,
       7.30826438e-04, 2.75472504e-04, 1.92818804e-04, 1.41946175e-04,
       1.01945965e-04, 6.99436876e-05, 1.66103998e-04, 1.05409073e-04,
       1.15391476e-04, 1.69432408e-04, 1.82466837e-04, 2.77552103e-04,
       2.11044134e-04, 9.99520217e-05, 9.07954960e-05, 9.69992249e-05,
       1.03756689e-04, 2.14596096e-04, 2.58832191e-04, 3.49040154e-04,
       1.34279784e-04, 1.03375399e-04, 1.18663677e-04, 6.59937138e-05,
       1.31258932e-04, 1.15411403e-04, 1.05397218e-04, 6.09112437e-05,
       2.05000929e-04, 1.18571634e-04, 1.69361763e-04, 9.32416916e-05,
       8.44389547e-05, 1.06510811e-04, 1.18381881e-04, 6.79777511e-05,
       2.05754232e-04, 8.64627646e-05, 1.56010173e-04, 2.41008873e-04,
       1.23342494e-04, 6.85635458e-05, 1.57160085e-04, 1.40358015e-04,
       1.24086968e-04, 1.15856859e-04, 4.79206222e-05, 1.80931866e-04,
       5.04719635e-05, 2.04518660e-04, 1.47586466e-04, 8.83536317e-05,
       2.37588907e-04, 3.62095559e-04, 3.25059936e-04, 1.87980182e-04,
       1.88438140e-04, 8.05208135e-05, 1.00816493e-04, 1.46460376e-04,
       6.33665476e-05, 1.15295193e-04, 9.89945948e-05, 1.41485013e-04,
       1.35755663e-04, 2.70831547e-04, 2.22700787e-04, 3.03687375e-04,
       1.34183281e-04, 8.04839090e-05, 7.66167410e-05, 1.94764408e-04,
       1.78246224e-04, 2.79068566e-04, 1.96310559e-04, 1.64897866e-04,
       8.29217156e-05, 9.36678470e-05, 9.52264147e-05, 1.16479659e-04,
       1.96879245e-04, 9.80726767e-05, 1.03533277e-04, 1.05533783e-04,
       1.24403006e-04, 6.50335690e-05, 1.83955592e-04, 1.17455500e-04,
       1.30857583e-04, 6.84067320e-05, 8.15158472e-05, 7.63572948e-05,
       1.84495768e-04, 1.15477224e-04, 1.80762455e-04, 2.86103568e-04,
       1.39983193e-04, 4.77826918e-05, 2.14403006e-04, 2.02037547e-04,
       8.87417046e-05, 1.06258565e-04, 1.62375148e-04, 9.18048451e-05,
       9.13542101e-05, 2.37905956e-04, 1.69270733e-04, 1.27370789e-04,
       1.47941121e-04, 1.28147022e-04, 1.13569038e-04, 7.17346976e-05,
       9.09980256e-05, 8.23785297e-05, 5.95849879e-05, 1.61656187e-04,
       1.09386821e-04, 2.03882221e-04, 1.32964799e-04, 3.71348338e-05,
       6.75570595e-05, 1.16085699e-04, 1.37643603e-04, 1.32634088e-04,
       2.81612919e-05, 1.03695592e-04, 1.29132833e-04, 7.08767724e-05,
       7.50762248e-05, 8.97463662e-05, 6.68126428e-05, 6.71347112e-05,
       2.40532986e-04, 1.43834382e-04, 1.62369324e-04, 1.00174279e-04,
       1.07211175e-04, 8.35214424e-05, 1.76454683e-04, 2.42328861e-04,
       3.34934905e-04, 1.56011239e-04, 1.59300394e-04, 7.84133240e-05,
       1.75691846e-04, 1.11165375e-04, 4.40958856e-05, 9.05213438e-05,
       5.65755879e-05, 1.16468430e-04, 2.86373990e-04, 1.65128633e-04,
       1.23182577e-04, 7.31228751e-05, 1.67368448e-04, 8.74602598e-05,
       1.16665171e-04, 1.11181222e-04, 8.77442145e-05, 1.48217617e-04,
       5.23344667e-05, 9.23685622e-05, 5.63405423e-05, 7.30231007e-05,
       1.07449190e-04, 1.29611173e-04, 9.27584552e-05, 1.46928863e-04,
       8.96803075e-05, 9.96779936e-05, 1.24503992e-04, 1.19623409e-04,
       2.00086591e-04, 6.44161046e-05, 1.31704808e-04, 6.61721999e-05,
       1.00749327e-04, 1.23673606e-04, 8.54331545e-05, 6.98196842e-05,
       6.92210076e-05, 3.66613056e-04, 3.72110129e-04, 4.18016854e-04,
       2.13846522e-04, 1.22740168e-04, 7.71718430e-05, 7.95922562e-05,
       1.14436130e-04, 7.24863437e-05, 1.25996816e-04, 2.41625244e-04,
       8.52529981e-05, 9.27607261e-05, 1.58572621e-04, 2.24735078e-04,
       1.89554779e-04, 1.36501545e-04, 2.59802435e-04, 2.22295390e-04,
       7.60551921e-05, 7.51009632e-05, 2.18745941e-04, 4.02109610e-04,
       6.49137456e-04, 6.04905756e-04, 4.34818698e-04, 4.55540894e-04,
       3.27139699e-04, 1.49265167e-04, 1.47654757e-04, 3.52661519e-04,
       4.49947096e-04, 5.96801097e-04]), 'importances': array([[0.00166256, 0.00229436, 0.00160154, ..., 0.00238317, 0.00235482,
        0.0017606 ],
       [0.00084795, 0.00112649, 0.0008903 , ..., 0.00072922, 0.00094517,
        0.00054747],
       [0.00047778, 0.00093219, 0.00075011, ..., 0.00082944, 0.00096329,
        0.00084531],
       ...,
       [0.00449003, 0.003982  , 0.00486297, ..., 0.0050677 , 0.0046022 ,
        0.00446825],
       [0.0048712 , 0.00427154, 0.00447982, ..., 0.00520307, 0.0048405 ,
        0.00412874],
       [0.00878123, 0.00796164, 0.00914908, ..., 0.00912286, 0.01028778,
        0.0088232 ]])}","{'importances_mean': array([ 1.29723327e-04,  1.32289863e-04, -4.41731043e-04, -1.08095271e-04,
        6.21237433e-04,  3.00192114e-04,  1.78949898e-04,  1.63877717e-04,
        4.23266101e-04,  3.49307190e-04,  2.07034225e-04,  8.93316760e-04,
        5.51050559e-04,  5.03056659e-04,  5.68991629e-04, -2.12337239e-04,
        9.27551035e-05,  6.31274241e-04, -1.50671358e-04,  7.32643167e-04,
        4.12619837e-04,  3.67674940e-04,  6.29993890e-04,  5.75335939e-04,
        5.16843096e-04,  5.22266023e-04, -1.16902920e-04,  5.88642194e-04,
        1.48514346e-03, -6.02527517e-04,  1.20661317e-03,  2.89208770e-04,
        1.66947192e-04, -5.64135032e-04, -2.74798408e-04,  2.20730555e-04,
       -4.49994907e-04,  4.35014755e-04,  1.10305880e-04,  4.59971163e-04,
        4.50624526e-05, -2.13492306e-04,  5.59746527e-04,  2.56808759e-04,
       -5.41520383e-04,  1.19105619e-03,  2.60009034e-04, -4.46235312e-04,
        9.80537354e-04, -6.98623959e-05,  9.04655718e-04,  3.11169032e-04,
       -6.02067561e-04,  6.26740953e-04, -4.68128922e-04, -3.98527692e-04,
        5.33488080e-05,  7.58011469e-04,  7.73791405e-04,  4.80477111e-04,
        1.26558373e-03,  6.16663896e-04,  3.31738631e-04,  6.45085316e-04,
        5.39907742e-05, -2.28174722e-04,  4.90605510e-04,  1.31533870e-03,
        1.23950750e-03,  6.30591056e-04,  6.29913151e-05,  4.46154980e-04,
       -1.14968940e-04, -2.83294425e-05, -1.85966386e-04,  6.08783157e-04,
        3.68791101e-04, -4.25694222e-04,  5.68811470e-04, -1.77958231e-04,
       -1.55159757e-04, -5.07459845e-04,  4.03403094e-05,  4.02106123e-04,
        6.18659525e-04,  2.04564588e-04, -1.92338546e-04,  1.41069802e-04,
        8.22889525e-04,  7.86356469e-04,  7.19710875e-03,  6.46031009e-03,
        3.85931969e-03,  2.94400737e-03,  5.74152313e-03,  3.91793871e-03,
        2.28313035e-03,  1.54773980e-03,  2.31551058e-03, -2.63038643e-04,
        7.29611926e-04,  1.87612928e-03,  4.28240628e-03,  4.73628257e-03,
        4.96994518e-03,  7.05750910e-03,  3.13033008e-03,  2.88000249e-03,
        1.00651425e-03,  3.84452694e-03,  1.29288326e-03,  3.88510128e-03,
        7.95255476e-03,  4.75274213e-03,  6.73197642e-03,  1.19119488e-03,
        1.67093474e-03,  5.75370548e-04,  3.43678982e-04,  1.16098829e-03,
        8.22113295e-04,  1.10729611e-03, -4.78408878e-05,  8.94028028e-05,
        1.39325637e-03,  1.29843099e-03, -1.10180706e-04,  1.77552522e-03,
        2.07706001e-03,  4.07674300e-04,  1.40078279e-03, -3.34463962e-05,
       -2.99073350e-04,  6.69580858e-04,  1.21978933e-03,  2.09457833e-04,
        1.88606261e-03,  1.20817147e-03, -1.78968866e-04,  5.96955291e-04,
        2.81731295e-04,  2.32023722e-03, -2.42580218e-04, -3.56689613e-04,
        1.22903167e-03, -8.58910981e-04,  4.08880089e-04,  1.31083467e-04,
        4.88091773e-04, -2.01135156e-05,  3.36905158e-04,  7.55071956e-04,
        2.34742293e-04,  1.29755338e-04,  4.87516411e-04,  3.08805956e-04,
        8.67499303e-04,  1.98812696e-04,  2.39515327e-04,  4.38871670e-04,
        2.25721862e-03,  1.06000035e-03,  6.58390649e-04,  3.15263065e-03,
        4.23200770e-03,  3.47986543e-04, -1.72770346e-04,  6.89716005e-04,
        2.60502432e-04,  9.08199404e-04,  5.88226991e-04,  1.31808627e-03,
       -3.45433347e-05,  3.20601101e-03,  8.52718944e-04,  6.64684464e-04,
        3.65758939e-04,  3.17960554e-04, -1.10398014e-04,  9.00582978e-05,
        7.32838450e-04,  2.34361773e-03,  2.21445698e-03,  7.17358785e-03,
        9.53962018e-03,  1.56342090e-02,  1.01993691e-02,  3.79106728e-03,
        4.43999396e-03,  4.19172841e-03,  7.40590022e-03,  1.09241919e-02,
        1.38932917e-02,  1.03662860e-02,  8.86401237e-03,  3.30036966e-03,
        2.65321205e-03,  9.42040273e-04,  6.20058005e-04,  1.42919316e-04,
        6.75873470e-04,  4.93456083e-06,  4.64958956e-04, -8.41939262e-04,
        7.32074673e-04,  5.56664071e-04,  4.08341648e-04,  2.30481575e-03,
        1.22522966e-03,  1.13201780e-04,  9.07551364e-04,  9.00806332e-04,
        3.61498057e-04,  2.16295171e-03,  8.40130973e-04,  2.50362321e-03,
        2.86626531e-04, -4.02227048e-04,  2.66484601e-04,  2.65160532e-04,
       -3.54174672e-04,  6.46469341e-04,  1.98711418e-04,  3.44557946e-04,
        1.23776047e-03,  3.63824906e-04,  9.45865626e-04,  5.09926598e-04,
        1.62733561e-04, -5.72993179e-05,  4.82048834e-04,  5.88009160e-04,
        1.98199965e-03, -3.64432368e-04,  7.41984756e-04,  3.24630394e-04,
       -2.17364419e-04,  6.56314799e-04, -1.19254323e-04,  7.23067056e-04,
        2.55298280e-05,  1.06494195e-04, -6.24826421e-05,  5.03896125e-04,
        1.48669027e-04,  1.40302800e-03,  9.04599245e-04,  7.64516188e-04,
        1.79970241e-03,  2.75160765e-03,  1.68379190e-03,  2.33661415e-03,
        9.56488640e-04,  4.93511723e-04, -2.27436801e-04,  5.74799931e-04,
       -1.40551987e-04,  2.56115193e-05,  4.14962522e-04,  8.05029134e-05,
        6.41900822e-05,  3.87819438e-03,  1.27373375e-03,  2.11852591e-03,
       -5.84701955e-05,  4.16212799e-04,  9.55979067e-04,  1.38217958e-03,
        1.37269535e-03,  1.35290503e-03,  2.93374620e-03, -3.50229707e-04,
       -1.30133925e-04,  6.86501746e-04,  2.80580961e-04,  9.83459446e-05,
        4.82180448e-04,  9.70510047e-05,  9.45811130e-06,  4.85047773e-04,
       -4.29655450e-05,  1.84603812e-04,  8.26922523e-04,  5.60233151e-04,
        2.33726569e-04,  3.70016518e-04,  1.05778345e-04,  1.15568161e-03,
        1.22406783e-03,  1.09627424e-03, -3.58104680e-04,  6.31468931e-04,
        7.25002528e-04,  6.20934514e-05, -6.11031455e-05,  5.93691685e-04,
        8.84869429e-04,  4.96207550e-04,  8.07694766e-05,  7.43383718e-04,
        1.33029318e-03,  2.09053321e-03,  3.69126271e-04,  1.79871213e-03,
        3.69022471e-04,  1.61372838e-04, -3.57886306e-04, -2.60525876e-04,
        4.55350864e-05,  3.43275638e-04,  5.11772018e-05,  3.50783407e-04,
        1.49943808e-04, -4.41507590e-04, -1.89114693e-05,  2.76072128e-04,
       -1.81123478e-04,  6.58280263e-04,  1.63602643e-04,  3.09993360e-05,
        2.35652924e-04,  1.52420673e-04, -4.61789319e-04,  3.11020338e-04,
        1.61254097e-04,  3.03775385e-04,  2.13806816e-04,  3.57080547e-04,
        1.39000777e-03,  1.70596160e-05,  5.13952330e-05,  2.71205735e-04,
        4.00244586e-04,  4.68642544e-05,  4.13809016e-04,  8.10971472e-04,
        6.92882013e-04,  1.52457390e-03,  1.89805274e-03,  7.28548722e-04,
        1.26359327e-03, -6.77765912e-04,  2.14822997e-04,  9.89856944e-05,
        3.59935339e-04, -4.12653121e-04,  5.90901323e-05,  6.62924473e-04,
        1.22363021e-03,  5.79610689e-04,  1.84903758e-04,  1.99761432e-04,
        3.95163145e-04, -8.14305492e-06, -2.77179732e-04,  4.28926059e-04,
        2.50622868e-04,  6.62681665e-04,  4.60989566e-04,  5.43903815e-04,
        3.82619913e-04,  7.56514571e-04, -1.68886772e-04,  3.55873079e-04,
        3.94770182e-04, -3.16078366e-04, -2.63842221e-05, -6.71282457e-05,
        2.73415277e-04,  4.58481017e-04,  1.36927832e-03, -7.32427001e-05,
        4.95596023e-04,  7.66926968e-04,  1.08432859e-03, -5.43895019e-04,
       -4.32865477e-04,  2.14455319e-03,  2.41340472e-03,  1.59529756e-03,
        2.22105633e-03, -9.73387818e-05, -2.71755218e-05,  1.22819199e-04,
        1.37346496e-04,  2.54188440e-04, -5.57845955e-04,  1.19679568e-03,
        2.83223103e-04,  4.77770393e-04,  4.65190205e-04, -2.12238626e-04,
        7.93340179e-04,  1.52401064e-03,  1.27454827e-03,  3.17312018e-03,
        3.43956852e-04, -5.38538245e-04,  6.56840609e-04,  1.60721533e-03,
        1.04921835e-02,  7.70308960e-03,  9.28026990e-03,  5.52417541e-03,
        3.61641294e-03, -1.11815809e-04,  8.27909372e-04,  1.44027371e-03,
        1.80857092e-03,  7.66288167e-03]), 'importances_std': array([8.51076312e-04, 3.40551828e-04, 4.14958517e-04, 2.16155466e-04,
       2.83285563e-04, 2.42589295e-04, 3.38421485e-04, 3.65724533e-04,
       2.62381142e-04, 1.87224781e-04, 2.55059583e-04, 1.68002564e-04,
       5.24975502e-04, 7.62883890e-04, 6.11723374e-04, 2.20793608e-04,
       2.54768232e-04, 2.44812107e-04, 1.69842682e-04, 6.18711529e-04,
       2.53669437e-04, 2.95766467e-04, 3.46834212e-04, 6.37166393e-04,
       3.51366159e-04, 6.70106995e-04, 3.54183244e-04, 3.40827826e-04,
       6.31235520e-04, 3.49990413e-04, 4.38850107e-04, 4.62760159e-04,
       2.20666303e-04, 3.21883342e-04, 3.40874348e-04, 3.32296029e-04,
       2.01582284e-04, 1.68919739e-04, 2.46983688e-04, 2.33896409e-04,
       1.31200962e-04, 2.67888793e-04, 4.06232440e-04, 2.08413163e-04,
       3.42066732e-04, 4.92744137e-04, 5.22414694e-04, 3.93236131e-04,
       4.70333792e-04, 2.86475443e-04, 1.00211609e-03, 4.91683307e-04,
       4.47777726e-04, 2.20974171e-04, 2.61625891e-04, 4.43010907e-04,
       2.31966884e-04, 4.56616429e-04, 5.21256343e-04, 3.94836030e-04,
       3.31450844e-04, 3.12299265e-04, 3.25179503e-04, 6.02308051e-04,
       3.15872979e-04, 3.95891888e-04, 8.47910158e-04, 3.49920317e-04,
       5.47113770e-04, 3.81453708e-04, 4.16448217e-04, 4.18819671e-04,
       1.88967923e-04, 3.15599992e-04, 9.82519102e-05, 5.46676864e-04,
       1.27317803e-04, 4.18517794e-04, 4.24638746e-04, 2.21558904e-04,
       1.56603424e-04, 5.16806247e-04, 1.39776523e-04, 3.78110619e-04,
       2.32074357e-04, 1.70880385e-04, 9.12453241e-05, 1.85583569e-04,
       3.17570710e-04, 7.25554049e-04, 1.25202460e-03, 8.75580207e-04,
       8.06650254e-04, 1.34052383e-03, 2.11411977e-03, 7.17397111e-04,
       1.18997401e-03, 6.67888207e-04, 8.93341274e-04, 1.39584667e-04,
       4.54083560e-04, 5.16992947e-04, 8.98601317e-04, 1.07845430e-03,
       9.31438871e-04, 1.99902243e-03, 1.50400308e-03, 8.78779049e-04,
       6.53252361e-04, 8.52700446e-04, 4.53228384e-04, 9.90636619e-04,
       2.05490815e-03, 2.35107229e-03, 1.29149061e-03, 8.49756069e-04,
       4.87925067e-04, 3.97199651e-04, 6.61690697e-04, 6.08309441e-04,
       7.61330439e-04, 4.47974026e-04, 3.74076271e-04, 3.80037560e-04,
       5.44060146e-04, 7.31071306e-04, 3.73417298e-04, 6.71112587e-04,
       8.46639477e-04, 4.35627724e-04, 7.20433759e-04, 3.60283900e-04,
       3.52472363e-04, 4.40614728e-04, 9.25264516e-04, 5.89434406e-04,
       4.08011156e-04, 3.15933913e-04, 6.96034197e-04, 1.56293242e-04,
       2.98467706e-04, 9.74789869e-04, 1.88779319e-04, 1.42643965e-04,
       6.90580387e-04, 5.10027651e-04, 6.97164090e-04, 3.33993116e-04,
       2.50808506e-04, 4.97215443e-04, 3.36788082e-04, 4.01017580e-04,
       2.24822627e-04, 1.78901481e-04, 1.50844327e-04, 2.95342486e-04,
       3.21492660e-04, 3.84114203e-04, 2.20178837e-04, 8.70199209e-04,
       5.95661032e-04, 3.13671533e-04, 5.27815534e-04, 1.12123817e-03,
       1.01069877e-03, 1.76250404e-04, 3.94004862e-04, 4.18624242e-04,
       1.47635263e-04, 2.00141935e-04, 4.46451011e-04, 3.98079013e-04,
       2.46715592e-04, 1.23736354e-03, 8.37675695e-04, 4.13647898e-04,
       3.00701248e-04, 4.05557823e-04, 6.68149955e-04, 2.48339073e-04,
       4.49021389e-04, 7.97173298e-04, 8.50245468e-04, 7.66992037e-04,
       2.52006390e-03, 2.65190452e-03, 2.83392037e-03, 1.17726654e-03,
       1.11950529e-03, 1.72058263e-03, 1.36440018e-03, 2.21866082e-03,
       2.45133417e-03, 1.47672499e-03, 1.32247135e-03, 9.26169513e-04,
       1.05728066e-03, 1.01299951e-03, 5.09643653e-04, 3.38060626e-04,
       3.48373466e-04, 2.70643155e-04, 2.20314091e-04, 5.92865424e-04,
       3.86932952e-04, 4.22183023e-04, 5.43145898e-04, 1.17211821e-03,
       7.96077368e-04, 2.48426695e-04, 3.67042923e-04, 3.83095357e-04,
       4.74726174e-04, 6.58307674e-04, 7.30680312e-04, 5.69518080e-04,
       3.39679882e-04, 3.50230282e-04, 4.73348725e-04, 4.50567080e-04,
       3.57724956e-04, 4.17281295e-04, 5.12699415e-04, 1.68199701e-04,
       5.35127247e-04, 4.72265175e-04, 4.86276147e-04, 2.77122198e-04,
       3.82147905e-04, 3.33767853e-04, 4.52099622e-04, 2.82088187e-04,
       8.53881696e-04, 1.56936667e-04, 6.73858491e-04, 6.33025844e-04,
       3.22272849e-04, 2.03715221e-04, 6.24197967e-04, 3.91711998e-04,
       3.06032249e-04, 3.92862650e-04, 1.67981704e-04, 2.73416821e-04,
       1.69036549e-04, 4.72257742e-04, 4.20621236e-04, 2.07416218e-04,
       4.72632804e-04, 1.28119107e-03, 4.10339270e-04, 3.65595588e-04,
       3.92610689e-04, 3.62788675e-04, 2.19536697e-04, 2.83936320e-04,
       3.36042927e-04, 2.95908544e-04, 3.08378451e-04, 4.62662663e-04,
       3.76910631e-04, 1.09093471e-03, 5.33142401e-04, 1.05866506e-03,
       2.87822312e-04, 2.18113814e-04, 2.79297006e-04, 5.49866939e-04,
       4.94081177e-04, 5.60069906e-04, 6.99049685e-04, 3.66226744e-04,
       4.86749457e-04, 8.06611061e-04, 3.56197090e-04, 1.86925265e-04,
       1.70889449e-04, 2.47288406e-04, 2.20900169e-04, 1.80214744e-04,
       2.16555905e-04, 2.03394512e-04, 3.17336186e-04, 4.64884081e-04,
       4.91130539e-04, 3.13693175e-04, 3.57415859e-04, 2.89782103e-04,
       6.47458890e-04, 4.62726978e-04, 4.48528319e-04, 6.04443647e-04,
       3.49224359e-04, 1.68606142e-04, 5.92683280e-04, 7.24438217e-04,
       1.89495867e-04, 4.98647784e-04, 3.68976491e-04, 3.05920383e-04,
       3.05716000e-04, 7.29803090e-04, 3.63034243e-04, 7.03463937e-04,
       5.31649378e-04, 3.88300009e-04, 1.68186088e-04, 3.59649209e-04,
       2.90645494e-04, 2.27474380e-04, 1.26859484e-04, 7.03588249e-04,
       1.61074252e-04, 3.91625241e-04, 2.79139515e-04, 1.29216591e-04,
       4.08962674e-04, 5.36530551e-04, 3.71799479e-04, 1.42427603e-04,
       2.25602573e-04, 3.06470462e-04, 2.27807315e-04, 3.13777010e-04,
       3.34907637e-04, 1.86840081e-04, 2.71064166e-04, 6.11863526e-04,
       6.57800969e-04, 6.50600114e-04, 4.16811507e-04, 2.96494806e-04,
       3.51564113e-04, 2.83268671e-04, 5.95886545e-04, 6.66685968e-04,
       9.57946376e-04, 5.57567668e-04, 4.38593463e-04, 2.84033090e-04,
       5.27010009e-04, 2.12332084e-04, 1.40483083e-04, 2.79792941e-04,
       9.93737206e-05, 2.59983493e-04, 6.84421123e-04, 6.48634572e-04,
       3.71408485e-04, 3.67818079e-04, 3.71689965e-04, 2.24052671e-04,
       2.10588784e-04, 2.18765427e-04, 2.79094259e-04, 4.88495229e-04,
       3.68370996e-04, 2.96857076e-04, 1.40429718e-04, 2.02038893e-04,
       3.74841498e-04, 8.64980063e-04, 3.46324602e-04, 2.23019681e-04,
       2.04400491e-04, 1.60886524e-04, 4.21608849e-04, 2.16205668e-04,
       5.33431428e-04, 1.94797707e-04, 3.44149774e-04, 2.12972806e-04,
       2.93608790e-04, 3.02604439e-04, 4.32873398e-04, 3.63404467e-04,
       1.97759384e-04, 1.09888656e-03, 7.93225468e-04, 9.02230208e-04,
       4.60744003e-04, 3.05171555e-04, 2.95476101e-04, 1.84448272e-04,
       1.97375243e-04, 1.81603780e-04, 4.44206723e-04, 4.26831764e-04,
       3.09679253e-04, 2.07007037e-04, 4.46598567e-04, 5.41289393e-04,
       4.91385517e-04, 6.86736120e-04, 6.30993567e-04, 6.33833953e-04,
       2.53137945e-04, 2.10351102e-04, 4.64864721e-04, 7.95535535e-04,
       2.95813886e-03, 1.39831682e-03, 1.56053383e-03, 1.53821730e-03,
       8.74524876e-04, 3.43936874e-04, 3.41485972e-04, 9.90454889e-04,
       1.40023510e-03, 1.53834832e-03]), 'importances': array([[-1.36845172e-03,  9.98939706e-04, -1.93871373e-04, ...,
        -3.49395713e-04,  5.33056742e-04, -7.01595342e-04],
       [ 6.34335788e-04,  1.90511147e-04,  3.73833203e-04, ...,
        -1.53912480e-04,  1.30186813e-04, -2.48057185e-05],
       [-4.52526659e-04, -7.04874510e-04, -5.54249695e-04, ...,
        -1.00721264e-03, -4.58974005e-04,  3.82321838e-04],
       ...,
       [ 1.25280941e-03,  1.21555492e-03,  2.66997724e-03, ...,
        -2.10961430e-04,  4.49844634e-04,  7.30664341e-04],
       [ 2.81971684e-03,  2.34176531e-03,  7.47880175e-04, ...,
         6.61744173e-04,  2.13089334e-03, -7.20509226e-04],
       [ 9.89062446e-03,  6.46546308e-03,  7.60483787e-03, ...,
         5.83121494e-03,  7.38004938e-03,  5.77986763e-03]])}","{'importances_mean': array([-6.99393512e-04,  3.46431264e-04,  4.33897242e-05,  3.38033163e-04,
       -8.99065197e-05,  1.78451587e-04, -1.87880556e-04, -1.74157163e-04,
        5.16547703e-05,  4.13246244e-04,  1.21849885e-04,  3.66578108e-05,
        1.64798980e-03, -3.08754092e-04,  1.04421138e-03,  1.42209819e-04,
        8.94898061e-04,  5.16309631e-04,  2.07638821e-04,  1.55236608e-03,
       -5.66799227e-04,  8.96555248e-04,  1.21056930e-03,  3.46781114e-04,
        7.92120023e-04, -3.53078749e-04,  1.09970626e-03, -1.43554309e-04,
       -1.38814824e-04,  2.64505875e-04, -1.99296138e-04, -7.17284202e-04,
        4.34314510e-04, -1.63697694e-04,  1.29160507e-04,  3.79873018e-04,
        3.72193809e-04, -2.00183236e-04,  1.67181328e-04,  5.21858218e-04,
       -1.52131443e-04, -7.14191504e-05, -9.31827062e-05,  3.20107756e-04,
        6.09180990e-04,  5.79752241e-04,  5.44815952e-04,  2.35226006e-04,
       -5.43275860e-04,  5.50549899e-04,  2.14063518e-04,  1.75627919e-03,
        8.34289849e-05, -1.08720274e-04,  1.52187796e-04,  2.37282343e-04,
        5.63897998e-04,  8.33559586e-04,  4.02418046e-04,  2.34025389e-04,
        1.52473389e-03, -1.01668676e-04,  3.23538083e-04,  1.15659325e-03,
        8.11795217e-04,  3.02991510e-04,  9.31957286e-04,  1.19538282e-03,
        1.69368427e-03, -3.18545692e-04,  5.98481143e-05,  4.19338886e-05,
        3.53089225e-04, -2.76206062e-04,  3.22135957e-04,  1.74890937e-04,
        1.32388884e-04,  1.48448348e-04,  2.27020838e-04,  4.00455693e-04,
       -4.57384749e-05, -9.04817340e-04,  1.65896747e-05,  4.65298865e-04,
        2.58308221e-04, -1.41833256e-04,  1.45896466e-04,  4.86493158e-04,
        3.05194050e-04,  1.82296031e-03,  8.02247650e-03,  7.88886479e-03,
        3.09794552e-03,  3.43066214e-03,  2.13654724e-03,  1.97858447e-03,
        1.34917399e-03,  1.60263494e-03,  1.53063828e-03,  3.53688757e-04,
       -2.34906423e-04,  1.71761390e-03,  4.16919250e-03,  4.08219128e-03,
        4.07470062e-03,  8.94683363e-03,  5.37712063e-03,  2.81867256e-03,
        2.75298079e-03,  1.84656960e-03,  2.89259247e-04,  1.68222748e-03,
        9.27693394e-03,  1.01456968e-02,  6.79109745e-03,  2.22615670e-03,
        3.63074842e-03,  1.63222448e-03,  1.23277588e-03,  2.04056614e-03,
        2.96485021e-03,  2.18421394e-03,  6.02928452e-04,  6.47685092e-04,
        1.45013105e-03,  7.93105898e-04,  1.07510868e-03,  3.68707519e-03,
        1.82169149e-03,  1.29872743e-03,  2.89638799e-03,  3.59628235e-04,
        6.37940916e-04,  2.98732020e-03,  1.25455879e-03,  8.81019014e-04,
        1.05791192e-03, -2.89103548e-06, -3.26868438e-05, -1.30440822e-05,
        1.66685435e-04,  2.83414970e-03,  1.24305585e-03,  5.44033600e-04,
        1.42636139e-03,  9.61824367e-04,  1.49930008e-03,  5.37702070e-04,
        1.33393338e-03,  8.18216235e-04,  5.58478621e-04,  1.08952918e-03,
        4.69425466e-04,  2.77822447e-05,  2.48775597e-04,  8.93708969e-04,
        3.25760357e-05,  5.66551818e-04,  1.25935927e-03,  2.33087918e-03,
        1.66648895e-03,  1.15429080e-03,  9.44553056e-05,  4.95639580e-03,
        5.99258535e-03,  4.52431097e-05,  8.15392394e-04,  7.00568715e-05,
       -8.95109477e-05,  4.41274864e-04,  1.71981469e-03,  7.96782658e-04,
        3.76821614e-04,  1.93475477e-03,  1.87064048e-03,  7.79693276e-04,
        3.15018561e-04, -2.36685355e-04, -1.50892125e-04,  1.74573117e-03,
        1.79285913e-03,  3.78126056e-03,  5.41293589e-03,  5.46177176e-03,
        9.65054417e-03,  1.67957029e-02,  1.11572792e-02,  5.96965819e-03,
        3.38141419e-03,  3.54414964e-03,  7.57801993e-03,  7.64919209e-03,
        1.44431760e-02,  9.14177596e-03,  7.77743486e-03,  5.85508966e-03,
        7.92773792e-03,  3.50970651e-03,  1.36520441e-03,  7.85204068e-04,
        7.00405127e-06,  2.57963217e-04,  2.32117548e-04,  1.44194643e-03,
       -6.28706119e-04,  2.67715992e-04,  1.45731539e-04,  6.53284079e-04,
        8.06399949e-04,  3.56663649e-05,  2.46400730e-04,  8.78974980e-04,
        8.37337814e-04,  1.43003018e-03, -8.22107030e-04,  8.94608214e-04,
        3.35818652e-04,  5.52436510e-04,  4.90466097e-04,  1.05909190e-03,
        3.36476438e-04, -3.48150281e-04,  1.21983468e-04, -5.66973994e-05,
        1.00372389e-03,  8.10611838e-05,  2.75745155e-03, -5.02529488e-04,
       -6.18507640e-04, -6.37988540e-04, -5.37800566e-04,  6.06246434e-04,
        3.49251063e-03, -3.31097811e-05,  8.13887699e-04,  1.23746348e-03,
        7.83097226e-04,  8.65469540e-04,  8.44673221e-04,  4.96289126e-04,
        3.82335163e-04,  8.94997947e-04,  2.32839198e-04, -1.99718038e-05,
        2.36847309e-04,  2.06097581e-03,  2.74628368e-04, -6.16943116e-05,
        1.26713816e-03,  2.35705539e-03,  2.70808561e-03,  2.50458825e-03,
        4.51534015e-04,  8.61940619e-04,  1.22505554e-04,  6.76424001e-04,
       -4.65208156e-04, -3.34924883e-04,  3.86745926e-04, -3.02082671e-04,
       -1.75687546e-04,  3.64444284e-03,  1.00109120e-03,  3.18312741e-03,
        3.43881559e-04, -6.65667169e-04,  3.13510770e-04,  8.16657377e-04,
        9.62372411e-04,  3.60831288e-03,  4.08924705e-03,  6.80530617e-04,
        8.33755624e-04,  2.74701405e-04,  7.93201744e-04, -1.49637977e-04,
        5.37576576e-04,  1.24545436e-03,  2.48806500e-04, -1.92904183e-05,
        5.78715217e-04,  2.44982741e-04,  9.89446409e-04,  1.26181440e-03,
        8.14323546e-04,  7.56478903e-04, -6.01343170e-05,  3.53667468e-04,
        9.45669702e-04,  7.24133126e-04,  2.39274023e-04,  9.99196622e-04,
        7.76612975e-04,  2.49211688e-04,  1.53188503e-03, -7.90172114e-04,
        2.89168218e-05,  2.57874637e-05, -4.46175495e-04,  1.80347933e-03,
        1.09365514e-03,  1.58548781e-03, -1.50834171e-04,  8.58186682e-04,
       -4.90644667e-04,  4.70078411e-05, -1.40350598e-04,  3.29934577e-04,
        7.20056056e-04, -1.20556814e-04, -1.06306918e-04,  1.03988811e-03,
        6.38220774e-04, -3.12801771e-04,  3.37766177e-04,  2.54824886e-04,
       -1.29370374e-04,  9.01263486e-04, -8.53947390e-05, -5.59048796e-04,
        1.17264627e-04, -1.01157187e-05,  1.22788793e-04,  7.53538374e-04,
        6.26505080e-04,  1.01984608e-03,  1.92454637e-04,  2.86436041e-04,
        1.04154246e-03,  2.44196257e-03,  4.89586257e-04, -2.26260849e-04,
        2.64751164e-04,  3.05519658e-04,  1.93893443e-03, -1.27927762e-04,
        3.43251019e-03,  1.30169197e-03,  1.55513450e-03,  1.32589762e-04,
        8.20610442e-04, -1.09059469e-03,  6.64661223e-05,  4.71649791e-04,
        5.99850085e-06,  3.78777953e-04,  2.28051415e-03,  1.07078031e-03,
        6.80828114e-04, -2.63092861e-06,  1.38017372e-03,  2.21143915e-04,
        5.70101494e-04,  5.00492398e-04, -2.78396853e-04, -2.94882000e-04,
        4.91905524e-04,  8.29693149e-04, -4.06764964e-05, -5.27296878e-04,
        3.27943857e-04,  3.75001880e-04, -2.41371020e-04,  9.67099395e-05,
        2.10621375e-04, -4.91775787e-05,  1.36586024e-04, -3.09269855e-05,
        7.31134390e-04, -3.78074833e-04,  1.40859107e-03, -3.38315324e-04,
        1.48615207e-04,  7.05648769e-04,  4.46075210e-04,  1.13909362e-03,
        1.69543022e-04,  2.04532573e-03,  3.46032001e-03,  5.40257110e-03,
        1.39180753e-03, -4.12634914e-04, -1.08907645e-04,  1.82194214e-05,
       -1.27446312e-04, -2.02263482e-04,  7.92245973e-04,  7.61132796e-04,
        2.87331927e-04,  6.01867082e-04,  3.20709532e-04,  1.79976400e-03,
        1.36315690e-03,  3.15247239e-03,  1.06684510e-03,  5.29094292e-04,
        2.48511226e-04,  1.49588975e-05,  2.31341878e-05,  1.55581923e-03,
        1.02621238e-02,  7.20457222e-03,  8.43609555e-03,  8.94601564e-03,
        4.30537440e-03, -3.69157476e-04,  4.80880853e-04,  6.61167892e-04,
        3.76244558e-03,  5.97055204e-03]), 'importances_std': array([5.06774056e-04, 5.11371547e-04, 3.20381083e-04, 3.96075878e-04,
       3.70044482e-04, 2.33814527e-04, 3.63931940e-04, 2.81901853e-04,
       3.16776272e-04, 3.23353053e-04, 2.16440998e-04, 3.53049667e-04,
       3.44330850e-04, 5.22602760e-04, 6.27772009e-04, 1.96187429e-04,
       5.46884254e-04, 1.73962438e-04, 1.71450986e-04, 7.34571601e-04,
       4.48309712e-04, 3.09334988e-04, 4.67897471e-04, 5.87061348e-04,
       5.56338945e-04, 5.29639985e-04, 7.57940294e-04, 3.21918456e-04,
       7.94093779e-04, 4.28710717e-04, 5.84378549e-04, 3.49872079e-04,
       3.12210467e-04, 3.46547335e-04, 2.61842883e-04, 2.65060800e-04,
       1.93204064e-04, 3.31625401e-04, 1.69928103e-04, 2.71623277e-04,
       2.48972681e-04, 2.57911806e-04, 5.25631326e-04, 3.25852738e-04,
       5.32432209e-04, 4.17685456e-04, 2.00907755e-04, 5.12030766e-04,
       3.63344704e-04, 3.86634109e-04, 4.18790481e-04, 6.07251941e-04,
       3.74696381e-04, 2.91517925e-04, 3.06964588e-04, 4.50795051e-04,
       2.73889557e-04, 3.07454457e-04, 6.67519927e-04, 6.70778553e-04,
       7.64576715e-04, 4.12861369e-04, 2.95085850e-04, 9.07594702e-04,
       4.31485540e-04, 2.00525301e-04, 9.41223668e-04, 5.57589426e-04,
       5.59755325e-04, 3.47763417e-04, 2.94361055e-04, 2.24108426e-04,
       3.42435611e-04, 3.51945282e-04, 5.02447452e-04, 6.01366088e-04,
       3.04471252e-04, 6.46388295e-04, 3.71854106e-04, 3.39645546e-04,
       2.15588584e-04, 4.23113682e-04, 2.25380983e-04, 3.14869810e-04,
       3.23299015e-04, 1.33477624e-04, 6.70194143e-05, 2.02813195e-04,
       8.04783544e-04, 7.71837068e-04, 2.23870461e-03, 1.55442303e-03,
       9.69521227e-04, 1.04071592e-03, 1.55296617e-03, 3.90050133e-04,
       1.10019321e-03, 8.59110375e-04, 7.58847908e-04, 1.28130529e-04,
       3.30241008e-04, 9.82631783e-04, 6.80506975e-04, 6.73896977e-04,
       8.83953278e-04, 1.83965660e-03, 5.23779351e-04, 7.79702045e-04,
       8.33840289e-04, 5.26269223e-04, 7.66003739e-04, 1.08682402e-03,
       2.55848936e-03, 2.76815061e-03, 1.49602159e-03, 1.09572505e-03,
       6.24669414e-04, 4.50077656e-04, 8.81772326e-04, 4.54354489e-04,
       4.64821558e-04, 3.14433336e-04, 4.69612760e-04, 2.74860369e-04,
       5.92250601e-04, 7.03534381e-04, 6.84885665e-04, 7.23022818e-04,
       9.82242003e-04, 5.41850680e-04, 8.05471469e-04, 2.99967266e-04,
       2.65716896e-04, 7.92330427e-04, 7.16850982e-04, 6.32431352e-04,
       5.24847434e-04, 3.54048562e-04, 8.19121191e-04, 2.25622172e-04,
       6.42044289e-04, 1.11066514e-03, 4.55115399e-04, 3.00725987e-04,
       8.54106168e-04, 6.79486986e-04, 5.62166909e-04, 4.48941023e-04,
       5.86855029e-04, 2.51568112e-04, 2.82190663e-04, 5.40023610e-04,
       1.88362678e-04, 3.55110301e-04, 2.40175510e-04, 5.64047407e-04,
       4.45962816e-04, 5.75661438e-04, 4.16313336e-04, 4.13843672e-04,
       8.93261492e-04, 8.87181274e-04, 4.29158018e-04, 8.92561781e-04,
       1.34793118e-03, 3.13307766e-04, 5.91952405e-04, 2.85480629e-04,
       2.12737635e-04, 4.85879342e-04, 5.97055041e-04, 3.16338096e-04,
       2.19604411e-04, 8.81457842e-04, 1.14343537e-03, 4.02212229e-04,
       5.55408516e-04, 3.94582890e-04, 9.34666046e-04, 4.81771497e-04,
       9.58818766e-04, 9.81841214e-04, 8.86474945e-04, 1.67645512e-03,
       1.15137501e-03, 2.99072551e-03, 1.47306121e-03, 8.80708384e-04,
       1.13892751e-03, 8.90948617e-04, 6.44869027e-04, 1.18544838e-03,
       2.74353123e-03, 1.44764068e-03, 1.80863769e-03, 1.32784998e-03,
       1.82674134e-03, 7.16030412e-04, 7.79279571e-04, 4.29280177e-04,
       1.48334197e-04, 4.13177741e-04, 7.04519226e-04, 5.13384706e-04,
       4.48335421e-04, 4.92716761e-04, 6.57203888e-04, 1.42867242e-03,
       6.32769357e-04, 2.33217527e-04, 3.83038995e-04, 5.03275091e-04,
       5.68311934e-04, 6.34426162e-04, 6.68738068e-04, 9.01512189e-04,
       3.24523656e-04, 4.29085216e-04, 2.75372912e-04, 3.33937306e-04,
       4.64415471e-04, 3.11854226e-04, 3.69316573e-04, 3.20578683e-04,
       6.38513257e-04, 5.93646150e-04, 1.24211726e-03, 3.89128260e-04,
       2.49689434e-04, 3.30834459e-04, 4.74756369e-04, 3.24246259e-04,
       6.50504932e-04, 1.64468513e-04, 9.00360006e-04, 5.03027258e-04,
       3.19893498e-04, 2.74376462e-04, 5.41916336e-04, 6.90822853e-04,
       3.97594421e-04, 4.66203981e-04, 2.20428137e-04, 3.74402427e-04,
       3.00841855e-04, 8.36893659e-04, 3.53567998e-04, 5.77792629e-04,
       5.12555626e-04, 7.70123836e-04, 6.31862111e-04, 6.04520457e-04,
       3.18369939e-04, 2.93112733e-04, 3.12880211e-04, 4.09154401e-04,
       2.90826756e-04, 3.46194921e-04, 4.32945118e-04, 5.34746076e-04,
       2.98785179e-04, 9.51187755e-04, 7.84853420e-04, 1.24388326e-03,
       3.03404231e-04, 2.24670349e-04, 1.82141255e-04, 4.56428327e-04,
       3.68064281e-04, 9.88417713e-04, 8.10957479e-04, 4.59454083e-04,
       4.12918699e-04, 6.85760355e-04, 4.34835536e-04, 2.17745751e-04,
       4.00486580e-04, 5.76018488e-04, 3.42463632e-04, 1.44709727e-04,
       5.21223578e-04, 2.85071136e-04, 1.88396100e-04, 5.46302641e-04,
       3.04529907e-04, 3.76616466e-04, 2.81399994e-04, 3.22242354e-04,
       9.87388264e-04, 3.89118643e-04, 5.47432883e-04, 8.97773449e-04,
       5.53302726e-04, 2.85422908e-04, 7.53300940e-04, 5.46988767e-04,
       1.97100006e-04, 3.33696495e-04, 3.24360693e-04, 2.99013964e-04,
       5.33919742e-04, 4.95869277e-04, 3.96650483e-04, 4.03846385e-04,
       3.60167540e-04, 4.27998752e-04, 2.35830638e-04, 5.40705475e-04,
       4.65686632e-04, 4.22433102e-04, 1.51251122e-04, 4.73556539e-04,
       2.65282173e-04, 5.22670381e-04, 3.48740515e-04, 2.26598969e-04,
       2.04358687e-04, 5.36908937e-04, 3.35052601e-04, 2.86802028e-04,
       1.60990201e-04, 6.64255299e-04, 3.19304580e-04, 7.11474691e-04,
       3.94337319e-04, 3.93280665e-04, 2.50936788e-04, 4.90931438e-04,
       6.70492513e-04, 5.04004359e-04, 3.48571778e-04, 3.43442967e-04,
       4.13298503e-04, 6.10119561e-04, 4.84537866e-04, 8.64268009e-04,
       9.51090260e-04, 4.91018341e-04, 6.36954198e-04, 3.25209728e-04,
       7.46985065e-04, 1.80050012e-04, 1.57970817e-04, 4.22994718e-04,
       2.34514306e-04, 2.24480816e-04, 8.46174754e-04, 4.94293543e-04,
       4.19350653e-04, 4.72031383e-04, 3.31204868e-04, 3.48861545e-04,
       2.34077383e-04, 2.78382755e-04, 3.72449366e-04, 4.83686029e-04,
       4.14485780e-04, 2.58464644e-04, 1.67213972e-04, 3.14362120e-04,
       5.91625466e-04, 3.38683814e-04, 2.76674746e-04, 2.45066976e-04,
       2.97823710e-04, 3.37786291e-04, 4.32012036e-04, 3.33189421e-04,
       4.49130324e-04, 2.44261647e-04, 4.04992573e-04, 3.65674609e-04,
       2.75011956e-04, 3.24771074e-04, 4.34423554e-04, 6.82618105e-04,
       2.01557215e-04, 8.74427419e-04, 7.01961937e-04, 8.39877133e-04,
       5.93491654e-04, 3.73385570e-04, 3.02892127e-04, 1.53231545e-04,
       1.83574968e-04, 2.71530133e-04, 8.22191155e-04, 4.64868315e-04,
       3.03160277e-04, 3.51635430e-04, 5.14233512e-04, 4.71277029e-04,
       6.23641786e-04, 6.02834730e-04, 7.05814735e-04, 7.76076559e-04,
       2.38324075e-04, 2.59694486e-04, 8.01933918e-04, 1.43888558e-03,
       2.04959568e-03, 2.04007894e-03, 1.58489025e-03, 1.65912629e-03,
       1.13701440e-03, 2.56532487e-04, 7.75270756e-04, 1.06317570e-03,
       8.59436356e-04, 1.59551592e-03]), 'importances': array([[-7.94655533e-04, -1.55708761e-03, -6.97566777e-04, ...,
        -1.46050728e-04, -9.81661703e-04, -1.57535748e-04],
       [-3.80265356e-04,  1.99285791e-04,  4.49325155e-04, ...,
         2.12095914e-04,  1.60392199e-04,  8.86352107e-04],
       [-1.73327281e-04,  9.42160040e-05, -8.89594386e-05, ...,
        -4.91515429e-04, -1.47976640e-04, -1.27945937e-04],
       ...,
       [-6.28727743e-04,  1.14613015e-03,  1.14787250e-03, ...,
         1.11978556e-04,  1.40062590e-03,  1.28545030e-03],
       [ 3.15810919e-03,  5.09180776e-03,  4.53561442e-03, ...,
         3.25982907e-03,  3.34268384e-03,  2.65813850e-03],
       [ 5.91462064e-03,  7.38002167e-03,  5.53959183e-03, ...,
         7.73042957e-03,  7.96698461e-03,  3.71846756e-03]])}","[ 2.00935728e-03  7.33013988e-04  1.28531534e-03  5.65415573e-04
  2.74210401e-04  2.28293138e-04  3.85966471e-04  4.12155435e-04
  1.23802928e-04  1.22272982e-04  5.66654234e-05 -4.71148386e-04
  1.40917328e-03  1.86224374e-03  8.07270918e-04  3.34248474e-04
  6.52687337e-04 -3.06031950e-04  3.53934037e-04  9.21291032e-04
  6.11753802e-04  4.42628941e-04  2.45889957e-04  3.88834693e-04
  5.65255134e-04  4.68621605e-04  7.97986874e-04  5.10256340e-05
  6.75598038e-04  1.27971447e-03  1.01718004e-04  2.84119017e-04
  3.22570917e-04  1.39335393e-03  6.03261103e-04  7.55241279e-05
  7.95215617e-04  2.75099914e-04  2.06091914e-04 -3.50826564e-05
  2.93116320e-04  4.18857589e-04 -2.49029784e-04  1.07580334e-04
  1.00108824e-03  2.00991748e-04  6.91634674e-04  1.06303802e-03
 -4.53382257e-06  6.80439751e-04  1.13080962e-03  1.46358545e-03
  1.96535263e-03 -6.68223497e-05  9.02814088e-04  1.15498296e-03
  5.51867162e-04  2.08244171e-04  1.13902273e-03  6.27449225e-04
 -1.96030875e-04  5.95817599e-04  2.16908993e-04  1.60907280e-03
  5.38643191e-04  9.21663195e-04  1.80700479e-03  1.55798449e-04
  3.28269582e-04  3.49521642e-05  8.11753956e-04  3.71600598e-04
  5.66221045e-04  8.01833961e-04  9.50497124e-04  6.02765319e-04
  1.04102779e-04  2.37882701e-03  3.51988454e-04  4.45890218e-04
  4.40787818e-04  1.03850746e-03  2.53204142e-04  1.23922909e-04
  1.62975161e-07 -4.47983300e-05  3.04347508e-04  2.34962888e-04
  2.38256145e-04  1.78641061e-03  3.81940733e-04  2.76089173e-03
  1.90203519e-04  6.04351913e-04  1.46886270e-03 -1.17139344e-03
  1.02994102e-03  2.73335155e-04  1.18553842e-03  6.39789066e-04
  1.54671028e-04  1.65946747e-03 -5.89219461e-04 -4.19817762e-04
 -1.08426129e-03  4.12776218e-03  9.62902820e-04  5.62439468e-04
  1.54793527e-03 -1.21787791e-03  1.50616725e-03  4.82257499e-04
 -2.28756443e-04  5.60168132e-03  2.60389116e-04  1.74986995e-03
  7.13683615e-04  1.64028487e-03  1.33474376e-03  3.41446467e-04
  1.59735135e-03  6.94141010e-04  8.26306850e-04  5.66944169e-04
 -1.53180248e-04  3.17633786e-04  1.86655272e-03  1.02372329e-03
  7.49151647e-04  6.59715896e-04  1.46294623e-03  8.97510443e-04
  9.97332569e-04  1.36180252e-03  4.32914890e-04  1.32015759e-03
 -2.06603375e-04 -4.17728293e-04  2.27524674e-03 -1.99640427e-04
  3.82186266e-04  7.65255388e-04  1.05807102e-03  8.08933759e-04
  8.22471101e-04  2.67557412e-03  1.30476770e-03  9.92488863e-04
  7.46800949e-04  1.33992467e-03  3.17995117e-04  6.43955914e-04
  3.31218680e-04  9.47162227e-04 -7.60711228e-05  7.90499183e-04
 -7.85722694e-05  1.27726296e-03  7.00427557e-04  1.64716228e-03
  4.50399752e-05  2.92194796e-04  1.14535731e-03  1.15496559e-03
  3.49819428e-04  7.04628617e-05  9.12957769e-04 -1.14614418e-04
  1.36188443e-05  2.48768090e-04  8.53547092e-04 -5.05815277e-04
  4.16691307e-04  1.31448053e-03  1.90905488e-03  4.94324467e-05
  1.15144193e-03  5.30269068e-04  1.92722290e-03  7.38083906e-04
  1.18654234e-03 -3.86448475e-04  9.24359963e-04 -1.64986783e-03
  1.23473430e-04  1.31716484e-03  6.55495822e-04  1.88947035e-03
  8.99775517e-04  1.38528354e-03  7.47416434e-04 -1.84285694e-03
  1.91382848e-03 -1.29417713e-03  7.65803443e-04  1.18996977e-03
  4.77650683e-03  1.63080018e-03  1.38745564e-03  4.31917065e-04
  3.27917759e-04  7.59569563e-04  1.34397098e-03  2.26414713e-03
  4.13401654e-04  9.79166791e-04  2.78901947e-03  1.60637389e-03
  1.30151478e-04  4.95551838e-04 -1.54628328e-04 -1.70034322e-04
  5.01886493e-04 -3.54609226e-05  2.23397822e-03 -1.53174069e-04
  7.67327219e-04  1.87656100e-03  4.87591486e-04  1.30762819e-03
  1.13591512e-03  2.76843990e-04  6.85717184e-04 -1.21076285e-04
  6.55523885e-04  7.94444159e-04  2.14767908e-03  1.70551015e-04
  1.29151588e-04  4.35733763e-04  5.08113653e-04 -1.02143110e-04
  9.70543881e-04  6.42838085e-04  9.17700847e-04  9.02188897e-04
  9.44721785e-04 -3.22229371e-04  1.46694522e-03  3.98366962e-04
  6.55272047e-04  5.87563927e-04  2.72927314e-04  2.59563604e-04
  1.20756441e-04  7.21821860e-04  3.05643559e-04  2.03024018e-04
  3.82303680e-05  5.36305572e-04  4.25864200e-04 -6.63770661e-04
 -1.66977977e-04  5.17618360e-05  7.09139195e-04  4.09924944e-05
  5.77238055e-04  5.13361951e-04  2.14914952e-04  1.06130929e-03
  7.29174120e-04 -1.35121810e-03  3.99304763e-04  2.48588035e-04
  7.18716570e-04  1.77582475e-04 -5.69786544e-04  1.72608686e-05
 -4.85900260e-04  1.40269139e-03 -9.12940585e-04  1.79799930e-03
  1.37962180e-03  8.54595228e-04  2.64334064e-04  2.13853344e-04
  1.10375800e-04  3.90270818e-04  3.89460361e-04 -3.88499193e-05
  8.39583566e-04  3.35063868e-04  3.02784990e-04  4.91996665e-04
  5.52094581e-04  2.38693210e-04  6.67396988e-04 -2.32094685e-04
  1.26518985e-03 -5.62625384e-05  1.83825542e-03  1.82863550e-03
 -1.32484715e-04  2.75367203e-04  2.68725012e-03  1.08884142e-03
 -4.09214012e-04  3.60811589e-04  1.22477137e-03  5.05601721e-04
 -4.99025804e-04 -5.76888660e-05  1.01885973e-03 -3.25187399e-04
  8.08071984e-04  5.62961252e-04  5.14534032e-04  8.51881042e-04
  4.07686379e-04  1.04181139e-04  1.90567010e-04  9.90110875e-04
  3.60908606e-04  1.45622806e-03  9.99331818e-04 -1.08280565e-04
  5.27175124e-04  1.06406532e-03  6.39341263e-04  4.62011042e-04
 -3.00079305e-05  8.24272740e-04  9.13370709e-04  4.82386980e-04
 -1.07885279e-04  2.97824899e-04  7.62561962e-04  5.82209026e-04
  1.61364167e-04  2.36456897e-03  7.61801386e-04  5.23988740e-04
  2.26452603e-04  6.99663693e-04  7.78721977e-04  1.41643927e-03
  1.53074197e-03 -7.85566079e-04 -9.97315224e-04 -2.66251714e-04
  2.60123014e-04  1.26610896e-03  9.12263586e-05  8.94940959e-04
  4.29101603e-05  1.05418477e-03  1.78791726e-03  1.00288943e-03
  4.90936902e-05 -4.78912674e-05  1.03636236e-03  2.43793893e-04
  4.35788909e-04  6.57212737e-04  6.83764575e-04  2.69691446e-04
  1.61018002e-04 -1.07947608e-04 -2.62574633e-04 -1.95999125e-04
  3.32288990e-04  7.56056798e-04  9.01345658e-04  3.88487597e-04
 -1.09698008e-05  7.33339574e-04  6.76006399e-04  5.55482094e-04
  9.75292745e-04  6.61060451e-05 -1.50230156e-04  5.77146287e-04
  2.70754687e-04  1.25573913e-04 -8.71521640e-05  1.17210336e-03
  7.01993172e-04  2.38389766e-03  1.14941821e-03  1.83859889e-03
  3.50977322e-04  7.94270246e-04  5.27127646e-04  3.03285441e-04
  3.84228230e-04  1.57095871e-04  1.73541892e-03 -1.00906709e-04
  3.46388683e-04  3.34179740e-04  3.07398570e-04  1.70215365e-03
  1.24175410e-03  1.20152555e-04  1.65131244e-03 -9.13234062e-04
  2.55813390e-04  8.93648102e-04  7.92110869e-04  3.00410888e-03
  1.26491769e-03  1.51767898e-03 -4.82661419e-04  1.88656174e-03
  8.27684570e-04  7.88473913e-04  3.15483886e-04  3.08964197e-03
  3.09269440e-03  1.47252829e-03]","[ 2.83847412e-03  5.18872586e-04  8.00194576e-04  1.19287139e-04
  9.85354353e-04  3.50033664e-04  7.52796925e-04  7.50190315e-04
  4.95414259e-04  5.83339277e-05  1.41849764e-04  3.85510563e-04
  3.12234044e-04  2.67405449e-03  3.32051166e-04 -2.02985835e-05
 -1.49455621e-04 -1.91067340e-04 -4.37614183e-06  1.01568115e-04
  1.59117287e-03 -8.62513672e-05 -3.34685456e-04  6.17389518e-04
  2.89978208e-04  1.34396638e-03 -4.18622311e-04  7.83222137e-04
  2.29955632e-03  4.12681076e-04  1.50762731e-03  1.29061199e-03
  5.52035988e-05  9.92916588e-04  1.99302189e-04 -8.36183351e-05
 -2.69730988e-05  9.10297906e-04  1.49216466e-04 -9.69697119e-05
  4.90310215e-04  2.76784434e-04  4.03899449e-04  4.42813365e-05
 -1.49613134e-04  8.12295692e-04  4.06827756e-04  3.81576707e-04
  1.51927939e-03  6.00274566e-05  1.82140182e-03  1.84752874e-05
  1.27985608e-03  6.68638877e-04  2.82497369e-04  5.19172926e-04
  4.13179718e-05  1.32696055e-04  1.51039608e-03  8.73900946e-04
 -4.55181037e-04  1.31415017e-03  2.25109541e-04  1.09756486e-03
 -2.19161252e-04  3.90496963e-04  1.36565302e-03  2.75754331e-04
 -1.25907186e-04  9.84088912e-04  8.14897157e-04  7.75821690e-04
  9.81628807e-05  1.04971058e-03  4.42394781e-04  1.03665754e-03
  3.40504996e-04  1.80468444e-03  6.93779086e-04 -1.32523707e-04
  3.31366536e-04  1.43586495e-03  2.76954777e-04  6.07301665e-05
  3.60514279e-04  3.01599515e-04 -3.38875038e-05 -1.10460468e-04
  7.55951620e-04  7.49806773e-04 -4.43427016e-04  1.33233703e-03
  9.51577687e-04  1.17697142e-04  5.07383859e-03  7.67960790e-04
  1.96389738e-03  2.18440014e-04  1.97041072e-03  2.30616661e-05
  1.11918938e-03  1.81798285e-03 -4.76005677e-04  2.34273529e-04
 -1.89016733e-04  2.23843764e-03 -1.28388773e-03  6.23769390e-04
 -1.98531277e-04  7.80079424e-04  2.50979127e-03  2.68513130e-03
 -1.55313563e-03  2.08726676e-04  2.01268084e-04  7.14908131e-04
 -1.24613006e-03  5.83430942e-04  4.45646856e-04 -5.38131383e-04
 -5.45385558e-04 -3.82776819e-04  1.75537510e-04  8.66188038e-06
 -2.10054931e-04  8.22958878e-04  6.81263330e-04 -8.87826678e-04
  1.00452017e-03 -2.31337236e-04 -3.26589689e-05  5.04435812e-04
  6.03183033e-05 -9.55936827e-04  3.98145430e-04  6.48596412e-04
  6.21547319e-04  7.93334212e-04  2.12896472e-03  4.10358945e-04
  4.97232126e-04  2.51342908e-04 -4.27565047e-04 -9.17894547e-05
  6.25141386e-04  8.54838774e-04  2.14347708e-04  5.85870260e-04
 -9.90406564e-05  5.01594915e-04  9.64216534e-05  3.09498691e-04
  9.65355073e-05  1.04913532e-03  1.62669691e-04  2.05596170e-04
  7.56350997e-04  9.09523839e-04 -3.19416390e-04 -2.44845222e-04
  6.35769642e-04  1.97904345e-04  1.70929266e-03 -6.48799557e-04
 -1.41075822e-03  3.73206295e-04 -7.52049706e-05  5.05044716e-04
  3.63632224e-04  7.15692630e-04 -2.78040604e-04  1.54883398e-05
  5.32635864e-06  2.58573677e-03  8.91133350e-04 -6.55763659e-05
  1.20218231e-03  1.08491498e-03  1.96771701e-03 -9.17588962e-04
  1.26521663e-04 -1.82409130e-03 -2.27411895e-03  6.19482559e-05
  1.25494423e-05  1.55670958e-04 -3.02414235e-04 -2.89120567e-04
  1.95835529e-03  2.03286232e-03  5.75296727e-04  1.43214292e-03
  1.36394420e-03 -6.96671115e-05  1.85238095e-03 -1.36475023e-03
 -4.98019035e-04 -9.36866064e-04  6.42309242e-04 -2.10367686e-04
  9.96787177e-04  5.06540906e-04  1.57681239e-03 -1.97385600e-05
  1.77418245e-03  1.26811487e-03  3.05162958e-03  3.25790555e-03
  5.48981188e-04  5.73087253e-04  5.06522306e-04 -1.48202970e-04
  2.60467358e-05  6.97460602e-04  3.89621623e-03  1.45584093e-03
  7.18135098e-04  9.21897440e-04  2.63609990e-04  5.13696826e-04
  4.45264010e-04  1.27146361e-03  7.62445134e-04  2.80179060e-04
  8.89560462e-04  1.07720788e-03  3.36093152e-04  1.18300710e-03
  9.10392790e-04  1.01642299e-03  1.52796305e-03 -1.20380385e-04
 -5.39967099e-04  3.11515498e-04  8.45797904e-04 -1.06441896e-05
 -5.57398593e-05 -5.31384112e-04  5.03017673e-04  6.25144893e-04
  2.98466712e-04 -2.00939825e-04 -2.23945264e-05  7.83431533e-04
  3.25781587e-05  6.38740540e-05  9.35614437e-04  1.02923452e-03
  5.70794620e-04  9.30857831e-04 -5.98429508e-04 -8.31744758e-04
  3.37976648e-04 -3.16667060e-04  3.59196840e-04 -6.06315756e-05
  9.01894224e-04  8.73898354e-04  2.43131547e-04  1.44389487e-03
  9.69051748e-04 -1.11746656e-03  6.71947304e-04 -8.16013472e-04
  3.16364816e-04  1.25946244e-03  7.26817526e-05  5.82783073e-04
 -7.55773251e-05 -8.52716467e-04 -2.06844144e-03  7.67238972e-04
  4.15732256e-04  1.26639557e-03 -2.48286719e-04  4.61837266e-04
  5.49796713e-05 -7.58132542e-04  1.50111973e-04  4.65488272e-04
  2.17902804e-04  2.74684940e-04  1.40261105e-04 -2.09584586e-04
 -2.85023965e-05 -1.47769175e-04  8.33309650e-04  5.69919459e-04
  1.54358798e-03  3.15878573e-04  1.24087672e-03  1.46090781e-03
 -1.84095162e-04  8.82489663e-05  1.09426194e-03  2.47270522e-03
  4.46738595e-04  8.31231675e-04  1.75171634e-03 -5.54493893e-04
 -2.62387764e-04  4.47356533e-04  1.53882017e-03  6.15338044e-04
  1.66773912e-03  6.77326249e-04  2.96998324e-04  2.61420588e-04
 -2.66834591e-04  5.68013591e-04  3.48051130e-04  3.01006171e-04
 -1.27368360e-04  1.32752225e-03  6.42654171e-04 -8.70333230e-05
  4.75422020e-04  8.21082097e-04  8.88338645e-04  1.05205917e-03
  8.83803672e-05  9.86809131e-04  3.28792598e-04  3.98689435e-05
 -5.73136262e-04 -4.18245794e-04  7.83914142e-04  6.52853532e-04
  5.09829472e-04 -6.03339840e-05  3.23610362e-04  1.02145532e-03
  3.61946025e-04  4.41008289e-04 -7.46403441e-04  2.35533850e-03
 -1.20888621e-03 -5.62684146e-04 -6.54396985e-04  3.29707246e-04
  7.03105840e-04  1.67893774e-03  2.39583233e-04  5.22276862e-04
  3.96846999e-04  2.62753691e-04 -4.33506760e-04  5.95033591e-04
  5.91895781e-04  5.34350350e-04 -1.58907600e-04  2.22411411e-04
  2.60850560e-04  1.48577284e-04  6.84981697e-04  9.93499505e-04
 -8.02646542e-05 -2.74959093e-04  2.39091429e-04  8.75201569e-04
  3.86965046e-04  1.13756949e-03  9.73829906e-04  6.47650737e-04
  1.73179006e-04  4.66438787e-04  5.13036152e-04  5.19280834e-04
  5.17573631e-04  9.02661895e-04 -1.89542906e-04  8.42218912e-04
  6.17735502e-04  1.86852112e-04  5.51101218e-04 -5.10885284e-04
  9.95846728e-05  2.48312512e-03  1.02502919e-04 -1.96867465e-03
  1.18022612e-03  1.10956638e-03  6.08859769e-04  4.07885219e-04
  6.49021038e-04  6.13547793e-04  3.85326995e-04  3.34756180e-04
  3.42279859e-04  2.10083051e-04  4.51879244e-04 -3.09848976e-04
  6.71937378e-04 -1.50830920e-03  1.85901561e-03  1.73079182e-03
  3.51259016e-04  3.40150960e-04  1.42581729e-03  3.05550498e-03
  1.49497740e-03  2.01619636e-03  3.61512929e-04 -1.53527849e-03
  1.38723109e-04  1.04581558e-03  6.62512405e-04  3.86874779e-03
  1.13881974e-03  3.16485792e-03]","[ 8.29116839e-04 -2.14141401e-04 -4.85120767e-04 -4.46128434e-04
  7.11143953e-04  1.21740526e-04  3.66830454e-04  3.38034880e-04
  3.71611330e-04 -6.39390542e-05  8.51843405e-05  8.56658950e-04
 -1.09693924e-03  8.11810751e-04 -4.75219752e-04 -3.54547057e-04
 -8.02142958e-04  1.14964610e-04 -3.58310179e-04 -8.19722917e-04
  9.79419064e-04 -5.28880308e-04 -5.80575414e-04  2.28554825e-04
 -2.75276927e-04  8.75344771e-04 -1.21660918e-03  7.32196503e-04
  1.62395829e-03 -8.67033393e-04  1.40590930e-03  1.00649297e-03
 -2.67367318e-04 -4.00437338e-04 -4.03958914e-04 -1.59142463e-04
 -8.22188716e-04  6.35197992e-04 -5.68754480e-05 -6.18870554e-05
  1.97193895e-04 -1.42073156e-04  6.52929233e-04 -6.32989972e-05
 -1.15070137e-03  6.11303945e-04 -2.84806918e-04 -6.81461318e-04
  1.52381321e-03 -6.20412295e-04  6.90592200e-04 -1.44511016e-03
 -6.85496546e-04  7.35461227e-04 -6.20316719e-04 -6.35810035e-04
 -5.10549190e-04 -7.55481166e-05  3.71373359e-04  2.46451721e-04
 -2.59150162e-04  7.18332572e-04  8.20054814e-06 -5.11507937e-04
 -7.57804443e-04 -5.31166233e-04 -4.41351775e-04  1.19955882e-04
 -4.54176768e-04  9.49136748e-04  3.14320078e-06  4.04221092e-04
 -4.68058164e-04  2.47876620e-04 -5.08102343e-04  4.33892220e-04
  2.36402217e-04 -5.74142570e-04  3.41790632e-04 -5.78413924e-04
 -1.09421282e-04  3.97357496e-04  2.37506347e-05 -6.31927429e-05
  3.60351304e-04  3.46397845e-04 -3.38235012e-04 -3.45423356e-04
  5.17695475e-04 -1.03660384e-03 -8.25367749e-04 -1.42855470e-03
  7.61374168e-04 -4.86654771e-04  3.60497589e-03  1.93935423e-03
  9.33956360e-04 -5.48951405e-05  7.84872302e-04 -6.16727400e-04
  9.64518349e-04  1.58515384e-04  1.13213784e-04  6.54091290e-04
  8.95244561e-04 -1.88932453e-03 -2.24679055e-03  6.13299219e-05
 -1.74646654e-03  1.99795733e-03  1.00362401e-03  2.20287380e-03
 -1.32437919e-03 -5.39295464e-03 -5.91210322e-05 -1.03496182e-03
 -1.95981368e-03 -1.05685393e-03 -8.89096902e-04 -8.79577851e-04
 -2.14273691e-03 -1.07691783e-03 -6.50769340e-04 -5.58282289e-04
 -5.68746838e-05  5.05325092e-04 -1.18528939e-03 -1.91154997e-03
  2.55368521e-04 -8.91053132e-04 -1.49560520e-03 -3.93074631e-04
 -9.37014266e-04 -2.31773934e-03 -3.47694598e-05 -6.71561181e-04
  8.28150695e-04  1.21106251e-03 -1.46282022e-04  6.09999373e-04
  1.15045860e-04 -5.13912480e-04 -1.48563607e-03 -9.00723214e-04
 -1.97329715e-04 -1.82073535e-03 -1.09041999e-03 -4.06618603e-04
 -8.45841605e-04 -8.38329751e-04 -2.21573463e-04 -3.34457223e-04
 -2.34683172e-04  1.01973093e-04  2.38740814e-04 -5.84903013e-04
  8.34923267e-04 -3.67739122e-04 -1.01984395e-03 -1.89200750e-03
  5.90729667e-04 -9.42904511e-05  5.63935343e-04 -1.80376515e-03
 -1.76057765e-03  3.02743433e-04 -9.88162740e-04  6.19659133e-04
  3.50013380e-04  4.66924540e-04 -1.13158770e-03  5.21303617e-04
 -4.11364948e-04  1.27125624e-03 -1.01792153e-03 -1.15008813e-04
  5.07403775e-05  5.54645909e-04  4.04941104e-05 -1.65567287e-03
 -1.06002068e-03 -1.43764283e-03 -3.19847891e-03  1.71181609e-03
 -1.10923987e-04 -1.16149389e-03 -9.57910057e-04 -2.17859092e-03
  1.05857977e-03  6.47578779e-04 -1.72119707e-04  3.27499986e-03
 -5.49884283e-04  1.22451002e-03  1.08657751e-03 -2.55472000e-03
 -5.27452587e-03 -2.56766624e-03 -7.45146401e-04 -6.42284751e-04
  6.68869419e-04 -2.53028657e-04  2.32841408e-04 -2.28388569e-03
  1.36078079e-03  2.88948080e-04  2.62610109e-04  1.65153167e-03
  4.18829710e-04  7.75354147e-05  6.61150634e-04  2.18313518e-05
 -4.75839757e-04  7.32921524e-04  1.66223800e-03  1.60901500e-03
 -4.91921207e-05 -9.54663558e-04 -2.23981496e-04 -7.93931365e-04
 -6.90651110e-04  9.94619622e-04  7.67279501e-05  4.01255345e-04
  2.34036576e-04  2.82763722e-04 -1.81158592e-03  1.01245609e-03
  7.81241202e-04  5.80689222e-04  1.01984940e-03 -1.82372747e-05
 -1.51051098e-03 -3.31322587e-04 -7.19029430e-05 -9.12833087e-04
 -1.00046164e-03 -2.09154741e-04 -9.63927544e-04  2.26777931e-04
 -3.56805335e-04 -7.88503752e-04 -2.95321840e-04  5.23867929e-04
 -8.81782818e-05 -6.57947806e-04  6.29970878e-04  8.26210499e-04
  5.32564252e-04  3.94552260e-04 -1.02429371e-03 -1.67974097e-04
  5.04954625e-04 -3.68428896e-04 -3.49942355e-04 -1.01624070e-04
  3.24656169e-04  3.60536403e-04  2.82165952e-05  3.82585585e-04
  2.39877628e-04  2.33751537e-04  2.72642540e-04 -1.06460151e-03
 -4.02351755e-04  1.08187997e-03  6.42468296e-04  5.65522204e-04
  4.10322935e-04 -2.25540785e-03 -1.15550086e-03 -1.03076032e-03
 -9.63889549e-04  4.11800340e-04 -5.12620783e-04  2.47983922e-04
 -5.53961286e-05 -1.14840336e-03 -2.39348388e-04  5.04338192e-04
 -6.21680762e-04 -6.03789287e-05 -1.62523885e-04 -7.01581251e-04
 -5.80596977e-04 -3.86462385e-04  1.65912662e-04  8.02014144e-04
  2.78398126e-04  3.72141111e-04 -5.97378704e-04 -3.67727691e-04
 -5.16104467e-05 -1.87118236e-04 -1.59298818e-03  1.38386380e-03
  8.55952607e-04  4.70420086e-04  5.26944972e-04 -1.06009561e-03
  2.36638040e-04  5.05045399e-04  5.19960442e-04  9.40525443e-04
  8.59667138e-04  1.14364997e-04 -2.17535708e-04 -5.90460454e-04
 -6.74520970e-04  4.63832452e-04  1.57484120e-04 -6.89104704e-04
 -4.88276967e-04 -1.28705819e-04 -3.56677647e-04  2.12472421e-05
 -5.17531038e-05 -2.42983224e-04  2.48997382e-04  5.90048132e-04
  1.18388298e-04  1.62536391e-04 -5.84578111e-04 -4.42518036e-04
 -4.65250983e-04 -7.16070693e-04  2.13521791e-05  7.06445058e-05
  3.48465305e-04 -2.42490295e-03 -4.38191024e-04  4.97466584e-04
  1.35493422e-04 -2.58655404e-04 -1.52512542e-03  9.38899234e-04
 -2.73962818e-03  2.22881933e-04  3.42918240e-04  5.95958960e-04
  4.42982826e-04  4.12828775e-04  1.48356874e-04 -3.72664097e-04
  3.53936838e-04 -7.91431074e-04 -2.22142402e-03 -4.07855838e-04
  5.42802091e-04  5.82241617e-04 -1.19526996e-03 -2.13824826e-05
 -1.74938349e-04 -5.08635453e-04  1.21712174e-06  7.23808059e-04
 -2.41282656e-04 -1.67011484e-04  5.01666062e-04  1.07120069e-03
  5.46760561e-05  3.81512691e-04  7.24842481e-05  2.59163139e-04
  1.84148806e-04 -2.66900787e-04 -1.62970246e-04 -3.62012602e-05
 -4.57719113e-04  8.36555850e-04 -3.93127499e-05  2.65072624e-04
  3.46980816e-04  6.12781992e-05  6.38253382e-04 -1.68298864e-03
 -6.02408499e-04  9.92274548e-05 -1.04691530e-03 -3.80727354e-03
  8.29248801e-04  3.15296132e-04  8.17321233e-05  1.04599778e-04
  2.64792808e-04  4.56451922e-04 -1.35009193e-03  4.35662888e-04
 -4.10882399e-06 -1.24096689e-04  1.44480673e-04 -2.01200263e-03
 -5.69816722e-04 -1.62846175e-03  2.07703172e-04  2.64402589e-03
  9.54456262e-05 -5.53497142e-04  6.33706421e-04  5.13961048e-05
  2.30059716e-04  4.98517381e-04  8.44174349e-04 -3.42184023e-03
 -6.88961461e-04  2.57341667e-04  3.47028519e-04  7.79105817e-04
 -1.95387465e-03  1.69232963e-03]"
