,perm_results_XGBRegressortrain,perm_results_XGBRegressortest,perm_results_XGBRegressorval,diff_train_test_XGBRegressor,diff_train_val_XGBRegressor,diff_test_val_XGBRegressor
0,"{'importances_mean': array([3.12057734e-03, 5.97161055e-04, 6.89142942e-04, 2.70533562e-04,
       4.47446108e-04, 2.31045485e-04, 4.17560339e-04, 1.61319971e-04,
       6.24173880e-04, 1.38961673e-03, 1.29354000e-04, 5.06222248e-04,
       7.95632601e-04, 1.36153698e-03, 3.05068493e-04, 5.68974018e-04,
       3.43346596e-04, 3.90917063e-04, 7.02345371e-04, 4.48298454e-04,
       1.17349625e-04, 9.71376896e-05, 3.76516581e-04, 2.05969810e-04,
       2.47097015e-04, 5.38408756e-05, 3.39728594e-04, 1.52474642e-04,
       2.86810398e-03, 1.60083771e-03, 4.21303511e-04, 7.81726837e-04,
       2.49707699e-04, 9.84013081e-05, 4.36425209e-05, 2.95132399e-04,
       1.64312124e-04, 4.53901291e-04, 1.22749805e-04, 4.91899252e-04,
       1.21057034e-04, 2.86740065e-04, 1.84196234e-04, 4.01318073e-05,
       4.83602285e-04, 7.25471973e-04, 6.48975372e-05, 1.54733658e-05,
       1.03676319e-04, 1.62971020e-04, 3.71456146e-04, 1.79148316e-03,
       1.65221095e-03, 3.27765942e-04, 2.35581398e-04, 9.39196348e-04,
       8.93652439e-05, 1.55467391e-03, 2.87164450e-03, 4.46760654e-04,
       3.12745571e-05, 0.00000000e+00, 2.31015682e-04, 1.54387951e-04,
       5.52201271e-04, 2.09009647e-04, 1.11156702e-04, 1.21068954e-04,
       1.45196915e-04, 1.61254406e-04, 4.26924229e-04, 1.45393610e-04,
       1.41227245e-04, 1.26385689e-04, 5.53667545e-05, 1.22860074e-03,
       1.64798498e-03, 3.90410423e-04, 5.18321991e-05, 2.54529715e-04,
       2.24018097e-04, 4.42898273e-04, 1.78599358e-04, 4.17160988e-04,
       1.14852190e-04, 2.76982784e-04, 1.16324425e-04, 7.46130943e-04,
       7.14004040e-05, 2.08897591e-03, 4.01223302e-03, 6.76180124e-03,
       4.20659781e-04, 2.15977430e-04, 5.75661659e-04, 8.16047192e-05,
       5.73039055e-04, 1.90514326e-04, 6.27022982e-04, 9.06288624e-05,
       1.37513876e-04, 2.86465883e-04, 2.10985541e-03, 7.17046261e-03,
       2.94566751e-03, 3.83028388e-03, 2.35680342e-03, 6.43610954e-05,
       9.02390480e-04, 1.66851282e-03, 1.01340413e-03, 9.31322575e-05,
       2.03877687e-04, 4.92505431e-03, 2.99075842e-03, 8.90928507e-04,
       1.16539001e-04, 3.46475840e-04, 1.60837173e-04, 2.31463909e-03,
       1.88294649e-03, 6.89464808e-04, 1.86616182e-04, 1.95997953e-04,
       4.03165817e-05, 3.45706940e-06, 3.67301702e-04, 9.09686089e-05,
       2.20268965e-04, 1.76298618e-04, 7.08758831e-05, 4.71919775e-04,
       3.13878059e-05, 1.22547150e-04, 6.82699680e-04, 2.95734406e-04,
       1.72656775e-04, 7.55375624e-04, 3.97670269e-04, 2.87598372e-04,
       7.49230385e-05, 7.43925571e-05, 1.40653849e-03, 2.14034319e-04,
       1.61093473e-04, 1.32811069e-04, 1.23339891e-04, 1.22559071e-04,
       2.37900019e-04, 6.27666712e-04, 1.52087212e-04, 2.86477804e-04,
       3.53169441e-04, 0.00000000e+00, 2.70223618e-04, 1.00463629e-04,
       7.35545158e-04, 7.25388527e-05, 1.86342001e-04, 4.89109755e-04,
       3.98981571e-04, 4.82792854e-03, 3.71888280e-03, 1.00364685e-03,
       1.02090836e-03, 1.19943023e-03, 3.37237120e-04, 1.51723623e-04,
       4.98533249e-05, 8.43584538e-05, 2.53027678e-04, 5.20449877e-04,
       1.74403191e-04, 6.70599937e-04, 3.36140394e-04, 1.91748142e-05,
       1.72108412e-04, 2.14576721e-07, 3.82959843e-05, 3.66091728e-05,
       1.50263309e-05, 5.12462854e-04, 1.33674741e-03, 2.18346119e-03,
       1.23409808e-02, 9.62817073e-03, 5.84542751e-04, 0.00000000e+00,
       9.33110714e-05, 8.53538513e-06, 4.45306301e-05, 9.26136971e-04,
       2.34265029e-02, 6.86232150e-02, 2.40131199e-02, 8.96765590e-03,
       4.64112759e-03, 2.24828720e-04, 1.41793489e-04, 2.20417976e-04,
       1.36888027e-04, 6.44862652e-05, 6.21080399e-06, 6.75320625e-06,
       1.06531382e-04, 0.00000000e+00, 2.26944685e-04, 4.80502844e-04,
       7.65746832e-04, 6.87897205e-05, 1.87820196e-04, 2.75850296e-05,
       1.98125839e-04, 2.10338235e-03, 3.02267075e-04, 4.37498093e-06,
       5.65570593e-04, 0.00000000e+00, 6.50799274e-04, 8.51529837e-04,
       2.43961811e-05, 3.65525484e-04, 5.41210175e-05, 1.79231167e-05,
       1.14202499e-05, 3.33493948e-04, 1.86312199e-04, 4.78786230e-04,
       4.69040871e-04, 7.10606575e-05, 1.77502632e-05, 4.13060188e-05,
       1.10071898e-04, 7.05897808e-05, 2.29072571e-04, 2.12633610e-04,
       5.91814518e-05, 2.09486485e-04, 1.93405151e-04, 4.93502617e-04,
       1.71007514e-03, 1.10075474e-03, 3.57687473e-04, 8.05258751e-05,
       1.97076797e-04, 1.42532587e-04, 3.46124172e-05, 1.11436844e-04,
       4.54193354e-04, 1.31314993e-04, 3.35629582e-03, 8.60810280e-05,
       2.20835209e-05, 1.27500296e-04, 1.77747011e-04, 5.74225187e-04,
       1.38652325e-04, 4.65571880e-05, 4.17530537e-05, 1.76876783e-04,
       2.87890434e-06, 1.62720680e-05, 3.14658880e-04, 3.37904692e-04,
       1.01715326e-04, 1.57594681e-04, 1.79892778e-04, 5.99610806e-04,
       5.18131256e-04, 7.72416592e-05, 5.16235828e-05, 2.10344791e-05,
       0.00000000e+00, 1.17129087e-04, 0.00000000e+00, 2.61366367e-05,
       4.41074371e-07, 5.10811806e-06, 8.91506672e-05, 2.79605389e-04,
       4.66305017e-04, 9.71633196e-04, 7.60871172e-04, 6.54160976e-05,
       7.80820847e-07, 0.00000000e+00, 2.56896019e-05, 7.90953636e-06,
       2.34454870e-04, 6.39647245e-04, 1.52444839e-04, 5.68985939e-05,
       1.27422810e-04, 1.83182955e-04, 5.45775890e-04, 4.87607718e-04,
       3.24022770e-04, 6.48081303e-05, 1.36697292e-04, 2.46506929e-04,
       7.98344612e-04, 8.24111700e-04, 2.01346874e-03, 8.24213028e-05,
       3.73798609e-04, 1.46800280e-04, 3.94195318e-04, 5.54740429e-05,
       4.46975231e-05, 1.70022249e-04, 4.87196445e-04, 1.90210342e-04,
       1.57558918e-04, 4.78005409e-04, 3.66878510e-04, 3.01897526e-05,
       1.19149685e-05, 1.44088268e-04, 2.00194120e-04, 7.77840614e-05,
       2.58922577e-05, 9.43720341e-05, 8.22424889e-05, 2.88784504e-04,
       5.39755821e-04, 3.45468521e-05, 0.00000000e+00, 1.26719475e-05,
       2.28285789e-06, 0.00000000e+00, 6.85989857e-05, 1.09994411e-04,
       1.09601021e-04, 1.79243088e-04, 6.86973333e-04, 8.62801075e-04,
       4.17649746e-04, 1.59281492e-04, 1.89119577e-04, 6.60657883e-05,
       1.27482414e-04, 3.76802683e-04, 8.99553299e-05, 5.42402267e-06,
       3.83633375e-04, 1.10685825e-04, 1.93296075e-03, 1.30981803e-03,
       2.13110447e-04, 7.07459450e-04, 9.63389874e-05, 2.72667408e-04,
       6.10709190e-05, 8.52346420e-05, 0.00000000e+00, 5.47707081e-05,
       9.72867012e-05, 5.87880611e-05, 0.00000000e+00, 7.63535500e-06,
       0.00000000e+00, 1.78647041e-04, 6.91294670e-05, 4.55319881e-05,
       1.11007690e-04, 0.00000000e+00, 5.22142649e-04, 1.04963779e-05,
       2.22146511e-05, 2.76166201e-04, 2.22086906e-05, 4.62579727e-04,
       1.01774931e-04, 1.65581703e-04, 1.67983770e-04, 5.24878502e-05,
       1.92034245e-04, 6.55978918e-04, 5.42032719e-03, 1.32030845e-03,
       3.27352285e-03, 1.38389468e-03, 2.68971920e-04, 2.73251534e-04,
       2.32928991e-04, 3.28415632e-04, 2.51209736e-04, 1.84547901e-04,
       1.61528587e-05, 2.48122215e-04, 2.76684761e-05, 1.33532882e-03,
       1.09410286e-04, 1.14488602e-04, 1.86109543e-04, 2.67058611e-04,
       1.20097399e-04, 8.18312168e-05, 2.70664692e-04, 3.65960598e-04,
       7.90503025e-03, 2.75589108e-02, 7.04214573e-03, 7.66130686e-03,
       2.33680010e-04, 1.24883652e-04, 3.89266014e-04, 8.89182091e-05,
       1.86616182e-04, 2.06404924e-04]), 'importances_std': array([3.86362408e-04, 6.05806025e-05, 7.68440198e-05, 3.02971037e-05,
       6.08388814e-05, 2.11788992e-05, 6.82613890e-05, 2.12419489e-05,
       5.13189723e-05, 1.33273873e-04, 1.76057794e-05, 8.76861593e-05,
       7.95144515e-05, 1.41547172e-04, 3.02984170e-05, 8.51729844e-05,
       6.05660754e-05, 4.83183445e-05, 7.42454232e-05, 6.14668506e-05,
       2.25099338e-05, 1.91048470e-05, 8.15101415e-05, 1.76664025e-05,
       4.74166934e-05, 9.75001731e-06, 5.85366110e-05, 3.56880684e-05,
       3.10901678e-04, 1.48908847e-04, 5.16144703e-05, 5.51664143e-05,
       2.36581820e-05, 1.02078397e-05, 6.49377765e-06, 4.35704755e-05,
       2.08015095e-05, 7.60478973e-05, 3.90626687e-05, 9.19435681e-05,
       3.32892448e-05, 6.22951639e-05, 2.87595351e-05, 7.75144827e-06,
       7.88274762e-05, 7.50073868e-05, 1.16854233e-05, 1.25068726e-05,
       1.51813908e-05, 1.88808812e-05, 5.76267742e-05, 1.77321836e-04,
       1.44854399e-04, 4.14157846e-05, 3.31813677e-05, 1.05191707e-04,
       1.73292763e-05, 1.68723933e-04, 2.17633890e-04, 5.65274261e-05,
       6.25900142e-06, 0.00000000e+00, 5.33095679e-05, 2.67425231e-05,
       9.77659186e-05, 2.23392802e-05, 1.54776048e-05, 2.22557997e-05,
       2.41865484e-05, 1.61139743e-05, 4.53566063e-05, 3.62172659e-05,
       1.88329400e-05, 1.99994892e-05, 1.33252966e-05, 7.70615046e-05,
       1.87745344e-04, 5.38144984e-05, 1.00528566e-05, 5.47969981e-05,
       5.03810614e-05, 4.96452894e-05, 2.57882952e-05, 3.67438227e-05,
       1.34870034e-05, 2.26837455e-05, 2.63469008e-05, 5.90603354e-05,
       1.46745243e-05, 2.75475606e-04, 3.73519436e-04, 5.90434365e-04,
       4.12899943e-05, 4.46761067e-05, 8.99281135e-05, 1.37062549e-05,
       4.75971509e-05, 4.17205780e-05, 9.73814078e-05, 1.38750920e-05,
       2.91762325e-05, 5.09211062e-05, 1.20271012e-04, 7.45188880e-04,
       1.47582782e-04, 2.91037676e-04, 2.18145462e-04, 1.33866459e-05,
       1.11909317e-04, 1.07285844e-04, 6.83773639e-05, 1.88661318e-05,
       3.26022832e-05, 4.20057104e-04, 2.29251115e-04, 6.28837649e-05,
       4.65546373e-05, 3.88922883e-05, 3.32126922e-05, 1.68444417e-04,
       1.35586843e-04, 7.78414665e-05, 2.91602766e-05, 2.47892851e-05,
       1.29530973e-05, 1.66060723e-06, 6.29000112e-05, 1.20351446e-05,
       4.08504185e-05, 1.91282774e-05, 2.34527493e-05, 6.33158528e-05,
       7.00653550e-06, 1.04489849e-05, 6.25987764e-05, 6.91988271e-05,
       2.52759686e-05, 7.90959540e-05, 5.14413072e-05, 2.83272785e-05,
       5.91685314e-06, 1.09495679e-05, 1.91848817e-04, 2.69916980e-05,
       2.36457726e-05, 2.04163232e-05, 3.00919178e-05, 2.57983721e-05,
       4.67235640e-05, 1.03486034e-04, 2.16639098e-05, 5.45185088e-05,
       3.60959134e-05, 0.00000000e+00, 2.83915662e-05, 1.83203241e-05,
       8.76587911e-05, 1.66968984e-05, 4.98904339e-05, 7.87588109e-05,
       4.38285951e-05, 1.99502108e-04, 2.48311856e-04, 9.33848292e-05,
       8.12934113e-05, 1.12906454e-04, 3.83644355e-05, 2.81559276e-05,
       9.77662267e-06, 1.88794558e-05, 4.52950159e-05, 7.76980281e-05,
       3.05254235e-05, 6.82625837e-05, 3.10920047e-05, 1.06688335e-05,
       1.56120995e-05, 1.14874713e-06, 6.16372263e-06, 1.02582970e-05,
       6.48308134e-06, 6.41997977e-05, 1.44443045e-04, 1.63303777e-04,
       6.05001690e-04, 6.79484765e-04, 3.56071683e-05, 0.00000000e+00,
       1.55019581e-05, 2.84605781e-06, 7.66982091e-06, 9.56637577e-05,
       8.96702895e-04, 2.60516200e-03, 1.37140787e-03, 7.12919696e-04,
       3.34042850e-04, 3.86198636e-05, 2.27695742e-05, 2.91827896e-05,
       1.12426811e-05, 1.42700404e-05, 3.77677155e-06, 2.31678125e-06,
       2.07141371e-05, 0.00000000e+00, 2.74313404e-05, 8.35162206e-05,
       1.01178710e-04, 1.02652091e-05, 8.35705816e-05, 5.67258378e-06,
       3.04620674e-05, 1.26154583e-04, 3.53406469e-05, 2.56136354e-06,
       1.03301828e-04, 0.00000000e+00, 5.31391518e-05, 8.19715965e-05,
       6.24644449e-06, 5.00008458e-05, 1.27166758e-05, 6.09426815e-06,
       5.23138663e-06, 3.42150852e-05, 2.81799112e-05, 5.82125647e-05,
       6.93415333e-05, 1.35176396e-05, 8.68461561e-06, 1.35818309e-05,
       2.13481015e-05, 1.08094317e-05, 3.02729380e-05, 2.04004714e-05,
       1.67397488e-05, 2.09235770e-05, 2.05837165e-05, 5.71635530e-05,
       1.46950380e-04, 1.26481605e-04, 6.42203578e-05, 1.80487746e-05,
       4.66932013e-05, 2.85072641e-05, 8.66599267e-06, 8.25024748e-06,
       5.30627480e-05, 1.64015359e-05, 2.45635255e-04, 1.52953184e-05,
       8.63054880e-06, 3.15641961e-05, 2.45086798e-05, 6.97530238e-05,
       2.33069069e-05, 1.04818272e-05, 1.46109757e-05, 2.77022005e-05,
       3.05871733e-06, 6.06434423e-06, 6.08114761e-05, 5.60900512e-05,
       1.37336979e-05, 3.09086378e-05, 2.00157234e-05, 5.66413239e-05,
       6.89600692e-05, 1.00888129e-05, 1.37770679e-05, 5.28854450e-06,
       0.00000000e+00, 2.44279069e-05, 0.00000000e+00, 5.65096357e-06,
       2.29613308e-07, 4.22327826e-06, 1.52883079e-05, 4.26875466e-05,
       6.23486127e-05, 9.53160537e-05, 9.45421025e-05, 1.35614452e-05,
       9.33512259e-07, 0.00000000e+00, 7.14097476e-06, 4.26354903e-06,
       2.94069680e-05, 5.99656335e-05, 3.48599354e-05, 9.02962959e-06,
       1.85908941e-05, 4.65586608e-05, 4.29893987e-05, 3.86169294e-05,
       4.82253796e-05, 1.56059269e-05, 3.32265203e-05, 3.35279920e-05,
       6.52744559e-05, 8.11288454e-05, 1.48719686e-04, 2.42107405e-05,
       3.98537003e-05, 3.98627063e-05, 6.34578507e-05, 1.24700852e-05,
       1.11710443e-05, 3.02831046e-05, 4.52454285e-05, 3.94650523e-05,
       3.55997163e-05, 6.55947326e-05, 7.15773058e-05, 9.33901316e-06,
       6.76897020e-06, 3.69698375e-05, 2.94358255e-05, 1.52592547e-05,
       1.00218506e-05, 7.38001066e-06, 1.42064967e-05, 5.95473252e-05,
       8.90870099e-05, 6.66875561e-06, 0.00000000e+00, 5.37224040e-06,
       3.18882621e-06, 0.00000000e+00, 1.42859402e-05, 1.23070299e-05,
       1.62753601e-05, 2.73837491e-05, 5.86991689e-05, 1.20603097e-04,
       4.82137989e-05, 2.66957493e-05, 3.08640592e-05, 2.42446932e-05,
       2.68010985e-05, 8.91642098e-05, 1.46892452e-05, 6.87993567e-06,
       7.32778739e-05, 8.75417539e-06, 1.95290700e-04, 1.12469863e-04,
       4.24985314e-05, 9.92229619e-05, 2.07469385e-05, 3.51858511e-05,
       1.04597983e-05, 3.20835697e-05, 0.00000000e+00, 1.13783831e-05,
       1.44259692e-05, 1.23616944e-05, 0.00000000e+00, 7.10103482e-06,
       0.00000000e+00, 2.52917166e-05, 1.35313519e-05, 9.82910954e-06,
       2.44497381e-05, 0.00000000e+00, 1.02102521e-04, 3.94729032e-06,
       4.73577939e-06, 1.58120922e-05, 5.05243510e-06, 5.51899217e-05,
       1.03660086e-05, 3.55079532e-05, 2.73507660e-05, 1.22346196e-05,
       1.66921485e-05, 6.14273812e-05, 5.88675051e-04, 1.30257200e-04,
       2.60893484e-04, 1.45157233e-04, 4.62927922e-05, 3.70584582e-05,
       1.24763912e-05, 3.15279776e-05, 2.11411415e-05, 1.65599425e-05,
       4.08446238e-06, 5.66871747e-05, 6.83687880e-06, 1.78683304e-04,
       1.24021841e-05, 1.81376023e-05, 3.28580377e-05, 3.14779601e-05,
       1.71801112e-05, 1.84321897e-05, 4.62049194e-05, 4.97188692e-05,
       4.55374522e-04, 8.80125561e-04, 4.85536427e-04, 2.80418212e-04,
       2.64865799e-05, 2.94515084e-05, 5.08725961e-05, 1.95695184e-05,
       2.77250216e-05, 3.44894998e-05]), 'importances': array([[2.96604633e-03, 3.41367722e-03, 2.49773264e-03, ...,
        3.06457281e-03, 3.75556946e-03, 2.59256363e-03],
       [6.54101372e-04, 5.38229942e-04, 5.92052937e-04, ...,
        5.39362431e-04, 6.97195530e-04, 5.59985638e-04],
       [7.18057156e-04, 7.08699226e-04, 5.97119331e-04, ...,
        7.50899315e-04, 7.07566738e-04, 6.54935837e-04],
       ...,
       [9.15527344e-05, 9.95993614e-05, 9.34004784e-05, ...,
        5.05447388e-05, 7.24792480e-05, 6.79492950e-05],
       [2.05218792e-04, 2.21192837e-04, 2.03371048e-04, ...,
        2.24828720e-04, 1.31189823e-04, 1.92761421e-04],
       [1.72138214e-04, 1.48117542e-04, 2.04384327e-04, ...,
        2.14576721e-04, 2.02000141e-04, 2.74837017e-04]])}","{'importances_mean': array([-4.70107794e-04,  5.32257557e-04,  1.66592002e-03,  1.78134441e-04,
        1.02270842e-03, -5.24049997e-04, -6.20400906e-04,  9.27531719e-04,
        2.99388170e-04, -1.73628330e-04,  9.14335251e-06,  5.45454025e-04,
        7.37118721e-04,  5.09338975e-03, -6.21134043e-04,  3.99863720e-04,
       -1.27136707e-05,  1.84559822e-04, -1.05904341e-03, -7.01284409e-04,
        1.34348869e-04, -8.16345215e-05,  1.45502687e-03,  8.11368227e-04,
        2.45684385e-04,  2.40170956e-04,  1.31332874e-04,  3.75634432e-04,
        4.16052341e-03,  1.58626437e-03,  1.52707696e-03,  4.73797321e-05,
       -3.81714106e-04,  5.90920448e-05,  1.77657604e-04,  9.08774137e-04,
        9.64164734e-05,  8.03929567e-04,  8.36396217e-04,  9.85831022e-04,
        7.24554062e-04,  6.83963299e-05, -3.40175629e-04,  4.88996506e-05,
        3.50242853e-04,  1.61668062e-03,  1.03724003e-04, -1.09863281e-04,
       -3.55851650e-04,  1.10400319e-03,  1.67608261e-04,  1.17153525e-03,
       -2.07996964e-03,  4.66006994e-04,  1.06931329e-03,  7.23898411e-04,
        8.53955746e-05,  1.72966719e-04,  4.18621898e-03,  1.04158521e-03,
        3.37064266e-05,  0.00000000e+00, -4.62710857e-05,  2.28101015e-04,
        4.57274914e-04,  1.77752972e-04, -1.11556053e-04,  2.53963470e-04,
       -5.52433729e-04, -5.12409210e-04,  7.75659084e-04,  6.16252422e-05,
       -1.36345625e-04,  7.07805157e-05,  1.34444237e-04, -8.77159834e-04,
       -2.71725655e-04,  8.75687599e-04, -4.96566296e-05,  6.27923012e-04,
       -5.82921505e-04, -5.84661961e-04, -1.52939558e-04,  4.17232513e-07,
        3.78566980e-04,  4.73731756e-04, -1.37680769e-04,  1.30096078e-03,
        5.66601753e-05,  2.31896043e-03,  2.40494013e-03,  6.94987178e-03,
       -3.86559963e-04,  7.23457336e-04,  9.34833288e-04, -3.45098972e-04,
       -6.05165958e-05,  3.43799591e-05,  5.94675541e-04,  4.10950184e-04,
        6.21491671e-04,  2.57891417e-04,  3.06260586e-03,  1.08363628e-02,
        4.49112654e-03,  8.42790008e-03,  4.77107167e-03,  3.06844711e-05,
        2.47826576e-03,  4.64643240e-03,  1.23218894e-03,  6.06179237e-05,
        4.91213799e-04,  1.05670929e-02,  3.14516425e-03, -2.09796429e-04,
        6.15954399e-05,  4.41783667e-04, -1.03260875e-03,  4.50563431e-04,
        1.08901858e-03,  8.03619623e-04, -4.18591499e-04,  1.53362751e-05,
        9.56594944e-05, -3.91960144e-05,  3.83549929e-04,  1.91926956e-04,
        2.09784508e-04, -1.14101171e-04,  3.66544724e-04,  3.17162275e-04,
        1.03443861e-04, -6.75082207e-05, -8.96555185e-04,  3.67450714e-04,
        4.39286232e-04,  2.27441788e-03,  8.41003656e-04, -1.92838907e-04,
       -2.21782923e-04,  4.36103344e-04,  1.11224651e-03, -3.84688377e-05,
        3.73643637e-04,  3.17084789e-04,  1.58607960e-04, -1.22046471e-04,
        4.37974930e-05,  2.65514851e-04,  7.65025616e-05,  2.49618292e-04,
        3.26150656e-04,  0.00000000e+00, -6.09159470e-06,  2.55882740e-04,
        1.17236376e-04, -1.03855133e-04, -2.51597166e-04, -5.90676069e-04,
        6.93911314e-04,  1.32118106e-02,  7.39198327e-03,  4.73842621e-03,
        2.22349167e-03,  1.38158798e-03,  3.28850746e-04,  2.18147039e-04,
        1.02508068e-04, -3.35055590e-04,  3.42595577e-04,  7.17103481e-05,
        3.84199619e-04,  9.74154472e-04,  1.71808600e-03,  4.04727459e-04,
       -8.28838348e-04, -4.64141369e-05,  4.07993793e-05, -1.17444992e-04,
        1.31279230e-04,  2.94828415e-04,  1.70786381e-03,  3.94548774e-03,
        1.95003331e-02,  1.73153579e-02,  1.06251836e-03,  0.00000000e+00,
       -8.46982002e-05, -2.19166279e-05,  2.24667788e-04,  1.90973282e-04,
        1.65771723e-02,  6.56259418e-02,  2.08667755e-02,  5.79420328e-03,
       -2.79021263e-04,  3.78775597e-04, -7.89105892e-05,  2.54470110e-04,
        2.06351280e-05,  1.24472380e-04,  3.33964825e-05, -4.33325768e-06,
        2.91973352e-04,  0.00000000e+00, -1.83004141e-04,  7.59422779e-04,
        1.84236765e-03, -2.28410959e-04,  6.26432896e-04, -9.52482224e-06,
        9.95957851e-04,  3.99188399e-03,  1.96748972e-04, -7.21514225e-05,
        7.64244795e-04,  0.00000000e+00, -1.81174278e-04,  3.26838493e-03,
       -9.96589661e-06,  2.10142136e-03, -2.54273415e-05,  9.71496105e-05,
       -1.18613243e-05,  9.43940878e-04, -3.56441736e-04,  6.58142567e-04,
        9.20784473e-04, -1.63775682e-04, -5.05328178e-05, -3.94821167e-05,
       -3.13484669e-04,  4.20910120e-04, -8.75812769e-04, -7.72476196e-04,
       -2.34603882e-05,  1.29550695e-03,  2.60847807e-04,  5.18745184e-04,
        3.12050581e-03,  2.02531815e-03,  1.72565579e-03, -5.78999519e-05,
        5.07289171e-04,  8.00836086e-04, -1.18070841e-04,  1.10864639e-04,
        2.61014104e-03, -9.19640064e-05,  1.01020873e-02,  8.34202766e-04,
        1.07711554e-04,  7.00533390e-05,  2.96646357e-04,  9.64432955e-04,
        5.07670641e-04, -9.37163830e-05,  2.48765945e-04,  9.03785229e-05,
        5.38229942e-06,  1.08540058e-05,  1.90103650e-03,  4.36639786e-04,
        4.26131487e-04, -2.98064947e-04,  7.74979591e-04,  1.45590305e-03,
       -4.04852629e-04,  6.32935762e-04,  4.14609909e-05,  7.00056553e-05,
        0.00000000e+00,  2.28571892e-04,  0.00000000e+00,  5.96463680e-05,
       -9.00030136e-07, -1.51157379e-05, -1.92773342e-04, -9.23115015e-04,
        1.23667717e-04,  2.03230977e-03,  5.39064407e-05,  3.75860929e-04,
       -1.11043453e-05,  0.00000000e+00,  1.48850679e-04,  1.01923943e-05,
        7.07322359e-04,  1.20364428e-03,  4.54658270e-04, -2.16543674e-04,
        4.61214781e-04, -9.49978828e-05,  1.83466077e-03,  4.96166945e-04,
       -4.39411402e-04,  2.12919712e-04,  1.00347400e-03, -1.04084611e-03,
        1.10566616e-03,  3.78299356e-03,  2.38093138e-03,  3.68887186e-04,
        2.01481581e-04, -2.31653452e-04,  1.73628330e-05,  2.80469656e-04,
        1.03026628e-04,  4.12946939e-04, -2.37948298e-03, -7.70807266e-05,
        6.31433725e-04, -4.16749716e-04,  7.83288479e-04,  1.51395798e-05,
        3.58408689e-04,  1.61580443e-03,  4.56017256e-04, -1.29723549e-04,
        5.26845455e-05,  2.58463621e-04,  5.31899929e-04,  5.18786907e-04,
        1.04416609e-03,  1.27744675e-04,  0.00000000e+00, -4.58955765e-07,
       -1.28227472e-04,  0.00000000e+00, -2.27171183e-04, -8.42690468e-05,
        4.48298454e-04,  3.33499908e-04,  1.62577629e-04,  7.21538067e-04,
        8.44120979e-04, -3.97205353e-05,  8.24099779e-04,  6.51478767e-05,
       -4.09591198e-04,  1.19360089e-03,  7.48753548e-05,  6.79910183e-05,
        4.67914343e-04,  2.48664618e-04,  6.28107190e-03,  2.76648998e-03,
       -1.16819143e-04,  1.76551938e-03, -2.00664997e-04, -2.33209133e-04,
        4.44447994e-04, -1.55431032e-04,  0.00000000e+00,  3.93337011e-04,
        4.68522310e-04, -4.59015369e-05,  0.00000000e+00,  1.41263008e-04,
        0.00000000e+00,  4.10342216e-04, -2.98738480e-05,  2.62022018e-05,
        8.12828541e-05,  0.00000000e+00,  2.52902508e-04,  7.96318054e-05,
        4.75049019e-06,  7.52079487e-04,  8.11398029e-05, -2.77894735e-04,
       -1.78229809e-04, -4.22817469e-04,  9.05156136e-05,  8.99136066e-05,
        5.73420525e-04,  1.33496523e-04,  2.01016665e-03,  1.59612298e-03,
        2.19369531e-03,  1.34534240e-03,  9.55879688e-05,  5.00506163e-04,
       -2.36433744e-04,  3.11845541e-04, -1.60694122e-04,  5.65230846e-05,
       -9.23395157e-05,  3.97413969e-04,  6.05523586e-05,  5.27131557e-04,
        3.81106138e-04,  2.37613916e-04,  5.62018156e-04, -1.64389610e-05,
        2.38758326e-04,  1.03825331e-04, -9.01520252e-05,  6.38538599e-04,
        1.17755532e-02,  3.03130567e-02,  9.34209824e-03,  6.33834600e-03,
        5.87701797e-04,  7.89159536e-04,  6.47503138e-04,  4.57447767e-04,
        5.40721416e-04,  1.83904171e-04]), 'importances_std': array([2.34274826e-03, 8.10139719e-04, 6.55068349e-04, 3.24814513e-04,
       4.66161366e-04, 4.55139554e-04, 6.12437907e-04, 3.65282551e-04,
       6.28458281e-04, 8.66604065e-04, 4.04467535e-04, 4.80606633e-04,
       9.62967565e-04, 6.04251034e-04, 7.16429120e-04, 4.73618037e-04,
       3.81739938e-04, 5.18127664e-04, 1.13935517e-03, 6.49575936e-04,
       5.47124846e-04, 2.99808146e-04, 5.69483490e-04, 3.04975540e-04,
       4.45931937e-04, 1.38566612e-04, 6.95734650e-04, 4.02691482e-04,
       2.42018915e-03, 1.26842022e-03, 4.99036729e-04, 7.31406153e-04,
       3.19066124e-04, 2.91074675e-04, 1.36788349e-04, 6.16093772e-04,
       2.28739359e-04, 6.91624500e-04, 1.86598127e-04, 7.84305652e-04,
       2.47890935e-04, 6.67891729e-04, 2.53746415e-04, 9.15956591e-05,
       5.85853527e-04, 5.81285839e-04, 2.40207609e-04, 2.50876964e-04,
       2.20053033e-04, 2.87299717e-04, 4.39232284e-04, 1.00029024e-03,
       1.80462257e-03, 7.50895699e-04, 2.64854342e-04, 1.11935649e-03,
       2.64055764e-04, 1.14662703e-03, 1.95462055e-03, 4.90587533e-04,
       1.63380733e-04, 0.00000000e+00, 3.63823055e-04, 2.67949338e-04,
       6.11544789e-04, 2.64634047e-04, 2.58036281e-04, 2.63969544e-04,
       2.50100717e-04, 2.06575509e-04, 7.70195361e-04, 2.81303822e-04,
       1.43635085e-04, 3.71403513e-04, 1.73049871e-04, 1.01731940e-03,
       1.20131526e-03, 4.10244330e-04, 5.65037914e-05, 5.06786680e-04,
       4.30088578e-04, 5.04963319e-04, 1.62573472e-04, 7.22243516e-04,
       2.34861285e-04, 3.47745333e-04, 3.36884429e-04, 1.15573994e-03,
       2.84792752e-04, 2.21463341e-03, 2.77968651e-03, 4.07729276e-03,
       3.83536514e-04, 5.82955788e-04, 8.37947994e-04, 1.90610711e-04,
       5.93344769e-04, 3.70800349e-04, 7.16382045e-04, 2.26539694e-04,
       5.70330230e-04, 6.04733431e-04, 2.01203319e-03, 3.20011605e-03,
       1.40052771e-03, 1.74185537e-03, 1.47219270e-03, 2.31911629e-04,
       1.20323057e-03, 1.16428468e-03, 1.01059480e-03, 1.35905437e-04,
       2.97184717e-04, 4.09835623e-03, 1.46257938e-03, 7.06244018e-04,
       5.28006251e-04, 5.72739798e-04, 3.43853408e-04, 2.36792848e-03,
       9.65257865e-04, 1.00453761e-03, 3.78185072e-04, 2.02310624e-04,
       1.50067180e-04, 5.83055377e-05, 6.65738900e-04, 1.78523497e-04,
       3.12940718e-04, 2.66815226e-04, 1.64619975e-04, 4.95423890e-04,
       9.16705068e-05, 1.68454453e-04, 8.87821731e-04, 7.67605841e-04,
       2.59599848e-04, 5.86319627e-04, 3.99164374e-04, 3.81619567e-04,
       1.08482377e-04, 2.59722575e-04, 9.15584691e-04, 2.84348587e-04,
       2.70122138e-04, 2.54592956e-04, 3.33080960e-04, 1.36990257e-04,
       2.63287721e-04, 1.25083263e-03, 2.14069132e-04, 1.01689845e-03,
       5.80197357e-04, 0.00000000e+00, 4.26745034e-04, 3.10536044e-04,
       1.15321287e-03, 1.54675639e-04, 7.60353257e-04, 8.46421277e-04,
       5.29851019e-04, 2.40313914e-03, 2.11539618e-03, 1.04234947e-03,
       7.09791775e-04, 8.23724121e-04, 7.37941343e-04, 2.39412040e-04,
       8.45549558e-05, 2.37437846e-04, 3.39268627e-04, 5.17896373e-04,
       4.52791514e-04, 1.61282726e-03, 5.83603738e-04, 8.61925735e-05,
       2.23967752e-04, 1.78222881e-05, 7.38126471e-05, 1.85259297e-04,
       8.51730738e-05, 8.99625822e-04, 1.17639689e-03, 1.20440705e-03,
       5.63835778e-03, 2.86639510e-03, 9.68743994e-04, 0.00000000e+00,
       1.91025451e-04, 4.24979449e-05, 8.53669119e-05, 5.52885839e-04,
       5.65317516e-03, 9.11070240e-03, 3.62179850e-03, 3.29470449e-03,
       2.08076007e-03, 6.39098117e-04, 2.04979062e-04, 3.74115588e-04,
       2.30982323e-04, 1.30176918e-04, 4.63440510e-05, 4.09543861e-05,
       2.45955061e-04, 0.00000000e+00, 2.41112137e-04, 1.02837566e-03,
       1.15387851e-03, 1.56969930e-04, 8.28099148e-04, 6.18241707e-05,
       3.44873072e-04, 1.19122468e-03, 2.46364549e-04, 9.60573160e-05,
       8.30383484e-04, 0.00000000e+00, 2.25571549e-03, 1.59008143e-03,
       5.04858364e-05, 8.00150653e-04, 1.67224298e-04, 5.35575807e-05,
       9.31071600e-05, 6.13945311e-04, 2.57812523e-04, 6.57480920e-04,
       1.21393503e-03, 8.29392070e-05, 1.20124542e-04, 3.50661010e-04,
       2.39175087e-04, 2.63636265e-04, 4.24449821e-04, 5.25222880e-04,
       2.34929005e-04, 5.30437249e-04, 3.68986693e-04, 7.23254134e-04,
       1.61595762e-03, 7.60239836e-04, 9.60690091e-04, 2.84084274e-04,
       2.77414932e-04, 3.21657415e-04, 9.49753078e-05, 2.22906919e-04,
       1.02905579e-03, 1.06800528e-04, 2.57232164e-03, 2.56125519e-04,
       7.68981579e-05, 2.61234398e-04, 3.06245857e-04, 5.06731283e-04,
       3.73879619e-04, 1.75448126e-04, 1.73025373e-04, 1.71812094e-04,
       3.70410623e-05, 3.41446127e-05, 8.22198825e-04, 5.86818520e-04,
       1.90007028e-04, 2.43193947e-04, 3.49858604e-04, 7.65883899e-04,
       8.16168214e-04, 4.10880916e-04, 1.67055413e-04, 8.64364078e-05,
       0.00000000e+00, 3.20116495e-04, 0.00000000e+00, 4.09315737e-05,
       4.24897512e-06, 2.28310875e-05, 3.06505437e-04, 8.26599637e-04,
       6.70291771e-04, 4.69302474e-04, 1.02874377e-03, 2.33398591e-04,
       1.12076720e-05, 0.00000000e+00, 1.28764277e-04, 1.03148072e-05,
       1.96676771e-04, 6.69790033e-04, 2.78079319e-04, 1.05040544e-04,
       3.69329660e-04, 2.79092691e-04, 6.59221944e-04, 4.06298026e-04,
       5.31425675e-04, 2.05615350e-04, 5.25892158e-04, 5.71912251e-04,
       1.23868792e-03, 7.84801451e-04, 1.27495784e-03, 3.63978588e-04,
       7.06718949e-04, 4.00002883e-04, 6.40220736e-04, 1.96600151e-04,
       1.31023711e-04, 2.89878864e-04, 5.74793687e-04, 4.06705092e-04,
       4.90154809e-04, 5.99919363e-04, 8.33950300e-04, 7.22217259e-05,
       1.98516854e-04, 4.98865916e-04, 3.04921098e-04, 2.10862689e-04,
       1.41161562e-04, 3.15263347e-04, 2.28240994e-04, 1.18530680e-03,
       6.49366601e-04, 6.35299388e-05, 0.00000000e+00, 8.74685157e-05,
       3.77367362e-05, 0.00000000e+00, 2.55943949e-04, 2.55594073e-04,
       2.74439251e-04, 3.55008022e-04, 6.45426983e-04, 5.66363354e-04,
       5.44193294e-04, 4.35620170e-04, 5.95728310e-04, 2.88027749e-04,
       2.66675257e-04, 1.11101571e-03, 2.52015526e-04, 6.40054317e-05,
       7.05646760e-04, 1.76988149e-04, 2.49288077e-03, 1.60652919e-03,
       3.72005239e-04, 1.41370865e-03, 2.74151587e-04, 2.56975872e-04,
       1.73266727e-04, 8.99216028e-05, 0.00000000e+00, 1.86581983e-04,
       2.62797831e-04, 2.29412412e-04, 0.00000000e+00, 5.22492630e-05,
       0.00000000e+00, 3.02583843e-04, 1.70946723e-04, 2.45238694e-04,
       3.47261321e-04, 0.00000000e+00, 5.39206132e-04, 3.44738962e-05,
       5.39476503e-05, 6.83433418e-04, 5.92593086e-05, 6.09495348e-04,
       1.64654708e-04, 4.92098078e-04, 2.96459847e-04, 1.42685936e-04,
       2.92167160e-04, 6.78998413e-04, 3.68584920e-03, 9.67433666e-04,
       1.27580118e-03, 1.79345465e-03, 5.27349063e-04, 5.36084971e-04,
       4.06674595e-04, 6.41738732e-04, 3.60456441e-04, 2.53734195e-04,
       5.21925294e-05, 6.92114765e-04, 9.18407989e-05, 9.47997230e-04,
       1.58696458e-04, 1.37836427e-04, 4.29008312e-04, 2.22544238e-04,
       2.37122775e-04, 1.87210567e-04, 6.09835952e-04, 5.32785288e-04,
       3.14318555e-03, 7.26205637e-03, 4.65538579e-03, 3.00841995e-03,
       3.35222804e-04, 6.12049708e-04, 6.80294402e-04, 2.68787214e-04,
       3.19719294e-04, 3.58300779e-04]), 'importances': array([[-1.52558088e-03, -2.23273039e-03, -2.83753872e-03, ...,
         2.65276432e-03,  2.55322456e-03, -2.21890211e-03],
       [ 6.28232956e-04, -2.95162201e-04,  7.51972198e-04, ...,
        -3.98933887e-04,  4.28915024e-04,  9.59038734e-04],
       [ 1.65379047e-03,  9.40442085e-04,  2.25698948e-03, ...,
         1.08993053e-03,  2.20495462e-03,  2.71022320e-03],
       ...,
       [ 3.09050083e-04,  3.19898129e-04,  8.85188580e-04, ...,
         6.42240047e-04,  1.75774097e-04,  1.61468983e-04],
       [ 2.40206718e-05,  6.16371632e-04,  1.25110149e-04, ...,
         6.79194927e-04,  5.00440598e-04,  9.97483730e-04],
       [ 4.00364399e-04,  3.66091728e-04,  2.03847885e-05, ...,
         3.99708748e-04,  6.16073608e-04,  4.19437885e-04]])}","{'importances_mean': array([ 3.82608175e-04, -3.66836786e-04,  8.81278515e-04, -4.89473343e-05,
        1.76924467e-04,  2.55036354e-04,  2.19523907e-04, -9.33766365e-05,
        1.11372471e-03,  2.54113674e-03, -3.00824642e-05,  5.68330288e-04,
        7.78216124e-04,  8.23539495e-04,  1.33402944e-03,  8.36300850e-04,
        1.32472515e-03,  1.22570395e-03,  5.99473715e-04,  6.93029165e-04,
       -2.49707699e-04, -5.03277779e-04,  6.79492950e-04, -6.91711903e-05,
       -5.91218472e-05, -9.59932804e-05, -1.92271471e-03, -1.43897533e-04,
        4.04279828e-03,  4.68087196e-04, -7.42250681e-04,  6.98673725e-04,
        6.80065155e-04, -3.28546762e-04, -8.52346420e-07,  1.05202198e-05,
        9.13012028e-04,  9.28521156e-05, -1.72567368e-04, -1.01906061e-04,
        1.33651495e-04,  4.85831499e-04,  1.59817934e-04, -1.37042999e-04,
       -4.23789024e-05,  1.99466944e-04, -1.71768665e-04, -1.42759085e-04,
       -4.10509109e-04, -5.36441803e-05, -4.38767672e-04,  2.70969868e-03,
        3.42245698e-03,  1.09010935e-03, -9.67264175e-05,  3.51576209e-03,
        1.92505121e-04,  2.09915042e-03, -2.21121311e-04,  9.72837210e-04,
       -1.09910965e-05,  0.00000000e+00,  6.88391924e-04,  8.08119774e-05,
        1.31303072e-04,  7.91686773e-04,  3.85868549e-04,  2.52902508e-04,
       -1.96397305e-04, -3.31044197e-05, -7.02846050e-04,  5.08409739e-04,
       -9.53078270e-05,  9.11736488e-04, -4.19819355e-04,  1.31873488e-03,
       -5.71715832e-04,  2.40961313e-03,  2.63929367e-05, -4.57048416e-04,
       -1.17182732e-04,  2.70009041e-06, -4.11868095e-06,  8.99386406e-04,
        2.57474184e-04, -2.85506248e-06,  3.35097313e-04,  1.13629699e-03,
       -6.17086887e-04,  3.89801860e-03,  7.78856277e-03,  1.26150846e-03,
        7.42435455e-05, -1.34420395e-04,  2.15331912e-03, -1.06072426e-04,
        3.16250324e-04,  2.06357241e-04, -1.20282173e-04,  5.71948290e-04,
       -1.31130219e-07, -4.54694033e-04,  4.01740670e-03,  1.00017846e-02,
        3.76924872e-03,  4.72787619e-03,  8.05590153e-03,  4.19443846e-04,
        1.43274665e-03,  3.07196975e-03,  3.99169326e-03,  3.01408768e-04,
       -8.45193863e-06,  7.78456926e-03,  6.68866038e-03, -5.93066216e-04,
        5.31077385e-05,  1.19708776e-03, -7.49588013e-05,  4.01484370e-03,
        2.42369175e-03,  9.61124897e-04, -6.18410110e-04,  2.19231844e-04,
        1.42598152e-04,  6.08384609e-05,  8.13835859e-04,  1.77770853e-04,
        1.29389763e-04,  4.67771292e-04,  1.19507313e-05,  3.82131338e-04,
       -1.39057636e-04, -3.67969275e-04,  3.92470360e-03,  1.25384331e-04,
        2.64048576e-06,  1.16644502e-03,  1.09457970e-03,  2.08526850e-04,
        2.39378214e-04,  7.33727217e-04,  1.61308050e-03,  3.23438644e-04,
        1.50370598e-04,  1.99043751e-04, -5.43308258e-04,  4.14186716e-04,
        6.92647696e-04, -2.48736143e-04,  2.05397606e-05,  2.54452229e-05,
        3.36647034e-04,  0.00000000e+00,  8.95428658e-04, -2.47186422e-04,
        1.28563046e-03, -2.32303143e-04,  3.20070982e-04, -1.18724108e-03,
        2.70044208e-03,  7.77866244e-03,  7.75105953e-03,  3.72169018e-03,
        2.36340761e-03,  2.92273164e-03,  4.17953730e-04,  4.45419550e-04,
        1.63489580e-04, -2.72458792e-04, -6.15859032e-04,  1.06852651e-03,
        4.90760803e-04,  9.37330723e-04, -5.39571047e-04, -2.78776884e-04,
        9.81581211e-04,  9.62615013e-06,  3.37773561e-04,  7.50422478e-05,
        3.86118889e-05,  1.80363655e-04,  2.61037946e-03,  4.94419932e-03,
        1.86570287e-02,  5.73186278e-03,  1.65957808e-03,  0.00000000e+00,
        4.15444374e-06,  7.14182854e-05, -5.78582287e-05,  1.83055401e-03,
        2.75188148e-02,  5.99270761e-02,  2.37576962e-02,  1.53710604e-02,
        1.13239825e-02,  3.42100859e-04,  2.38192081e-04,  2.77316570e-04,
        1.19841099e-04,  9.02950764e-05, -5.16772270e-05, -5.95390797e-05,
        7.76708126e-05,  0.00000000e+00,  1.38651133e-03,  6.15835190e-05,
       -4.67604399e-04,  9.20236111e-05, -2.41684914e-04,  4.35888767e-05,
       -5.76972961e-06, -4.15444374e-04,  7.79604912e-04, -1.09434128e-05,
        8.28444958e-04,  0.00000000e+00,  6.84696436e-04, -1.29940510e-03,
       -7.53402710e-05, -2.81661749e-04,  2.09712982e-04, -4.86433506e-05,
        6.37054443e-05,  6.31409883e-04,  2.89380550e-04,  1.92952752e-03,
        1.43033266e-04,  1.57254934e-04,  4.24802303e-05, -3.92198563e-06,
       -5.67996502e-04,  5.91033697e-04,  7.91263580e-04, -2.88122892e-04,
        2.76261568e-04,  5.23537397e-04,  6.99555874e-04,  1.17934942e-03,
        6.22680187e-03,  2.10757256e-03,  7.14910030e-04,  1.31553411e-04,
        1.32381916e-05,  2.80642509e-04,  2.57951021e-04,  8.04507732e-04,
        6.35945797e-04,  2.41202116e-04,  4.52147722e-03,  5.78284264e-04,
       -7.55369663e-05,  6.58315420e-04,  3.09729576e-04,  2.80674100e-03,
        8.10849667e-04,  9.96410847e-05,  1.35415792e-04, -1.68174505e-04,
        1.35374069e-04, -7.84814358e-05,  6.86395168e-04, -4.02188301e-04,
        2.09438801e-04,  7.47859478e-05,  2.46274471e-04,  1.71605349e-03,
        1.95580721e-03,  1.80923939e-04,  1.24508142e-04,  3.23432684e-04,
        0.00000000e+00, -7.83383846e-05,  0.00000000e+00, -6.83307648e-05,
        5.34653664e-06, -1.58727169e-05, -3.75247002e-04,  5.06997108e-05,
        3.09747458e-04,  2.36011147e-03,  2.53444910e-03,  1.33603811e-04,
        5.82337379e-06,  0.00000000e+00, -6.39557838e-06,  3.17931175e-05,
        8.16476345e-04,  1.57001615e-03,  2.54094601e-05,  4.94539738e-05,
        5.71131706e-05, -2.01928616e-04,  3.44789028e-04,  8.77976418e-06,
       -9.08565521e-04, -1.30605698e-04,  3.23373079e-04, -1.59003139e-03,
        1.29734874e-03,  1.93267465e-03,  1.48567557e-03,  1.67274475e-04,
       -1.50740147e-05, -1.91891193e-04, -8.80593061e-04,  3.75986099e-05,
       -6.60419464e-06,  1.24073029e-04,  3.30209732e-05,  4.05591726e-04,
        8.34763050e-04,  7.25805759e-05,  8.93944502e-04, -2.82168388e-05,
       -2.47955322e-05,  1.14738941e-05, -8.86422396e-04, -3.21114063e-04,
       -1.42753124e-05, -8.98838043e-06, -3.16768885e-04,  4.22102213e-04,
        6.49690628e-05,  1.38115883e-04,  0.00000000e+00, -6.51061535e-05,
        2.29835510e-05,  0.00000000e+00, -3.11315060e-05,  9.87768173e-05,
        4.19908762e-04,  7.87562132e-04,  1.58329010e-03,  3.05970311e-03,
        5.57863712e-04, -2.41637230e-05, -4.30417061e-04,  3.36378813e-04,
        1.84077024e-04, -3.14563513e-04,  1.39397383e-04, -1.44457817e-04,
        1.16459727e-03,  3.19910049e-04, -3.51107121e-04,  4.19408679e-03,
       -1.99520588e-04,  1.88729763e-03, -2.63375044e-04,  6.82651997e-05,
        8.37796926e-04,  7.73429871e-05,  0.00000000e+00,  2.89827585e-04,
        1.62065029e-05, -8.76188278e-05,  0.00000000e+00, -6.92725182e-05,
        0.00000000e+00,  9.09078121e-04, -9.19103622e-05, -2.48306990e-04,
        7.45433569e-04,  0.00000000e+00,  1.04437470e-03,  1.03491545e-04,
        1.09291077e-04, -1.47908926e-04,  6.19292259e-05,  9.99361277e-04,
        3.40223312e-05, -3.61883640e-04,  3.96907330e-05,  1.13266706e-04,
        8.46976042e-04,  6.45411015e-04,  5.58059216e-03,  5.82830906e-03,
        4.84125018e-03,  1.72708035e-03,  1.05853677e-03, -3.19117308e-04,
        9.26584005e-04, -5.97441196e-04,  1.68883801e-04,  5.16372919e-04,
        6.38544559e-05,  8.10563564e-04,  7.62820244e-05, -1.11740828e-04,
        3.84962559e-04,  1.62082911e-04,  1.63573027e-04,  1.30370259e-03,
       -5.96463680e-05, -2.34735012e-04,  6.94090128e-04, -2.07370520e-04,
        1.20437801e-02,  3.15644145e-02,  1.02399945e-02,  1.11043274e-02,
       -5.73754311e-05,  2.30294466e-04,  9.95260477e-04,  8.52835178e-04,
        2.10344791e-05,  2.85893679e-04]), 'importances_std': array([1.53326618e-03, 9.44495158e-04, 5.96327398e-04, 4.65268765e-04,
       7.97462434e-04, 4.09826373e-04, 1.15223646e-03, 3.95437206e-04,
       7.18156338e-04, 9.67890263e-04, 4.52088208e-04, 8.21250941e-04,
       8.72234772e-04, 1.17490120e-03, 8.11698072e-04, 9.29192595e-04,
       5.46092777e-04, 6.69157181e-04, 1.04938090e-03, 1.07356909e-03,
       3.36163847e-04, 2.16230354e-04, 7.39491527e-04, 4.15573428e-04,
       3.49901921e-04, 2.09609481e-04, 9.43574678e-04, 6.16908110e-04,
       2.03007163e-03, 1.19479758e-03, 6.04365497e-04, 8.36638356e-04,
       6.18359470e-04, 2.07040509e-04, 1.32657967e-04, 3.63479250e-04,
       2.40586902e-04, 6.86824594e-04, 2.22237062e-04, 7.98395658e-04,
       4.65636999e-04, 5.63711423e-04, 3.41355705e-04, 1.81932615e-04,
       9.75829368e-04, 8.40327436e-04, 1.98007776e-04, 2.18282169e-04,
       2.61909347e-04, 2.54498435e-04, 7.61565537e-04, 1.19170554e-03,
       1.55371873e-03, 6.55953087e-04, 4.40316664e-04, 1.55010049e-03,
       1.45278591e-04, 6.99558983e-04, 1.51405380e-03, 8.00207496e-04,
       8.39973228e-05, 0.00000000e+00, 5.46759778e-04, 2.71978080e-04,
       5.89618757e-04, 3.88376355e-04, 3.09081242e-04, 3.57067648e-04,
       1.16878377e-04, 1.41114225e-04, 7.03152014e-04, 4.14912464e-04,
       2.75343948e-04, 2.38941954e-04, 2.07688647e-04, 1.65332795e-03,
       9.71517899e-04, 9.25407800e-04, 1.30605914e-04, 3.42843972e-04,
       2.16063263e-04, 6.47832695e-04, 9.80138476e-05, 6.36448604e-04,
       3.13176457e-04, 5.29710004e-04, 1.83981231e-04, 1.41127946e-03,
       2.87744915e-04, 2.23366367e-03, 2.45798012e-03, 2.60286607e-03,
       6.17323593e-04, 6.96324299e-04, 9.98498858e-04, 4.26298910e-04,
       7.19202357e-04, 3.82368906e-04, 8.14863586e-04, 2.69428200e-04,
       1.91963383e-04, 5.47535455e-04, 2.08565690e-03, 1.28205332e-03,
       1.02566128e-03, 1.15856767e-03, 1.71813988e-03, 2.49225953e-04,
       1.09551986e-03, 1.29051514e-03, 1.37527387e-03, 3.08540787e-04,
       2.60495704e-04, 3.54170601e-03, 1.47846977e-03, 8.19326461e-04,
       3.07869039e-04, 3.19177131e-04, 2.97957895e-04, 2.25933017e-03,
       1.34411072e-03, 5.23412180e-04, 3.58609864e-04, 4.07791826e-04,
       1.29226662e-04, 5.86295904e-05, 4.00144317e-04, 2.46273959e-04,
       3.58824024e-04, 3.16216122e-04, 3.04427046e-04, 4.44486285e-04,
       1.04671435e-04, 1.63001938e-04, 1.72555214e-03, 3.68364893e-04,
       1.94452467e-04, 8.97381233e-04, 4.58324286e-04, 4.39596274e-04,
       3.15717570e-04, 2.99221091e-04, 9.48966170e-04, 4.23249118e-04,
       3.14046754e-04, 5.91467886e-04, 4.51936163e-04, 2.33245611e-04,
       4.67340901e-04, 1.39311794e-03, 4.04275798e-04, 3.97556646e-04,
       4.45390005e-04, 0.00000000e+00, 5.34358449e-04, 1.81251561e-04,
       1.40308714e-03, 1.46904409e-04, 6.97149414e-04, 6.27727185e-04,
       9.82769510e-04, 2.81496210e-03, 1.58679203e-03, 1.03018707e-03,
       8.23634161e-04, 1.28638196e-03, 6.14893034e-04, 3.51146637e-04,
       1.28319233e-04, 1.98490162e-04, 4.76665401e-04, 6.72767072e-04,
       4.52250798e-04, 1.42824010e-03, 4.31219945e-04, 7.91254003e-05,
       1.35547609e-04, 3.65498019e-05, 8.31955194e-05, 1.34212852e-04,
       5.93699232e-05, 1.11352404e-03, 2.08980945e-03, 1.22470966e-03,
       5.27356504e-03, 4.07738025e-03, 8.05201529e-04, 0.00000000e+00,
       1.81310634e-04, 5.49509492e-05, 6.89731859e-05, 9.04160876e-04,
       5.82539392e-03, 6.61322768e-03, 6.96100971e-03, 4.69410701e-03,
       3.94331417e-03, 7.09242071e-04, 2.19955844e-04, 2.97973852e-04,
       1.62246272e-04, 3.29975194e-04, 3.89515692e-05, 6.00538224e-05,
       1.94940173e-04, 0.00000000e+00, 5.20762951e-04, 1.82642790e-03,
       1.28973683e-03, 1.56577012e-04, 4.61774851e-04, 8.33380755e-05,
       4.00487630e-04, 6.45208858e-04, 4.14002032e-04, 9.91236146e-05,
       4.91516269e-04, 0.00000000e+00, 1.10789228e-03, 1.68641429e-03,
       1.16735988e-04, 1.07112670e-03, 1.08637376e-04, 1.05128254e-04,
       5.20771058e-05, 6.59203001e-04, 3.64548148e-04, 5.31173557e-04,
       6.05186827e-04, 1.16530928e-04, 1.93170716e-04, 2.66763576e-04,
       5.54701647e-04, 1.65549607e-04, 7.04147076e-04, 4.36071904e-04,
       5.27586382e-04, 4.69044878e-04, 3.73824058e-04, 6.72216816e-04,
       1.59784901e-03, 1.33210719e-03, 5.66408856e-04, 2.28839648e-04,
       3.38381165e-04, 2.97307950e-04, 1.02574225e-04, 1.88305933e-04,
       6.77008836e-04, 2.88789745e-04, 2.73104751e-03, 3.07588941e-04,
       1.25042095e-04, 1.73493018e-04, 5.93197533e-04, 7.69345381e-04,
       1.46652281e-04, 1.75533060e-04, 1.06975677e-04, 2.64048986e-04,
       9.59007757e-05, 6.38266845e-05, 6.67826216e-04, 4.32339053e-04,
       3.11789332e-04, 3.22385152e-04, 2.72636516e-04, 4.90710620e-04,
       1.37721082e-03, 2.33493145e-04, 1.38066611e-04, 6.96324055e-05,
       0.00000000e+00, 4.54773379e-04, 0.00000000e+00, 7.25112696e-05,
       4.18244990e-06, 4.02177680e-05, 1.85016510e-04, 6.88134955e-04,
       9.63825515e-04, 7.86916901e-04, 1.09737891e-03, 1.30101433e-04,
       8.03660059e-06, 0.00000000e+00, 8.34079085e-05, 8.24558006e-05,
       3.96476214e-04, 8.41053689e-04, 1.80909482e-04, 1.48009202e-04,
       3.72062095e-04, 9.21848379e-04, 1.17806697e-03, 5.98011322e-04,
       8.69061876e-04, 1.49889022e-04, 3.28913376e-04, 4.21657599e-04,
       9.12217348e-04, 7.17758740e-04, 1.58575339e-03, 3.56607963e-04,
       6.90280023e-04, 2.95008130e-04, 5.23536245e-04, 1.48251710e-04,
       6.69451913e-05, 2.68376148e-04, 1.16206491e-03, 2.79599380e-04,
       4.90715094e-04, 9.65860612e-04, 5.36419776e-04, 6.04654864e-05,
       1.55443600e-04, 2.58751716e-04, 3.59059419e-04, 2.22772625e-04,
       1.89283069e-04, 2.18578237e-04, 2.64381920e-04, 5.77736844e-04,
       8.33111431e-04, 4.78756870e-05, 0.00000000e+00, 7.66855720e-05,
       7.09007068e-05, 0.00000000e+00, 2.12518324e-04, 2.74512027e-04,
       1.95049594e-04, 3.34441003e-04, 6.57317174e-04, 1.23948818e-03,
       4.78443117e-04, 2.52005041e-04, 2.55508613e-04, 2.10011439e-04,
       4.85465079e-04, 5.84567272e-04, 2.70098587e-04, 7.61325823e-05,
       6.55451762e-04, 3.30779235e-04, 2.37143604e-03, 1.37212297e-03,
       4.11311070e-04, 7.27027913e-04, 3.96408913e-04, 1.92684185e-04,
       2.22057877e-04, 3.10659555e-04, 0.00000000e+00, 1.99015670e-04,
       9.32566830e-05, 2.46174724e-04, 0.00000000e+00, 2.79350863e-05,
       0.00000000e+00, 3.33318718e-04, 1.69204326e-04, 1.56016222e-04,
       4.55151048e-04, 0.00000000e+00, 7.66525326e-04, 3.06933949e-05,
       3.93973735e-05, 5.26022662e-04, 5.70151189e-05, 4.60566617e-04,
       1.53653511e-04, 5.37359583e-04, 3.73474472e-04, 2.01449734e-04,
       2.92328658e-04, 6.48932589e-04, 1.33428726e-03, 9.94873095e-04,
       1.32089406e-03, 1.36820589e-03, 7.13813174e-04, 4.53809340e-04,
       2.92769266e-04, 5.36171857e-04, 3.94245210e-04, 3.56360063e-04,
       9.37279582e-05, 5.41756475e-04, 9.54105116e-05, 1.95443213e-03,
       1.98460057e-04, 2.73740108e-04, 4.02220297e-04, 4.34570927e-04,
       2.46875885e-04, 2.37444886e-04, 4.02712860e-04, 5.77840646e-04,
       1.37932805e-03, 6.46657186e-03, 2.83362762e-03, 3.85460905e-03,
       3.74381549e-04, 5.75489658e-04, 6.48478046e-04, 4.05536366e-04,
       3.28301106e-04, 4.65517500e-04]), 'importances': array([[ 1.19203329e-03, -5.12838364e-04,  1.48260593e-03, ...,
        -9.32574272e-04, -8.79287720e-04,  2.73096561e-03],
       [-1.18488073e-03, -7.14004040e-04, -1.20759010e-04, ...,
        -1.24430656e-03, -1.96951628e-03,  7.33137131e-05],
       [ 1.37221813e-03,  7.65323639e-05,  6.50882721e-04, ...,
         1.21569633e-03,  1.37603283e-03,  1.33246183e-03],
       ...,
       [ 5.92350960e-04,  2.34186649e-04,  6.80625439e-04, ...,
         7.93755054e-04,  1.25926733e-03,  1.41191483e-03],
       [ 1.95086002e-04, -1.64091587e-04,  4.24623489e-04, ...,
        -1.32322311e-04, -2.76803970e-04, -3.76820564e-04],
       [ 5.56468964e-04,  1.02657080e-03,  6.55949116e-04, ...,
         5.83410263e-04, -5.17129898e-04, -3.65972519e-04]])}","[ 3.59068513e-03  6.49034977e-05 -9.76777077e-04  9.23991203e-05
 -5.75262308e-04  7.55095482e-04  1.03796124e-03 -7.66211748e-04
  3.24785709e-04  1.56324506e-03  1.20210648e-04 -3.92317772e-05
  5.85138798e-05 -3.73185277e-03  9.26202536e-04  1.69110298e-04
  3.56060266e-04  2.06357241e-04  1.76138878e-03  1.14958286e-03
 -1.69992447e-05  1.78772211e-04 -1.07851028e-03 -6.05398417e-04
  1.41263008e-06 -1.86330080e-04  2.08395720e-04 -2.23159790e-04
 -1.29241943e-03  1.45733356e-05 -1.10577345e-03  7.34347105e-04
  6.31421804e-04  3.93092632e-05 -1.34015083e-04 -6.13641739e-04
  6.78956509e-05 -3.50028276e-04 -7.13646412e-04 -4.93931770e-04
 -6.03497028e-04  2.18343735e-04  5.24371862e-04 -8.76784325e-06
  1.33359432e-04 -8.91208649e-04 -3.88264656e-05  1.25336647e-04
  4.59527969e-04 -9.41032171e-04  2.03847885e-04  6.19947910e-04
  3.73218060e-03 -1.38241053e-04 -8.33731890e-04  2.15297937e-04
  3.96966934e-06  1.38170719e-03 -1.31457448e-03 -5.94824553e-04
 -2.43186951e-06  0.00000000e+00  2.77286768e-04 -7.37130642e-05
  9.49263573e-05  3.12566757e-05  2.22712755e-04 -1.32894516e-04
  6.97630644e-04  6.73663616e-04 -3.48734856e-04  8.37683678e-05
  2.77572870e-04  5.56051731e-05 -7.90774822e-05  2.10576057e-03
  1.91971064e-03 -4.85277176e-04  1.01488829e-04 -3.73393297e-04
  8.06939602e-04  1.02756023e-03  3.31538916e-04  4.16743755e-04
 -2.63714790e-04 -1.96748972e-04  2.54005194e-04 -5.54829836e-04
  1.47402287e-05 -2.29984522e-04  1.60729289e-03 -1.88070536e-04
  8.07219744e-04 -5.07479906e-04 -3.59171629e-04  4.26703691e-04
  6.33555651e-04  1.56134367e-04  3.23474407e-05 -3.20321321e-04
 -4.83977795e-04  2.85744667e-05 -9.52750444e-04 -3.66590023e-03
 -1.54545903e-03 -4.59761620e-03 -2.41426826e-03  3.36766243e-05
 -1.57587528e-03 -2.97791958e-03 -2.18784809e-04  3.25143337e-05
 -2.87336111e-04 -5.64203858e-03 -1.54405832e-04  1.10072494e-03
  5.49435616e-05 -9.53078270e-05  1.19344592e-03  1.86407566e-03
  7.93927908e-04 -1.14154816e-04  6.05207682e-04  1.80661678e-04
 -5.53429127e-05  4.26530838e-05 -1.62482262e-05 -1.00958347e-04
  1.04844570e-05  2.90399790e-04 -2.95668840e-04  1.54757500e-04
 -7.20560551e-05  1.90055370e-04  1.57925487e-03 -7.17163086e-05
 -2.66629457e-04 -1.51904225e-03 -4.43333387e-04  4.80437279e-04
  2.96705961e-04 -3.61710787e-04  2.94291973e-04  2.52503157e-04
 -2.12550163e-04 -1.84273720e-04 -3.52680683e-05  2.44605541e-04
  1.94102526e-04  3.62151861e-04  7.55846500e-05  3.68595123e-05
  2.70187855e-05  0.00000000e+00  2.76315212e-04 -1.55419111e-04
  6.18308783e-04  1.76393986e-04  4.37939167e-04  1.07978582e-03
 -2.94929743e-04 -8.38388205e-03 -3.67310047e-03 -3.73477936e-03
 -1.20258331e-03 -1.82157755e-04  8.38637352e-06 -6.64234161e-05
 -5.26547432e-05  4.19414043e-04 -8.95678997e-05  4.48739529e-04
 -2.09796429e-04 -3.03554535e-04 -1.38194561e-03 -3.85552645e-04
  1.00094676e-03  4.66287136e-05 -2.50339508e-06  1.54054165e-04
 -1.16252899e-04  2.17634439e-04 -3.71116400e-04 -1.76202655e-03
 -7.15935230e-03 -7.68718719e-03 -4.77975607e-04  0.00000000e+00
  1.78009272e-04  3.04520130e-05 -1.80137157e-04  7.35163689e-04
  6.84933066e-03  2.99727321e-03  3.14634442e-03  3.17345262e-03
  4.92014885e-03 -1.53946877e-04  2.20704079e-04 -3.40521336e-05
  1.16252899e-04 -5.99861145e-05 -2.71856785e-05  1.10864639e-05
 -1.85441971e-04  0.00000000e+00  4.09948826e-04 -2.78919935e-04
 -1.07662082e-03  2.97200680e-04 -4.38612700e-04  3.71098518e-05
 -7.97832012e-04 -1.88850164e-03  1.05518103e-04  7.65264034e-05
 -1.98674202e-04  0.00000000e+00  8.31973553e-04 -2.41685510e-03
  3.43620777e-05 -1.73589587e-03  7.95483589e-05 -7.92264938e-05
  2.32815742e-05 -6.10446930e-04  5.42753935e-04 -1.79356337e-04
 -4.51743603e-04  2.34836340e-04  6.82830811e-05  8.07881355e-05
  4.23556566e-04 -3.50320339e-04  1.10488534e-03  9.85109806e-04
  8.26418400e-05 -1.08602047e-03 -6.74426556e-05 -2.52425671e-05
 -1.41043067e-03 -9.24563408e-04 -1.36796832e-03  1.38425827e-04
 -3.10212374e-04 -6.58303499e-04  1.52683258e-04  5.72204590e-07
 -2.15594769e-03  2.23278999e-04 -6.74579144e-03 -7.48121738e-04
 -8.56280327e-05  5.74469566e-05 -1.18899345e-04 -3.90207767e-04
 -3.69018316e-04  1.40273571e-04 -2.07012892e-04  8.64982605e-05
 -2.50339508e-06  5.41806221e-06 -1.58637762e-03 -9.87350941e-05
 -3.24416161e-04  4.55659628e-04 -5.95086813e-04 -8.56292248e-04
  9.22983885e-04 -5.55694103e-04  1.01625919e-05 -4.89711761e-05
  0.00000000e+00 -1.11442804e-04  0.00000000e+00 -3.35097313e-05
  1.34110451e-06  2.02238560e-05  2.81924009e-04  1.20272040e-03
  3.42637300e-04 -1.06067657e-03  7.06964731e-04 -3.10444832e-04
  1.18851662e-05  0.00000000e+00 -1.23161077e-04 -2.28285789e-06
 -4.72867489e-04 -5.63997030e-04 -3.02213430e-04  2.73442268e-04
 -3.33791971e-04  2.78180838e-04 -1.28888488e-03 -8.55922699e-06
  7.63434172e-04 -1.48111582e-04 -8.66776705e-04  1.28735304e-03
 -3.07321548e-04 -2.95888186e-03 -3.67462635e-04 -2.86465883e-04
  1.72317028e-04  3.78453732e-04  3.76832485e-04 -2.24995613e-04
 -5.83291054e-05 -2.42924690e-04  2.86667943e-03  2.67291069e-04
 -4.73874807e-04  8.94755125e-04 -4.16409969e-04  1.50501728e-05
 -3.46493721e-04 -1.47171617e-03 -2.55823135e-04  2.07507610e-04
 -2.67922878e-05 -1.64091587e-04 -4.49657440e-04 -2.30002403e-04
 -5.04410267e-04 -9.31978226e-05  0.00000000e+00  1.31309032e-05
  1.30510330e-04  0.00000000e+00  2.95770168e-04  1.94263458e-04
 -3.38697433e-04 -1.54256821e-04  5.24395704e-04  1.41263008e-04
 -4.26471233e-04  1.99002028e-04 -6.34980202e-04  9.17911530e-07
  5.37073612e-04 -8.16798210e-04  1.50799751e-05 -6.25669956e-05
 -8.42809677e-05 -1.37978792e-04 -4.34811115e-03 -1.45667195e-03
  3.29929590e-04 -1.05805993e-03  2.97003984e-04  5.05876541e-04
 -3.83377075e-04  2.40665674e-04  0.00000000e+00 -3.38566303e-04
 -3.71235609e-04  1.04689598e-04  0.00000000e+00 -1.33627653e-04
  0.00000000e+00 -2.31695175e-04  9.90033150e-05  1.93297863e-05
  2.97248363e-05  0.00000000e+00  2.69240141e-04 -6.91354275e-05
  1.74641609e-05 -4.75913286e-04 -5.89311123e-05  7.40474463e-04
  2.80004740e-04  5.88399172e-04  7.74681568e-05 -3.74257565e-05
 -3.81386280e-04  5.22482395e-04  3.41016054e-03 -2.75814533e-04
  1.07982755e-03  3.85522842e-05  1.73383951e-04 -2.27254629e-04
  4.69362736e-04  1.65700912e-05  4.11903858e-04  1.28024817e-04
  1.08492374e-04 -1.49291754e-04 -3.28838825e-05  8.08197260e-04
 -2.71695852e-04 -1.23125315e-04 -3.75908613e-04  2.83497572e-04
 -1.18660927e-04 -2.19941139e-05  3.60816717e-04 -2.72578001e-04
 -3.87052298e-03 -2.75414586e-03 -2.29995251e-03  1.32296085e-03
 -3.54021788e-04 -6.64275885e-04 -2.58237123e-04 -3.68529558e-04
 -3.54105234e-04  2.25007534e-05]","[ 2.73796916e-03  9.63997841e-04 -1.92135572e-04  3.19480896e-04
  2.70521641e-04 -2.39908695e-05  1.98036432e-04  2.54696608e-04
 -4.89550829e-04 -1.15152001e-03  1.59436464e-04 -6.21080399e-05
  1.74164772e-05  5.37997484e-04 -1.02896094e-03 -2.67326832e-04
 -9.81378555e-04 -8.34786892e-04  1.02871656e-04 -2.44730711e-04
  3.67057323e-04  6.00415468e-04 -3.02976370e-04  2.75141001e-04
  3.06218863e-04  1.49834156e-04  2.26244330e-03  2.96372175e-04
 -1.17469430e-03  1.13275051e-03  1.16355419e-03  8.30531120e-05
 -4.30357456e-04  4.26948071e-04  4.44948673e-05  2.84612179e-04
 -7.48699903e-04  3.61049175e-04  2.95317173e-04  5.93805313e-04
 -1.25944614e-05 -1.99091434e-04  2.43782997e-05  1.77174807e-04
  5.25981188e-04  5.26005030e-04  2.36666203e-04  1.58232450e-04
  5.14185429e-04  2.16615200e-04  8.10223818e-04 -9.18215513e-04
 -1.77024603e-03 -7.62343407e-04  3.32307816e-04 -2.57656574e-03
 -1.03139877e-04 -5.44476509e-04  3.09276581e-03 -5.26076555e-04
  4.22656536e-05  0.00000000e+00 -4.57376242e-04  7.35759735e-05
  4.20898199e-04 -5.82677126e-04 -2.74711847e-04 -1.31833553e-04
  3.41594219e-04  1.94358826e-04  1.12977028e-03 -3.63016129e-04
  2.36535072e-04 -7.85350800e-04  4.75186110e-04 -9.01341438e-05
  2.21970081e-03 -2.01920271e-03  2.54392624e-05  7.11578131e-04
  3.41200829e-04  4.40198183e-04  1.82718039e-04 -4.82225418e-04
 -1.42621994e-04  2.79837847e-04 -2.18772888e-04 -3.90166044e-04
  6.88487291e-04 -1.80904269e-03 -3.77632976e-03  5.50029278e-03
  3.46416235e-04  3.50397825e-04 -1.57765746e-03  1.87677145e-04
  2.56788731e-04 -1.58429146e-05  7.47305155e-04 -4.81319427e-04
  1.37645006e-04  7.41159916e-04 -1.90755129e-03 -2.83132195e-03
 -8.23581219e-04 -8.97592306e-04 -5.69909811e-03 -3.55082750e-04
 -5.30356169e-04 -1.40345693e-03 -2.97828913e-03 -2.08276510e-04
  2.12329626e-04 -2.85951495e-03 -3.69790196e-03  1.48399472e-03
  6.34312630e-05 -8.50611925e-04  2.35795975e-04 -1.70020461e-03
 -5.40745258e-04 -2.71660089e-04  8.05026293e-04 -2.32338905e-05
 -1.02281570e-04 -5.73813915e-05 -4.46534157e-04 -8.68022442e-05
  9.08792019e-05 -2.91472673e-04  5.89251518e-05  8.97884369e-05
  1.70445442e-04  4.90516424e-04 -3.24200392e-03  1.70350075e-04
  1.70016289e-04 -4.11069393e-04 -6.96909428e-04  7.90715218e-05
 -1.64455175e-04 -6.59334660e-04 -2.06542015e-04 -1.09404325e-04
  1.07228756e-05 -6.62326813e-05  6.66648149e-04 -2.91627645e-04
 -4.54747677e-04  8.76402855e-04  1.31547451e-04  2.61032581e-04
  1.65224075e-05  0.00000000e+00 -6.25205040e-04  3.47650051e-04
 -5.50085306e-04  3.04841995e-04 -1.33728981e-04  1.67635083e-03
 -2.30146050e-03 -2.95073390e-03 -4.03217673e-03 -2.71804333e-03
 -1.34249926e-03 -1.72330141e-03 -8.07166100e-05 -2.93695927e-04
 -1.13636255e-04  3.56817245e-04  8.68886709e-04 -5.48076630e-04
 -3.16357613e-04 -2.66730785e-04  8.75711441e-04  2.97951698e-04
 -8.09472799e-04 -9.41157341e-06 -2.99477577e-04 -3.84330750e-05
 -2.35855579e-05  3.32099199e-04 -1.27363205e-03 -2.76073813e-03
 -6.31604791e-03  3.89630795e-03 -1.07503533e-03  0.00000000e+00
  8.91566277e-05 -6.28829002e-05  1.02388859e-04 -9.04417038e-04
 -4.09231186e-03  8.69613886e-03  2.55423784e-04 -6.40340447e-03
 -6.68285489e-03 -1.17272139e-04 -9.63985920e-05 -5.68985939e-05
  1.70469284e-05 -2.58088112e-05  5.78880310e-05  6.62922859e-05
  2.88605690e-05  0.00000000e+00 -1.15956664e-03  4.18919325e-04
  1.23335123e-03 -2.32338905e-05  4.29505110e-04 -1.60038471e-05
  2.03895569e-04  2.51882672e-03 -4.77337837e-04  1.53183937e-05
 -2.62874365e-04  0.00000000e+00 -3.38971615e-05  2.15093493e-03
  9.97364521e-05  6.47187233e-04 -1.55591965e-04  6.65664673e-05
 -5.22851944e-05 -2.97915936e-04 -1.03068352e-04 -1.45074129e-03
  3.26007605e-04 -8.61942768e-05 -2.47299671e-05  4.52280045e-05
  6.78068399e-04 -5.20443916e-04 -5.62191010e-04  5.00756502e-04
 -2.17080116e-04 -3.14050913e-04 -5.06150723e-04 -6.85846806e-04
 -4.51672673e-03 -1.00681782e-03 -3.57222557e-04 -5.10275364e-05
  1.83838606e-04 -1.38109922e-04 -2.23338604e-04 -6.93070889e-04
 -1.81752443e-04 -1.09887123e-04 -1.16518140e-03 -4.92203236e-04
  9.76204872e-05 -5.30815125e-04 -1.31982565e-04 -2.23251581e-03
 -6.72197342e-04 -5.30838966e-05 -9.36627388e-05  3.45051289e-04
 -1.32495165e-04  9.47535038e-05 -3.71736288e-04  7.40092993e-04
 -1.07723475e-04  8.28087330e-05 -6.63816929e-05 -1.11644268e-03
 -1.43767595e-03 -1.03682280e-04 -7.28845596e-05 -3.02398205e-04
  0.00000000e+00  1.95467472e-04  0.00000000e+00  9.44674015e-05
 -4.90546227e-06  2.09808350e-05  4.64397669e-04  2.28905678e-04
  1.56557560e-04 -1.38847828e-03 -1.77357793e-03 -6.81877136e-05
 -5.04255295e-06  0.00000000e+00  3.20851803e-05 -2.38835812e-05
 -5.82021475e-04 -9.30368900e-04  1.27035379e-04  7.44462013e-06
  7.03096390e-05  3.85111570e-04  2.00986862e-04  4.78827953e-04
  1.23258829e-03  1.95413828e-04 -1.86675787e-04  1.83653831e-03
 -4.99004126e-04 -1.10856295e-03  5.27793169e-04 -8.48531723e-05
  3.88872623e-04  3.38691473e-04  1.27478838e-03  1.78754330e-05
  5.13017178e-05  4.59492207e-05  4.54175472e-04 -2.15381384e-04
 -6.77204132e-04  4.05424833e-04 -5.27065992e-04  5.84065914e-05
  3.67105007e-05  1.32614374e-04  1.08661652e-03  3.98898125e-04
  4.01675701e-05  1.03360415e-04  3.99011374e-04 -1.33317709e-04
  4.74786758e-04 -1.03569031e-04  0.00000000e+00  7.77781010e-05
 -2.07006931e-05  0.00000000e+00  9.97304916e-05  1.12175941e-05
 -3.10307741e-04 -6.08319044e-04 -8.96316767e-04 -2.19690204e-03
 -1.40213966e-04  1.83445215e-04  6.19536638e-04 -2.70313025e-04
 -5.65946102e-05  6.91366196e-04 -4.94420528e-05  1.49881840e-04
 -7.80963898e-04 -2.09224224e-04  2.28406787e-03 -2.88426876e-03
  4.12631035e-04 -1.17983818e-03  3.59714031e-04  2.04402208e-04
 -7.76726007e-04  7.89165497e-06  0.00000000e+00 -2.35056877e-04
  8.10801983e-05  1.46406889e-04  0.00000000e+00  7.69078732e-05
  0.00000000e+00 -7.30431080e-04  1.61039829e-04  2.93838978e-04
 -6.34425879e-04  0.00000000e+00 -5.22232056e-04 -9.29951668e-05
 -8.70764256e-05  4.24075127e-04 -3.97205353e-05 -5.36781549e-04
  6.77525997e-05  5.27465343e-04  1.28293037e-04 -6.07788563e-05
 -6.54941797e-04  1.05679035e-05 -1.60264969e-04 -4.50800061e-03
 -1.56772733e-03 -3.43185663e-04 -7.89564848e-04  5.92368841e-04
 -6.93655014e-04  9.25856829e-04  8.23259354e-05 -3.31825018e-04
 -4.77015972e-05 -5.62441349e-04 -4.86135483e-05  1.44706964e-03
 -2.75552273e-04 -4.75943089e-05  2.25365162e-05 -1.03664398e-03
  1.79743767e-04  3.16566229e-04 -4.23425436e-04  5.73331118e-04
 -4.13874984e-03 -4.00550365e-03 -3.19784880e-03 -3.44302058e-03
  2.91055441e-04 -1.05410814e-04 -6.05994463e-04 -7.63916969e-04
  1.65581703e-04 -7.94887543e-05]","[-8.52715969e-04  8.99094343e-04  7.84641504e-04  2.27081776e-04
  8.45783949e-04 -7.79086351e-04 -8.39924812e-04  1.02090836e-03
 -8.14336538e-04 -2.71476507e-03  3.92258167e-05 -2.28762627e-05
 -4.10974026e-05  4.26985025e-03 -1.95516348e-03 -4.36437130e-04
 -1.33743882e-03 -1.04114413e-03 -1.65851712e-03 -1.39431357e-03
  3.84056568e-04  4.21643257e-04  7.75533915e-04  8.80539417e-04
  3.04806232e-04  3.36164236e-04  2.05404758e-03  5.19531965e-04
  1.17725134e-04  1.11817718e-03  2.26932764e-03 -6.51293993e-04
 -1.06177926e-03  3.87638807e-04  1.78509951e-04  8.98253918e-04
 -8.16595554e-04  7.11077452e-04  1.00896358e-03  1.08773708e-03
  5.90902567e-04 -4.17435169e-04 -4.99993563e-04  1.85942650e-04
  3.92621756e-04  1.41721368e-03  2.75492668e-04  3.28958035e-05
  5.46574593e-05  1.15764737e-03  6.06375933e-04 -1.53816342e-03
 -5.50242662e-03 -6.24102354e-04  1.16603971e-03 -2.79186368e-03
 -1.07109547e-04 -1.92618370e-03  4.40734029e-03  6.87479973e-05
  4.46975231e-05  0.00000000e+00 -7.34663010e-04  1.47289038e-04
  3.25971842e-04 -6.13933802e-04 -4.97424603e-04  1.06096268e-06
 -3.56036425e-04 -4.79304790e-04  1.47850513e-03 -4.46784496e-04
 -4.10377979e-05 -8.40955973e-04  5.54263592e-04 -2.19589472e-03
  2.99990177e-04 -1.53392553e-03 -7.60495663e-05  1.08497143e-03
 -4.65738773e-04 -5.87362051e-04 -1.48820877e-04 -8.98969173e-04
  1.21092796e-04  4.76586819e-04 -4.72778082e-04  1.64663792e-04
  6.73747063e-04 -1.57905817e-03 -5.38362265e-03  5.68836331e-03
 -4.60803509e-04  8.57877731e-04 -1.21848583e-03 -2.39026546e-04
 -3.76766920e-04 -1.71977282e-04  7.14957714e-04 -1.60998106e-04
  6.21622801e-04  7.12585449e-04 -9.54800844e-04  8.34578276e-04
  7.21877813e-04  3.70002389e-03 -3.28482985e-03 -3.88759375e-04
  1.04551911e-03  1.57446265e-03 -2.75950432e-03 -2.40790844e-04
  4.99665737e-04  2.78252363e-03 -3.54349613e-03  3.83269787e-04
  8.48770142e-06 -7.55304098e-04 -9.57649946e-04 -3.56428027e-03
 -1.33467317e-03 -1.57505274e-04  1.99818611e-04 -2.03895569e-04
 -4.69386578e-05 -1.00034475e-04 -4.30285931e-04  1.41561031e-05
  8.03947449e-05 -5.81872463e-04  3.54593992e-04 -6.49690628e-05
  2.42501497e-04  3.00461054e-04 -4.82125878e-03  2.42066383e-04
  4.36645746e-04  1.10797286e-03 -2.53576040e-04 -4.01365757e-04
 -4.61161137e-04 -2.97623873e-04 -5.00833988e-04 -3.61907482e-04
  2.23273039e-04  1.18041039e-04  7.01916218e-04 -5.36233187e-04
 -6.48850203e-04  5.14250994e-04  5.59628010e-05  2.24173069e-04
 -1.04963779e-05  0.00000000e+00 -9.01520252e-04  5.03069162e-04
 -1.16839409e-03  1.28448009e-04 -5.71668148e-04  5.96565008e-04
 -2.00653076e-03  5.43314815e-03 -3.59076262e-04  1.01673603e-03
 -1.39915943e-04 -1.54114366e-03 -8.91029835e-05 -2.27272511e-04
 -6.09815121e-05 -6.25967979e-05  9.58454609e-04 -9.96816158e-04
 -1.06561184e-04  3.68237495e-05  2.25765705e-03  6.83504343e-04
 -1.81041956e-03 -5.60402870e-05 -2.96974182e-04 -1.92487240e-04
  9.26673412e-05  1.14464760e-04 -9.02515650e-04 -9.98711586e-04
  8.43304396e-04  1.15834951e-02 -5.97059727e-04  0.00000000e+00
 -8.88526440e-05 -9.33349133e-05  2.82526016e-04 -1.63958073e-03
 -1.09416425e-02  5.69886565e-03 -2.89092064e-03 -9.57685709e-03
 -1.16030037e-02  3.66747379e-05 -3.17102671e-04 -2.28464603e-05
 -9.92059708e-05  3.41773033e-05  8.50737095e-05  5.52058220e-05
  2.14302540e-04  0.00000000e+00 -1.56951547e-03  6.97839260e-04
  2.30997205e-03 -3.20434570e-04  8.68117809e-04 -5.31136990e-05
  1.00172758e-03  4.40732837e-03 -5.82855940e-04 -6.12080097e-05
 -6.42001629e-05  0.00000000e+00 -8.65870714e-04  4.56779003e-03
  6.53743744e-05  2.38308311e-03 -2.35140324e-04  1.45792961e-04
 -7.55667686e-05  3.12530994e-04 -6.45822287e-04 -1.27138495e-03
  7.77751207e-04 -3.21030617e-04 -9.30130482e-05 -3.55601311e-05
  2.54511833e-04 -1.70123577e-04 -1.66707635e-03 -4.84353304e-04
 -2.99721956e-04  7.71969557e-04 -4.38708067e-04 -6.60604239e-04
 -3.10629606e-03 -8.22544098e-05  1.01074576e-03 -1.89453363e-04
  4.94050980e-04  5.20193577e-04 -3.76021862e-04 -6.93643093e-04
  1.97419524e-03 -3.33166122e-04  5.58061004e-03  2.55918503e-04
  1.83248520e-04 -5.88262081e-04 -1.30832195e-05 -1.84230804e-03
 -3.03179026e-04 -1.93357468e-04  1.13350153e-04  2.58553028e-04
 -1.29991770e-04  8.93354416e-05  1.21464133e-03  8.38828087e-04
  2.16692686e-04 -3.72850895e-04  5.28705120e-04 -2.60150433e-04
 -2.36065984e-03  4.52011824e-04 -8.30471516e-05 -2.53427029e-04
  0.00000000e+00  3.06910276e-04  0.00000000e+00  1.27977133e-04
 -6.24656677e-06  7.56978989e-07  1.82473660e-04 -9.73814726e-04
 -1.86079741e-04 -3.27801704e-04 -2.48054266e-03  2.42257118e-04
 -1.69277191e-05  0.00000000e+00  1.55246258e-04 -2.16007233e-05
 -1.09153986e-04 -3.66371870e-04  4.29248810e-04 -2.65997648e-04
  4.04101610e-04  1.06930733e-04  1.48987174e-03  4.87387180e-04
  4.69154119e-04  3.43525410e-04  6.80100918e-04  5.49185276e-04
 -1.91682577e-04  1.85031891e-03  8.95255804e-04  2.01612711e-04
  2.16555595e-04 -3.97622585e-05  8.97955894e-04  2.42871046e-04
  1.09630823e-04  2.88873911e-04 -2.41250396e-03 -4.82672453e-04
 -2.03329325e-04 -4.89330292e-04 -1.10656023e-04  4.33564186e-05
  3.83204222e-04  1.60433054e-03  1.34243965e-03  1.91390514e-04
  6.69598579e-05  2.67452002e-04  8.48668814e-04  9.66846943e-05
  9.79197025e-04 -1.03712082e-05  0.00000000e+00  6.46471977e-05
 -1.51211023e-04  0.00000000e+00 -1.96039677e-04 -1.83045864e-04
  2.83896923e-05 -4.54062223e-04 -1.42071247e-03 -2.33816504e-03
  2.86257267e-04 -1.55568123e-05  1.25451684e-03 -2.71230936e-04
 -5.93668222e-04  1.50816441e-03 -6.45220280e-05  2.12448835e-04
 -6.96682930e-04 -7.12454319e-05  6.63217902e-03 -1.42759681e-03
  8.27014446e-05 -1.21778250e-04  6.27100468e-05 -3.01474333e-04
 -3.93348932e-04 -2.32774019e-04  0.00000000e+00  1.03509426e-04
  4.52315807e-04  4.17172909e-05  0.00000000e+00  2.10535526e-04
  0.00000000e+00 -4.98735905e-04  6.20365143e-05  2.74509192e-04
 -6.64150715e-04  0.00000000e+00 -7.91472197e-04 -2.38597393e-05
 -1.04540586e-04  8.99988413e-04  1.92105770e-05 -1.27725601e-03
 -2.12252140e-04 -6.09338284e-05  5.08248806e-05 -2.33530998e-05
 -2.73555517e-04 -5.11914492e-04 -3.57042551e-03 -4.23218608e-03
 -2.64755487e-03 -3.81737947e-04 -9.62948799e-04  8.19623470e-04
 -1.16301775e-03  9.09286737e-04 -3.29577923e-04 -4.59849834e-04
 -1.56193972e-04 -4.13149595e-04 -1.57296658e-05  6.38872385e-04
 -3.85642052e-06  7.55310059e-05  3.98445129e-04 -1.32014155e-03
  2.98404694e-04  3.38560343e-04 -7.84242153e-04  8.45909119e-04
 -2.68226862e-04 -1.25135779e-03 -8.97896290e-04 -4.76598144e-03
  6.45077229e-04  5.58865070e-04 -3.47757339e-04 -3.95387411e-04
  5.19686937e-04 -1.01989508e-04]"
