,rmse_test_KernelRidge'>_idw_{'omega': 0.0}_0,rmse_val_KernelRidge'>_idw_{'omega': 0.0}_0,sample_sel_KernelRidge'>_idw_{'omega': 0.0}_0,rmse_full_KernelRidge'>_idw_{'omega': 0.0}_0,rmse_test_KernelRidge'>_idw_{'omega': 0.5}_0,rmse_val_KernelRidge'>_idw_{'omega': 0.5}_0,sample_sel_KernelRidge'>_idw_{'omega': 0.5}_0,rmse_full_KernelRidge'>_idw_{'omega': 0.5}_0,rmse_test_KernelRidge'>_idw_{'omega': 0.1}_0,rmse_val_KernelRidge'>_idw_{'omega': 0.1}_0,sample_sel_KernelRidge'>_idw_{'omega': 0.1}_0,rmse_full_KernelRidge'>_idw_{'omega': 0.1}_0,"rmse_test_KernelRidge'>_idw_{'omega': 0.5, 'delta': 0.5}_0","rmse_val_KernelRidge'>_idw_{'omega': 0.5, 'delta': 0.5}_0","sample_sel_KernelRidge'>_idw_{'omega': 0.5, 'delta': 0.5}_0","rmse_full_KernelRidge'>_idw_{'omega': 0.5, 'delta': 0.5}_0","rmse_test_KernelRidge'>_idw_{'omega': 0.5, 'delta': 0.1}_0","rmse_val_KernelRidge'>_idw_{'omega': 0.5, 'delta': 0.1}_0","sample_sel_KernelRidge'>_idw_{'omega': 0.5, 'delta': 0.1}_0","rmse_full_KernelRidge'>_idw_{'omega': 0.5, 'delta': 0.1}_0","rmse_test_KernelRidge'>_idw_{'omega': 0.5, 'delta': 0.01}_0","rmse_val_KernelRidge'>_idw_{'omega': 0.5, 'delta': 0.01}_0","sample_sel_KernelRidge'>_idw_{'omega': 0.5, 'delta': 0.01}_0","rmse_full_KernelRidge'>_idw_{'omega': 0.5, 'delta': 0.01}_0","rmse_test_KernelRidge'>_idw_{'omega': 0.5, 'delta': 0.8}_0","rmse_val_KernelRidge'>_idw_{'omega': 0.5, 'delta': 0.8}_0","sample_sel_KernelRidge'>_idw_{'omega': 0.5, 'delta': 0.8}_0","rmse_full_KernelRidge'>_idw_{'omega': 0.5, 'delta': 0.8}_0",rmse_test_KernelRidge'>_idw_{'omega': 0.0}_1,rmse_val_KernelRidge'>_idw_{'omega': 0.0}_1,sample_sel_KernelRidge'>_idw_{'omega': 0.0}_1,rmse_full_KernelRidge'>_idw_{'omega': 0.0}_1,rmse_test_KernelRidge'>_idw_{'omega': 0.5}_1,rmse_val_KernelRidge'>_idw_{'omega': 0.5}_1,sample_sel_KernelRidge'>_idw_{'omega': 0.5}_1,rmse_full_KernelRidge'>_idw_{'omega': 0.5}_1,rmse_test_KernelRidge'>_idw_{'omega': 0.1}_1,rmse_val_KernelRidge'>_idw_{'omega': 0.1}_1,sample_sel_KernelRidge'>_idw_{'omega': 0.1}_1,rmse_full_KernelRidge'>_idw_{'omega': 0.1}_1,"rmse_test_KernelRidge'>_idw_{'omega': 0.5, 'delta': 0.5}_1","rmse_val_KernelRidge'>_idw_{'omega': 0.5, 'delta': 0.5}_1","sample_sel_KernelRidge'>_idw_{'omega': 0.5, 'delta': 0.5}_1","rmse_full_KernelRidge'>_idw_{'omega': 0.5, 'delta': 0.5}_1","rmse_test_KernelRidge'>_idw_{'omega': 0.5, 'delta': 0.1}_1","rmse_val_KernelRidge'>_idw_{'omega': 0.5, 'delta': 0.1}_1","sample_sel_KernelRidge'>_idw_{'omega': 0.5, 'delta': 0.1}_1","rmse_full_KernelRidge'>_idw_{'omega': 0.5, 'delta': 0.1}_1","rmse_test_KernelRidge'>_idw_{'omega': 0.5, 'delta': 0.01}_1","rmse_val_KernelRidge'>_idw_{'omega': 0.5, 'delta': 0.01}_1","sample_sel_KernelRidge'>_idw_{'omega': 0.5, 'delta': 0.01}_1","rmse_full_KernelRidge'>_idw_{'omega': 0.5, 'delta': 0.01}_1","rmse_test_KernelRidge'>_idw_{'omega': 0.5, 'delta': 0.8}_1","rmse_val_KernelRidge'>_idw_{'omega': 0.5, 'delta': 0.8}_1","sample_sel_KernelRidge'>_idw_{'omega': 0.5, 'delta': 0.8}_1","rmse_full_KernelRidge'>_idw_{'omega': 0.5, 'delta': 0.8}_1"
0,218.9781724856891,278.25194208721666,46.0,85.95159560857674,218.9781724856891,278.25194208721666,46.0,85.95159560857674,218.9781724856891,278.25194208721666,46.0,85.95159560857674,218.9781724856891,278.25194208721666,46.0,85.95159560857674,218.9781724856891,278.25194208721666,46.0,85.95159560857674,218.9781724856891,278.25194208721666,46.0,85.95159560857674,218.9781724856891,278.25194208721666,46.0,85.95159560857674,240.30914566225283,243.09374704558604,901.0,89.93973921268605,240.30914566225283,243.09374704558604,901.0,89.93973921268605,240.30914566225283,243.09374704558604,901.0,89.93973921268605,240.30914566225283,243.09374704558604,901.0,89.93973921268605,240.30914566225283,243.09374704558604,901.0,89.93973921268605,240.30914566225283,243.09374704558604,901.0,89.93973921268605,240.30914566225283,243.09374704558604,901.0,89.93973921268605
1,222.15125496035355,284.34194788817183,1146.0,85.95159560857674,222.15125496035355,284.34194788817183,1146.0,85.95159560857674,222.15125496035355,284.34194788817183,1146.0,85.95159560857674,222.15125496035355,284.34194788817183,1146.0,85.95159560857674,222.15125496035355,284.34194788817183,1146.0,85.95159560857674,222.15125496035355,284.34194788817183,1146.0,85.95159560857674,222.15125496035355,284.34194788817183,1146.0,85.95159560857674,245.38691999993586,255.35129706962974,812.0,89.93973921268605,245.38691999993586,255.35129706962974,812.0,89.93973921268605,245.38691999993586,255.35129706962974,812.0,89.93973921268605,245.38691999993586,255.35129706962974,812.0,89.93973921268605,245.38691999993586,255.35129706962974,812.0,89.93973921268605,245.38691999993586,255.35129706962974,812.0,89.93973921268605,245.38691999993586,255.35129706962974,812.0,89.93973921268605
2,212.86887564328688,283.67768104007985,1145.0,85.95159560857674,212.86887564328688,283.67768104007985,1145.0,85.95159560857674,212.86887564328688,283.67768104007985,1145.0,85.95159560857674,212.86887564328688,283.67768104007985,1145.0,85.95159560857674,212.86887564328688,283.67768104007985,1145.0,85.95159560857674,212.86887564328688,283.67768104007985,1145.0,85.95159560857674,212.86887564328688,283.67768104007985,1145.0,85.95159560857674,246.4160248800532,257.0000682901749,34.0,89.93973921268605,246.4160248800532,257.0000682901749,34.0,89.93973921268605,246.4160248800532,257.0000682901749,34.0,89.93973921268605,246.4160248800532,257.0000682901749,34.0,89.93973921268605,246.4160248800532,257.0000682901749,34.0,89.93973921268605,246.4160248800532,257.0000682901749,34.0,89.93973921268605,246.4160248800532,257.0000682901749,34.0,89.93973921268605
3,212.08081651931434,284.46099210997636,1091.0,85.95159560857674,212.08081651931434,284.46099210997636,1091.0,85.95159560857674,212.08081651931434,284.46099210997636,1091.0,85.95159560857674,212.08081651931434,284.46099210997636,1091.0,85.95159560857674,212.08081651931434,284.46099210997636,1091.0,85.95159560857674,212.08081651931434,284.46099210997636,1091.0,85.95159560857674,212.08081651931434,284.46099210997636,1091.0,85.95159560857674,212.4474313610068,207.66282771588524,41.0,89.93973921268605,212.4474313610068,207.66282771588524,41.0,89.93973921268605,212.4474313610068,207.66282771588524,41.0,89.93973921268605,212.4474313610068,207.66282771588524,41.0,89.93973921268605,212.4474313610068,207.66282771588524,41.0,89.93973921268605,212.4474313610068,207.66282771588524,41.0,89.93973921268605,212.4474313610068,207.66282771588524,41.0,89.93973921268605
4,208.13089091068133,276.3205091535171,1199.0,85.95159560857674,208.13089091068133,276.3205091535171,1199.0,85.95159560857674,208.13089091068133,276.3205091535171,1199.0,85.95159560857674,208.13089091068133,276.3205091535171,1199.0,85.95159560857674,208.13089091068133,276.3205091535171,1199.0,85.95159560857674,208.13089091068133,276.3205091535171,1199.0,85.95159560857674,208.13089091068133,276.3205091535171,1199.0,85.95159560857674,203.72858534794005,206.18349204569864,14.0,89.93973921268605,203.72858534794005,206.18349204569864,14.0,89.93973921268605,203.72858534794005,206.18349204569864,14.0,89.93973921268605,203.72858534794005,206.18349204569864,14.0,89.93973921268605,203.72858534794005,206.18349204569864,14.0,89.93973921268605,203.72858534794005,206.18349204569864,14.0,89.93973921268605,203.72858534794005,206.18349204569864,14.0,89.93973921268605
5,215.3821029000667,284.4193909341274,1185.0,85.95159560857674,215.3821029000667,284.4193909341274,1185.0,85.95159560857674,215.3821029000667,284.4193909341274,1185.0,85.95159560857674,215.3821029000667,284.4193909341274,1185.0,85.95159560857674,215.3821029000667,284.4193909341274,1185.0,85.95159560857674,215.3821029000667,284.4193909341274,1185.0,85.95159560857674,215.3821029000667,284.4193909341274,1185.0,85.95159560857674,212.29122335255644,216.02848945295125,384.0,89.93973921268605,212.29122335255644,216.02848945295125,384.0,89.93973921268605,212.29122335255644,216.02848945295125,384.0,89.93973921268605,212.29122335255644,216.02848945295125,384.0,89.93973921268605,212.29122335255644,216.02848945295125,384.0,89.93973921268605,212.29122335255644,216.02848945295125,384.0,89.93973921268605,212.29122335255644,216.02848945295125,384.0,89.93973921268605
6,214.71839605742272,283.80619652019175,1191.0,85.95159560857674,214.71839605742272,283.80619652019175,1191.0,85.95159560857674,214.71839605742272,283.80619652019175,1191.0,85.95159560857674,214.71839605742272,283.80619652019175,1191.0,85.95159560857674,214.71839605742272,283.80619652019175,1191.0,85.95159560857674,214.71839605742272,283.80619652019175,1191.0,85.95159560857674,214.71839605742272,283.80619652019175,1191.0,85.95159560857674,234.42841973878387,238.81531252618086,409.0,89.93973921268605,234.42841973878387,238.81531252618086,409.0,89.93973921268605,234.42841973878387,238.81531252618086,409.0,89.93973921268605,234.42841973878387,238.81531252618086,409.0,89.93973921268605,234.42841973878387,238.81531252618086,409.0,89.93973921268605,234.42841973878387,238.81531252618086,409.0,89.93973921268605,234.42841973878387,238.81531252618086,409.0,89.93973921268605
7,215.670156323072,260.5135501333921,351.0,85.95159560857674,215.670156323072,260.5135501333921,351.0,85.95159560857674,215.670156323072,260.5135501333921,351.0,85.95159560857674,215.670156323072,260.5135501333921,351.0,85.95159560857674,215.670156323072,260.5135501333921,351.0,85.95159560857674,215.670156323072,260.5135501333921,351.0,85.95159560857674,215.670156323072,260.5135501333921,351.0,85.95159560857674,213.5602704759644,202.72821656501114,1002.0,89.93973921268605,213.5602704759644,202.72821656501114,1002.0,89.93973921268605,213.5602704759644,202.72821656501114,1002.0,89.93973921268605,213.5602704759644,202.72821656501114,1002.0,89.93973921268605,213.5602704759644,202.72821656501114,1002.0,89.93973921268605,213.5602704759644,202.72821656501114,1002.0,89.93973921268605,213.5602704759644,202.72821656501114,1002.0,89.93973921268605
8,238.47354921807053,269.19359741075147,751.0,85.95159560857674,238.47354921807053,269.19359741075147,751.0,85.95159560857674,238.47354921807053,269.19359741075147,751.0,85.95159560857674,238.47354921807053,269.19359741075147,751.0,85.95159560857674,238.47354921807053,269.19359741075147,751.0,85.95159560857674,238.47354921807053,269.19359741075147,751.0,85.95159560857674,238.47354921807053,269.19359741075147,751.0,85.95159560857674,161.94614527385215,155.58782501247416,786.0,89.93973921268605,161.94614527385215,155.58782501247416,786.0,89.93973921268605,161.94614527385215,155.58782501247416,786.0,89.93973921268605,161.94614527385215,155.58782501247416,786.0,89.93973921268605,161.94614527385215,155.58782501247416,786.0,89.93973921268605,161.94614527385215,155.58782501247416,786.0,89.93973921268605,161.94614527385215,155.58782501247416,786.0,89.93973921268605
9,218.71254140430563,260.20440693200857,483.0,85.95159560857674,218.71254140430563,260.20440693200857,483.0,85.95159560857674,218.71254140430563,260.20440693200857,483.0,85.95159560857674,218.71254140430563,260.20440693200857,483.0,85.95159560857674,218.71254140430563,260.20440693200857,483.0,85.95159560857674,218.71254140430563,260.20440693200857,483.0,85.95159560857674,218.71254140430563,260.20440693200857,483.0,85.95159560857674,168.61294953436456,157.44412105134032,752.0,89.93973921268605,168.61294953436456,157.44412105134032,752.0,89.93973921268605,168.61294953436456,157.44412105134032,752.0,89.93973921268605,168.61294953436456,157.44412105134032,752.0,89.93973921268605,168.61294953436456,157.44412105134032,752.0,89.93973921268605,168.61294953436456,157.44412105134032,752.0,89.93973921268605,168.61294953436456,157.44412105134032,752.0,89.93973921268605
10,213.65776926325393,248.7707458315573,312.0,85.95159560857674,213.65776926325393,248.7707458315573,312.0,85.95159560857674,213.65776926325393,248.7707458315573,312.0,85.95159560857674,213.65776926325393,248.7707458315573,312.0,85.95159560857674,213.65776926325393,248.7707458315573,312.0,85.95159560857674,213.65776926325393,248.7707458315573,312.0,85.95159560857674,213.65776926325393,248.7707458315573,312.0,85.95159560857674,169.77820963262934,157.48135195903419,171.0,89.93973921268605,169.77820963262934,157.48135195903419,171.0,89.93973921268605,169.77820963262934,157.48135195903419,171.0,89.93973921268605,169.77820963262934,157.48135195903419,171.0,89.93973921268605,169.77820963262934,157.48135195903419,171.0,89.93973921268605,169.77820963262934,157.48135195903419,171.0,89.93973921268605,169.77820963262934,157.48135195903419,171.0,89.93973921268605
11,246.201143003496,280.1447164331298,397.0,85.95159560857674,246.201143003496,280.1447164331298,397.0,85.95159560857674,246.201143003496,280.1447164331298,397.0,85.95159560857674,246.201143003496,280.1447164331298,397.0,85.95159560857674,246.201143003496,280.1447164331298,397.0,85.95159560857674,246.201143003496,280.1447164331298,397.0,85.95159560857674,246.201143003496,280.1447164331298,397.0,85.95159560857674,171.72440556215832,158.62088114846867,178.0,89.93973921268605,171.72440556215832,158.62088114846867,178.0,89.93973921268605,171.72440556215832,158.62088114846867,178.0,89.93973921268605,171.72440556215832,158.62088114846867,178.0,89.93973921268605,171.72440556215832,158.62088114846867,178.0,89.93973921268605,171.72440556215832,158.62088114846867,178.0,89.93973921268605,171.72440556215832,158.62088114846867,178.0,89.93973921268605
12,242.24443901398388,278.0910247365873,255.0,85.95159560857674,242.24443901398388,278.0910247365873,255.0,85.95159560857674,242.24443901398388,278.0910247365873,255.0,85.95159560857674,242.24443901398388,278.0910247365873,255.0,85.95159560857674,242.24443901398388,278.0910247365873,255.0,85.95159560857674,242.24443901398388,278.0910247365873,255.0,85.95159560857674,242.24443901398388,278.0910247365873,255.0,85.95159560857674,177.1472595208213,159.83956735479413,380.0,89.93973921268605,177.1472595208213,159.83956735479413,380.0,89.93973921268605,177.1472595208213,159.83956735479413,380.0,89.93973921268605,177.1472595208213,159.83956735479413,380.0,89.93973921268605,177.1472595208213,159.83956735479413,380.0,89.93973921268605,177.1472595208213,159.83956735479413,380.0,89.93973921268605,177.1472595208213,159.83956735479413,380.0,89.93973921268605
13,237.1436148276216,253.83827702294965,369.0,85.95159560857674,237.1436148276216,253.83827702294965,369.0,85.95159560857674,237.1436148276216,253.83827702294965,369.0,85.95159560857674,237.1436148276216,253.83827702294965,369.0,85.95159560857674,237.1436148276216,253.83827702294965,369.0,85.95159560857674,237.1436148276216,253.83827702294965,369.0,85.95159560857674,237.1436148276216,253.83827702294965,369.0,85.95159560857674,175.12861284542322,157.89700995428078,1088.0,89.93973921268605,175.12861284542322,157.89700995428078,1088.0,89.93973921268605,175.12861284542322,157.89700995428078,1088.0,89.93973921268605,175.12861284542322,157.89700995428078,1088.0,89.93973921268605,175.12861284542322,157.89700995428078,1088.0,89.93973921268605,175.12861284542322,157.89700995428078,1088.0,89.93973921268605,175.12861284542322,157.89700995428078,1088.0,89.93973921268605
14,235.1456480650046,250.08280048024272,1240.0,85.95159560857674,235.1456480650046,250.08280048024272,1240.0,85.95159560857674,235.1456480650046,250.08280048024272,1240.0,85.95159560857674,235.1456480650046,250.08280048024272,1240.0,85.95159560857674,235.1456480650046,250.08280048024272,1240.0,85.95159560857674,235.1456480650046,250.08280048024272,1240.0,85.95159560857674,235.1456480650046,250.08280048024272,1240.0,85.95159560857674,171.48836233074968,159.6782697968996,371.0,89.93973921268605,171.48836233074968,159.6782697968996,371.0,89.93973921268605,171.48836233074968,159.6782697968996,371.0,89.93973921268605,171.48836233074968,159.6782697968996,371.0,89.93973921268605,171.48836233074968,159.6782697968996,371.0,89.93973921268605,171.48836233074968,159.6782697968996,371.0,89.93973921268605,171.48836233074968,159.6782697968996,371.0,89.93973921268605
15,238.48689650324525,256.8935745488255,408.0,85.95159560857674,238.48689650324525,256.8935745488255,408.0,85.95159560857674,238.48689650324525,256.8935745488255,408.0,85.95159560857674,238.48689650324525,256.8935745488255,408.0,85.95159560857674,238.48689650324525,256.8935745488255,408.0,85.95159560857674,238.48689650324525,256.8935745488255,408.0,85.95159560857674,238.48689650324525,256.8935745488255,408.0,85.95159560857674,165.6076317706293,157.94846127620224,388.0,89.93973921268605,165.6076317706293,157.94846127620224,388.0,89.93973921268605,165.6076317706293,157.94846127620224,388.0,89.93973921268605,165.6076317706293,157.94846127620224,388.0,89.93973921268605,165.6076317706293,157.94846127620224,388.0,89.93973921268605,165.6076317706293,157.94846127620224,388.0,89.93973921268605,165.6076317706293,157.94846127620224,388.0,89.93973921268605
16,229.51511001624485,245.67853620665576,1170.0,85.95159560857674,229.51511001624485,245.67853620665576,1170.0,85.95159560857674,229.51511001624485,245.67853620665576,1170.0,85.95159560857674,229.51511001624485,245.67853620665576,1170.0,85.95159560857674,229.51511001624485,245.67853620665576,1170.0,85.95159560857674,229.51511001624485,245.67853620665576,1170.0,85.95159560857674,229.51511001624485,245.67853620665576,1170.0,85.95159560857674,165.88096456734974,157.92615612796328,126.0,89.93973921268605,165.88096456734974,157.92615612796328,126.0,89.93973921268605,165.88096456734974,157.92615612796328,126.0,89.93973921268605,165.88096456734974,157.92615612796328,126.0,89.93973921268605,165.88096456734974,157.92615612796328,126.0,89.93973921268605,165.88096456734974,157.92615612796328,126.0,89.93973921268605,165.88096456734974,157.92615612796328,126.0,89.93973921268605
17,244.85905468518584,266.39185565596256,982.0,85.95159560857674,244.85905468518584,266.39185565596256,982.0,85.95159560857674,244.85905468518584,266.39185565596256,982.0,85.95159560857674,244.85905468518584,266.39185565596256,982.0,85.95159560857674,244.85905468518584,266.39185565596256,982.0,85.95159560857674,244.85905468518584,266.39185565596256,982.0,85.95159560857674,244.85905468518584,266.39185565596256,982.0,85.95159560857674,164.63130201074785,155.85064035295477,92.0,89.93973921268605,164.63130201074785,155.85064035295477,92.0,89.93973921268605,164.63130201074785,155.85064035295477,92.0,89.93973921268605,164.63130201074785,155.85064035295477,92.0,89.93973921268605,164.63130201074785,155.85064035295477,92.0,89.93973921268605,164.63130201074785,155.85064035295477,92.0,89.93973921268605,164.63130201074785,155.85064035295477,92.0,89.93973921268605
18,242.0109080323647,257.2211479089742,345.0,85.95159560857674,242.0109080323647,257.2211479089742,345.0,85.95159560857674,242.0109080323647,257.2211479089742,345.0,85.95159560857674,242.0109080323647,257.2211479089742,345.0,85.95159560857674,242.0109080323647,257.2211479089742,345.0,85.95159560857674,242.0109080323647,257.2211479089742,345.0,85.95159560857674,242.0109080323647,257.2211479089742,345.0,85.95159560857674,169.82355063749816,159.67079914865286,362.0,89.93973921268605,169.82355063749816,159.67079914865286,362.0,89.93973921268605,169.82355063749816,159.67079914865286,362.0,89.93973921268605,169.82355063749816,159.67079914865286,362.0,89.93973921268605,169.82355063749816,159.67079914865286,362.0,89.93973921268605,169.82355063749816,159.67079914865286,362.0,89.93973921268605,169.82355063749816,159.67079914865286,362.0,89.93973921268605
19,249.59149869445216,268.028326045361,834.0,85.95159560857674,249.59149869445216,268.028326045361,834.0,85.95159560857674,249.59149869445216,268.028326045361,834.0,85.95159560857674,249.59149869445216,268.028326045361,834.0,85.95159560857674,249.59149869445216,268.028326045361,834.0,85.95159560857674,249.59149869445216,268.028326045361,834.0,85.95159560857674,249.59149869445216,268.028326045361,834.0,85.95159560857674,166.5061630447056,158.5437093011845,317.0,89.93973921268605,166.5061630447056,158.5437093011845,317.0,89.93973921268605,166.5061630447056,158.5437093011845,317.0,89.93973921268605,166.5061630447056,158.5437093011845,317.0,89.93973921268605,166.5061630447056,158.5437093011845,317.0,89.93973921268605,166.5061630447056,158.5437093011845,317.0,89.93973921268605,166.5061630447056,158.5437093011845,317.0,89.93973921268605
20,250.49284478435834,269.3824686272616,1055.0,85.95159560857674,250.49284478435834,269.3824686272616,1055.0,85.95159560857674,250.49284478435834,269.3824686272616,1055.0,85.95159560857674,250.49284478435834,269.3824686272616,1055.0,85.95159560857674,250.49284478435834,269.3824686272616,1055.0,85.95159560857674,250.49284478435834,269.3824686272616,1055.0,85.95159560857674,250.49284478435834,269.3824686272616,1055.0,85.95159560857674,159.9096386504199,153.581981493874,1010.0,89.93973921268605,159.9096386504199,153.581981493874,1010.0,89.93973921268605,159.9096386504199,153.581981493874,1010.0,89.93973921268605,159.9096386504199,153.581981493874,1010.0,89.93973921268605,159.9096386504199,153.581981493874,1010.0,89.93973921268605,159.9096386504199,153.581981493874,1010.0,89.93973921268605,159.9096386504199,153.581981493874,1010.0,89.93973921268605
21,249.01458382503463,265.8980897738753,365.0,85.95159560857674,249.01458382503463,265.8980897738753,365.0,85.95159560857674,249.01458382503463,265.8980897738753,365.0,85.95159560857674,249.01458382503463,265.8980897738753,365.0,85.95159560857674,249.01458382503463,265.8980897738753,365.0,85.95159560857674,249.01458382503463,265.8980897738753,365.0,85.95159560857674,249.01458382503463,265.8980897738753,365.0,85.95159560857674,163.6114307032622,160.29897352582495,1270.0,89.93973921268605,163.6114307032622,160.29897352582495,1270.0,89.93973921268605,163.6114307032622,160.29897352582495,1270.0,89.93973921268605,163.6114307032622,160.29897352582495,1270.0,89.93973921268605,163.6114307032622,160.29897352582495,1270.0,89.93973921268605,163.6114307032622,160.29897352582495,1270.0,89.93973921268605,163.6114307032622,160.29897352582495,1270.0,89.93973921268605
22,249.78681098788752,271.2935350914585,1085.0,85.95159560857674,249.78681098788752,271.2935350914585,1085.0,85.95159560857674,249.78681098788752,271.2935350914585,1085.0,85.95159560857674,249.78681098788752,271.2935350914585,1085.0,85.95159560857674,249.78681098788752,271.2935350914585,1085.0,85.95159560857674,249.78681098788752,271.2935350914585,1085.0,85.95159560857674,249.78681098788752,271.2935350914585,1085.0,85.95159560857674,162.82940443064018,159.53726047026743,920.0,89.93973921268605,162.82940443064018,159.53726047026743,920.0,89.93973921268605,162.82940443064018,159.53726047026743,920.0,89.93973921268605,162.82940443064018,159.53726047026743,920.0,89.93973921268605,162.82940443064018,159.53726047026743,920.0,89.93973921268605,162.82940443064018,159.53726047026743,920.0,89.93973921268605,162.82940443064018,159.53726047026743,920.0,89.93973921268605
23,247.51641191754183,272.51016557315705,437.0,85.95159560857674,247.51641191754183,272.51016557315705,437.0,85.95159560857674,247.51641191754183,272.51016557315705,437.0,85.95159560857674,247.51641191754183,272.51016557315705,437.0,85.95159560857674,247.51641191754183,272.51016557315705,437.0,85.95159560857674,247.51641191754183,272.51016557315705,437.0,85.95159560857674,247.51641191754183,272.51016557315705,437.0,85.95159560857674,162.80774653191827,161.88989450086774,326.0,89.93973921268605,162.80774653191827,161.88989450086774,326.0,89.93973921268605,162.80774653191827,161.88989450086774,326.0,89.93973921268605,162.80774653191827,161.88989450086774,326.0,89.93973921268605,162.80774653191827,161.88989450086774,326.0,89.93973921268605,162.80774653191827,161.88989450086774,326.0,89.93973921268605,162.80774653191827,161.88989450086774,326.0,89.93973921268605
24,241.91578450715028,263.2292670251204,42.0,85.95159560857674,241.91578450715028,263.2292670251204,42.0,85.95159560857674,241.91578450715028,263.2292670251204,42.0,85.95159560857674,241.91578450715028,263.2292670251204,42.0,85.95159560857674,241.91578450715028,263.2292670251204,42.0,85.95159560857674,241.91578450715028,263.2292670251204,42.0,85.95159560857674,241.91578450715028,263.2292670251204,42.0,85.95159560857674,164.43504563052855,162.3559447301417,401.0,89.93973921268605,164.43504563052855,162.3559447301417,401.0,89.93973921268605,164.43504563052855,162.3559447301417,401.0,89.93973921268605,164.43504563052855,162.3559447301417,401.0,89.93973921268605,164.43504563052855,162.3559447301417,401.0,89.93973921268605,164.43504563052855,162.3559447301417,401.0,89.93973921268605,164.43504563052855,162.3559447301417,401.0,89.93973921268605
25,236.61243693733266,258.0943448234033,1014.0,85.95159560857674,236.61243693733266,258.0943448234033,1014.0,85.95159560857674,236.61243693733266,258.0943448234033,1014.0,85.95159560857674,236.61243693733266,258.0943448234033,1014.0,85.95159560857674,236.61243693733266,258.0943448234033,1014.0,85.95159560857674,236.61243693733266,258.0943448234033,1014.0,85.95159560857674,236.61243693733266,258.0943448234033,1014.0,85.95159560857674,163.13754794768371,158.73754832699646,1266.0,89.93973921268605,163.13754794768371,158.73754832699646,1266.0,89.93973921268605,163.13754794768371,158.73754832699646,1266.0,89.93973921268605,163.13754794768371,158.73754832699646,1266.0,89.93973921268605,163.13754794768371,158.73754832699646,1266.0,89.93973921268605,163.13754794768371,158.73754832699646,1266.0,89.93973921268605,163.13754794768371,158.73754832699646,1266.0,89.93973921268605
26,234.57621525095078,255.02005758536137,1090.0,85.95159560857674,234.57621525095078,255.02005758536137,1090.0,85.95159560857674,234.57621525095078,255.02005758536137,1090.0,85.95159560857674,234.57621525095078,255.02005758536137,1090.0,85.95159560857674,234.57621525095078,255.02005758536137,1090.0,85.95159560857674,234.57621525095078,255.02005758536137,1090.0,85.95159560857674,234.57621525095078,255.02005758536137,1090.0,85.95159560857674,167.1951157514964,162.40171240386712,334.0,89.93973921268605,167.1951157514964,162.40171240386712,334.0,89.93973921268605,167.1951157514964,162.40171240386712,334.0,89.93973921268605,167.1951157514964,162.40171240386712,334.0,89.93973921268605,167.1951157514964,162.40171240386712,334.0,89.93973921268605,167.1951157514964,162.40171240386712,334.0,89.93973921268605,167.1951157514964,162.40171240386712,334.0,89.93973921268605
27,231.44397916523167,249.73418409436508,662.0,85.95159560857674,231.44397916523167,249.73418409436508,662.0,85.95159560857674,231.44397916523167,249.73418409436508,662.0,85.95159560857674,231.44397916523167,249.73418409436508,662.0,85.95159560857674,231.44397916523167,249.73418409436508,662.0,85.95159560857674,231.44397916523167,249.73418409436508,662.0,85.95159560857674,231.44397916523167,249.73418409436508,662.0,85.95159560857674,173.97448948153246,168.6160240814917,55.0,89.93973921268605,173.97448948153246,168.6160240814917,55.0,89.93973921268605,173.97448948153246,168.6160240814917,55.0,89.93973921268605,173.97448948153246,168.6160240814917,55.0,89.93973921268605,173.97448948153246,168.6160240814917,55.0,89.93973921268605,173.97448948153246,168.6160240814917,55.0,89.93973921268605,173.97448948153246,168.6160240814917,55.0,89.93973921268605
28,225.10971312593725,246.80963831790484,332.0,85.95159560857674,225.10971312593725,246.80963831790484,332.0,85.95159560857674,225.10971312593725,246.80963831790484,332.0,85.95159560857674,225.10971312593725,246.80963831790484,332.0,85.95159560857674,225.10971312593725,246.80963831790484,332.0,85.95159560857674,225.10971312593725,246.80963831790484,332.0,85.95159560857674,225.10971312593725,246.80963831790484,332.0,85.95159560857674,174.42279797776527,173.4357670756297,129.0,89.93973921268605,174.42279797776527,173.4357670756297,129.0,89.93973921268605,174.42279797776527,173.4357670756297,129.0,89.93973921268605,174.42279797776527,173.4357670756297,129.0,89.93973921268605,174.42279797776527,173.4357670756297,129.0,89.93973921268605,174.42279797776527,173.4357670756297,129.0,89.93973921268605,174.42279797776527,173.4357670756297,129.0,89.93973921268605
29,185.9753359025719,203.03903139118668,884.0,85.95159560857674,185.9753359025719,203.03903139118668,884.0,85.95159560857674,185.9753359025719,203.03903139118668,884.0,85.95159560857674,185.9753359025719,203.03903139118668,884.0,85.95159560857674,185.9753359025719,203.03903139118668,884.0,85.95159560857674,185.9753359025719,203.03903139118668,884.0,85.95159560857674,185.9753359025719,203.03903139118668,884.0,85.95159560857674,176.790949150375,169.89661996878903,1127.0,89.93973921268605,176.790949150375,169.89661996878903,1127.0,89.93973921268605,176.790949150375,169.89661996878903,1127.0,89.93973921268605,176.790949150375,169.89661996878903,1127.0,89.93973921268605,176.790949150375,169.89661996878903,1127.0,89.93973921268605,176.790949150375,169.89661996878903,1127.0,89.93973921268605,176.790949150375,169.89661996878903,1127.0,89.93973921268605
30,177.06148548326428,186.2900436540941,847.0,85.95159560857674,177.06148548326428,186.2900436540941,847.0,85.95159560857674,177.06148548326428,186.2900436540941,847.0,85.95159560857674,177.06148548326428,186.2900436540941,847.0,85.95159560857674,177.06148548326428,186.2900436540941,847.0,85.95159560857674,177.06148548326428,186.2900436540941,847.0,85.95159560857674,177.06148548326428,186.2900436540941,847.0,85.95159560857674,185.8693720314738,181.4608115893158,442.0,89.93973921268605,185.8693720314738,181.4608115893158,442.0,89.93973921268605,185.8693720314738,181.4608115893158,442.0,89.93973921268605,185.8693720314738,181.4608115893158,442.0,89.93973921268605,185.8693720314738,181.4608115893158,442.0,89.93973921268605,185.8693720314738,181.4608115893158,442.0,89.93973921268605,185.8693720314738,181.4608115893158,442.0,89.93973921268605
31,176.77746729348144,184.73023869230855,91.0,85.95159560857674,176.77746729348144,184.73023869230855,91.0,85.95159560857674,176.77746729348144,184.73023869230855,91.0,85.95159560857674,176.77746729348144,184.73023869230855,91.0,85.95159560857674,176.77746729348144,184.73023869230855,91.0,85.95159560857674,176.77746729348144,184.73023869230855,91.0,85.95159560857674,176.77746729348144,184.73023869230855,91.0,85.95159560857674,185.68750624676358,181.1363940597042,143.0,89.93973921268605,185.68750624676358,181.1363940597042,143.0,89.93973921268605,185.68750624676358,181.1363940597042,143.0,89.93973921268605,185.68750624676358,181.1363940597042,143.0,89.93973921268605,185.68750624676358,181.1363940597042,143.0,89.93973921268605,185.68750624676358,181.1363940597042,143.0,89.93973921268605,185.68750624676358,181.1363940597042,143.0,89.93973921268605
32,176.39667262190812,187.20920602818475,763.0,85.95159560857674,176.39667262190812,187.20920602818475,763.0,85.95159560857674,176.39667262190812,187.20920602818475,763.0,85.95159560857674,176.39667262190812,187.20920602818475,763.0,85.95159560857674,176.39667262190812,187.20920602818475,763.0,85.95159560857674,176.39667262190812,187.20920602818475,763.0,85.95159560857674,176.39667262190812,187.20920602818475,763.0,85.95159560857674,185.17935991316165,180.25757135993967,954.0,89.93973921268605,185.17935991316165,180.25757135993967,954.0,89.93973921268605,185.17935991316165,180.25757135993967,954.0,89.93973921268605,185.17935991316165,180.25757135993967,954.0,89.93973921268605,185.17935991316165,180.25757135993967,954.0,89.93973921268605,185.17935991316165,180.25757135993967,954.0,89.93973921268605,185.17935991316165,180.25757135993967,954.0,89.93973921268605
33,182.65652845764438,192.06997382311133,1270.0,85.95159560857674,182.65652845764438,192.06997382311133,1270.0,85.95159560857674,182.65652845764438,192.06997382311133,1270.0,85.95159560857674,182.65652845764438,192.06997382311133,1270.0,85.95159560857674,182.65652845764438,192.06997382311133,1270.0,85.95159560857674,182.65652845764438,192.06997382311133,1270.0,85.95159560857674,182.65652845764438,192.06997382311133,1270.0,85.95159560857674,192.90211757593832,184.70259578713805,1083.0,89.93973921268605,192.90211757593832,184.70259578713805,1083.0,89.93973921268605,192.90211757593832,184.70259578713805,1083.0,89.93973921268605,192.90211757593832,184.70259578713805,1083.0,89.93973921268605,192.90211757593832,184.70259578713805,1083.0,89.93973921268605,192.90211757593832,184.70259578713805,1083.0,89.93973921268605,192.90211757593832,184.70259578713805,1083.0,89.93973921268605
34,178.37168651541973,187.79847244606358,244.0,85.95159560857674,178.37168651541973,187.79847244606358,244.0,85.95159560857674,178.37168651541973,187.79847244606358,244.0,85.95159560857674,178.37168651541973,187.79847244606358,244.0,85.95159560857674,178.37168651541973,187.79847244606358,244.0,85.95159560857674,178.37168651541973,187.79847244606358,244.0,85.95159560857674,178.37168651541973,187.79847244606358,244.0,85.95159560857674,189.2131196152022,180.73716174894153,53.0,89.93973921268605,189.2131196152022,180.73716174894153,53.0,89.93973921268605,189.2131196152022,180.73716174894153,53.0,89.93973921268605,189.2131196152022,180.73716174894153,53.0,89.93973921268605,189.2131196152022,180.73716174894153,53.0,89.93973921268605,189.2131196152022,180.73716174894153,53.0,89.93973921268605,189.2131196152022,180.73716174894153,53.0,89.93973921268605
35,178.18542345536025,184.40574898940864,827.0,85.95159560857674,178.18542345536025,184.40574898940864,827.0,85.95159560857674,178.18542345536025,184.40574898940864,827.0,85.95159560857674,178.18542345536025,184.40574898940864,827.0,85.95159560857674,178.18542345536025,184.40574898940864,827.0,85.95159560857674,178.18542345536025,184.40574898940864,827.0,85.95159560857674,178.18542345536025,184.40574898940864,827.0,85.95159560857674,199.9316185410051,198.4199591736162,162.0,89.93973921268605,199.9316185410051,198.4199591736162,162.0,89.93973921268605,199.9316185410051,198.4199591736162,162.0,89.93973921268605,199.9316185410051,198.4199591736162,162.0,89.93973921268605,199.9316185410051,198.4199591736162,162.0,89.93973921268605,199.9316185410051,198.4199591736162,162.0,89.93973921268605,199.9316185410051,198.4199591736162,162.0,89.93973921268605
36,189.17308953327154,191.5454849657494,1045.0,85.95159560857674,189.17308953327154,191.5454849657494,1045.0,85.95159560857674,189.17308953327154,191.5454849657494,1045.0,85.95159560857674,189.17308953327154,191.5454849657494,1045.0,85.95159560857674,189.17308953327154,191.5454849657494,1045.0,85.95159560857674,189.17308953327154,191.5454849657494,1045.0,85.95159560857674,189.17308953327154,191.5454849657494,1045.0,85.95159560857674,198.5212613653922,202.16826868439176,437.0,89.93973921268605,198.5212613653922,202.16826868439176,437.0,89.93973921268605,198.5212613653922,202.16826868439176,437.0,89.93973921268605,198.5212613653922,202.16826868439176,437.0,89.93973921268605,198.5212613653922,202.16826868439176,437.0,89.93973921268605,198.5212613653922,202.16826868439176,437.0,89.93973921268605,198.5212613653922,202.16826868439176,437.0,89.93973921268605
37,204.39288820592373,200.52952348704915,357.0,85.95159560857674,204.39288820592373,200.52952348704915,357.0,85.95159560857674,204.39288820592373,200.52952348704915,357.0,85.95159560857674,204.39288820592373,200.52952348704915,357.0,85.95159560857674,204.39288820592373,200.52952348704915,357.0,85.95159560857674,204.39288820592373,200.52952348704915,357.0,85.95159560857674,204.39288820592373,200.52952348704915,357.0,85.95159560857674,206.52940733214805,215.822517004121,959.0,89.93973921268605,206.52940733214805,215.822517004121,959.0,89.93973921268605,206.52940733214805,215.822517004121,959.0,89.93973921268605,206.52940733214805,215.822517004121,959.0,89.93973921268605,206.52940733214805,215.822517004121,959.0,89.93973921268605,206.52940733214805,215.822517004121,959.0,89.93973921268605,206.52940733214805,215.822517004121,959.0,89.93973921268605
38,203.74063460220896,199.4547341532044,246.0,85.95159560857674,203.74063460220896,199.4547341532044,246.0,85.95159560857674,203.74063460220896,199.4547341532044,246.0,85.95159560857674,203.74063460220896,199.4547341532044,246.0,85.95159560857674,203.74063460220896,199.4547341532044,246.0,85.95159560857674,203.74063460220896,199.4547341532044,246.0,85.95159560857674,203.74063460220896,199.4547341532044,246.0,85.95159560857674,201.38594164080322,219.1095436924681,107.0,89.93973921268605,201.38594164080322,219.1095436924681,107.0,89.93973921268605,201.38594164080322,219.1095436924681,107.0,89.93973921268605,201.38594164080322,219.1095436924681,107.0,89.93973921268605,201.38594164080322,219.1095436924681,107.0,89.93973921268605,201.38594164080322,219.1095436924681,107.0,89.93973921268605,201.38594164080322,219.1095436924681,107.0,89.93973921268605
39,203.63830078308408,199.35177262948724,292.0,85.95159560857674,203.63830078308408,199.35177262948724,292.0,85.95159560857674,203.63830078308408,199.35177262948724,292.0,85.95159560857674,203.63830078308408,199.35177262948724,292.0,85.95159560857674,203.63830078308408,199.35177262948724,292.0,85.95159560857674,203.63830078308408,199.35177262948724,292.0,85.95159560857674,203.63830078308408,199.35177262948724,292.0,85.95159560857674,198.17631556294842,214.01394120134304,226.0,89.93973921268605,198.17631556294842,214.01394120134304,226.0,89.93973921268605,198.17631556294842,214.01394120134304,226.0,89.93973921268605,198.17631556294842,214.01394120134304,226.0,89.93973921268605,198.17631556294842,214.01394120134304,226.0,89.93973921268605,198.17631556294842,214.01394120134304,226.0,89.93973921268605,198.17631556294842,214.01394120134304,226.0,89.93973921268605
40,206.1371157383316,202.2384096501979,53.0,85.95159560857674,206.1371157383316,202.2384096501979,53.0,85.95159560857674,206.1371157383316,202.2384096501979,53.0,85.95159560857674,206.1371157383316,202.2384096501979,53.0,85.95159560857674,206.1371157383316,202.2384096501979,53.0,85.95159560857674,206.1371157383316,202.2384096501979,53.0,85.95159560857674,206.1371157383316,202.2384096501979,53.0,85.95159560857674,195.2726086701422,212.44640759128131,164.0,89.93973921268605,195.2726086701422,212.44640759128131,164.0,89.93973921268605,195.2726086701422,212.44640759128131,164.0,89.93973921268605,195.2726086701422,212.44640759128131,164.0,89.93973921268605,195.2726086701422,212.44640759128131,164.0,89.93973921268605,195.2726086701422,212.44640759128131,164.0,89.93973921268605,195.2726086701422,212.44640759128131,164.0,89.93973921268605
41,202.64580779198332,196.80184982371443,1004.0,85.95159560857674,202.64580779198332,196.80184982371443,1004.0,85.95159560857674,202.64580779198332,196.80184982371443,1004.0,85.95159560857674,202.64580779198332,196.80184982371443,1004.0,85.95159560857674,202.64580779198332,196.80184982371443,1004.0,85.95159560857674,202.64580779198332,196.80184982371443,1004.0,85.95159560857674,202.64580779198332,196.80184982371443,1004.0,85.95159560857674,200.57663696642135,217.27218358659462,852.0,89.93973921268605,200.57663696642135,217.27218358659462,852.0,89.93973921268605,200.57663696642135,217.27218358659462,852.0,89.93973921268605,200.57663696642135,217.27218358659462,852.0,89.93973921268605,200.57663696642135,217.27218358659462,852.0,89.93973921268605,200.57663696642135,217.27218358659462,852.0,89.93973921268605,200.57663696642135,217.27218358659462,852.0,89.93973921268605
42,201.0738322471797,197.134299267294,749.0,85.95159560857674,201.0738322471797,197.134299267294,749.0,85.95159560857674,201.0738322471797,197.134299267294,749.0,85.95159560857674,201.0738322471797,197.134299267294,749.0,85.95159560857674,201.0738322471797,197.134299267294,749.0,85.95159560857674,201.0738322471797,197.134299267294,749.0,85.95159560857674,201.0738322471797,197.134299267294,749.0,85.95159560857674,179.2458643488788,197.69040460585333,419.0,89.93973921268605,179.2458643488788,197.69040460585333,419.0,89.93973921268605,179.2458643488788,197.69040460585333,419.0,89.93973921268605,179.2458643488788,197.69040460585333,419.0,89.93973921268605,179.2458643488788,197.69040460585333,419.0,89.93973921268605,179.2458643488788,197.69040460585333,419.0,89.93973921268605,179.2458643488788,197.69040460585333,419.0,89.93973921268605
43,200.92812963628714,196.63906255274898,1141.0,85.95159560857674,200.92812963628714,196.63906255274898,1141.0,85.95159560857674,200.92812963628714,196.63906255274898,1141.0,85.95159560857674,200.92812963628714,196.63906255274898,1141.0,85.95159560857674,200.92812963628714,196.63906255274898,1141.0,85.95159560857674,200.92812963628714,196.63906255274898,1141.0,85.95159560857674,200.92812963628714,196.63906255274898,1141.0,85.95159560857674,170.32740744073035,180.40178605090836,258.0,89.93973921268605,170.32740744073035,180.40178605090836,258.0,89.93973921268605,170.32740744073035,180.40178605090836,258.0,89.93973921268605,170.32740744073035,180.40178605090836,258.0,89.93973921268605,170.32740744073035,180.40178605090836,258.0,89.93973921268605,170.32740744073035,180.40178605090836,258.0,89.93973921268605,170.32740744073035,180.40178605090836,258.0,89.93973921268605
44,193.64825382344813,208.76829151585554,787.0,85.95159560857674,193.64825382344813,208.76829151585554,787.0,85.95159560857674,193.64825382344813,208.76829151585554,787.0,85.95159560857674,193.64825382344813,208.76829151585554,787.0,85.95159560857674,193.64825382344813,208.76829151585554,787.0,85.95159560857674,193.64825382344813,208.76829151585554,787.0,85.95159560857674,193.64825382344813,208.76829151585554,787.0,85.95159560857674,172.68879898174,180.451965555974,1269.0,89.93973921268605,172.68879898174,180.451965555974,1269.0,89.93973921268605,172.68879898174,180.451965555974,1269.0,89.93973921268605,172.68879898174,180.451965555974,1269.0,89.93973921268605,172.68879898174,180.451965555974,1269.0,89.93973921268605,172.68879898174,180.451965555974,1269.0,89.93973921268605,172.68879898174,180.451965555974,1269.0,89.93973921268605
45,194.75274643224887,210.21337122733303,1178.0,85.95159560857674,194.75274643224887,210.21337122733303,1178.0,85.95159560857674,194.75274643224887,210.21337122733303,1178.0,85.95159560857674,194.75274643224887,210.21337122733303,1178.0,85.95159560857674,194.75274643224887,210.21337122733303,1178.0,85.95159560857674,194.75274643224887,210.21337122733303,1178.0,85.95159560857674,194.75274643224887,210.21337122733303,1178.0,85.95159560857674,166.25502373330625,175.3658884477343,303.0,89.93973921268605,166.25502373330625,175.3658884477343,303.0,89.93973921268605,166.25502373330625,175.3658884477343,303.0,89.93973921268605,166.25502373330625,175.3658884477343,303.0,89.93973921268605,166.25502373330625,175.3658884477343,303.0,89.93973921268605,166.25502373330625,175.3658884477343,303.0,89.93973921268605,166.25502373330625,175.3658884477343,303.0,89.93973921268605
46,190.40910064387293,204.17940473649784,674.0,85.95159560857674,190.40910064387293,204.17940473649784,674.0,85.95159560857674,190.40910064387293,204.17940473649784,674.0,85.95159560857674,190.40910064387293,204.17940473649784,674.0,85.95159560857674,190.40910064387293,204.17940473649784,674.0,85.95159560857674,190.40910064387293,204.17940473649784,674.0,85.95159560857674,190.40910064387293,204.17940473649784,674.0,85.95159560857674,165.25757081837068,174.1457383193356,1090.0,89.93973921268605,165.25757081837068,174.1457383193356,1090.0,89.93973921268605,165.25757081837068,174.1457383193356,1090.0,89.93973921268605,165.25757081837068,174.1457383193356,1090.0,89.93973921268605,165.25757081837068,174.1457383193356,1090.0,89.93973921268605,165.25757081837068,174.1457383193356,1090.0,89.93973921268605,165.25757081837068,174.1457383193356,1090.0,89.93973921268605
47,191.68655494420685,206.62743667955917,1048.0,85.95159560857674,191.68655494420685,206.62743667955917,1048.0,85.95159560857674,191.68655494420685,206.62743667955917,1048.0,85.95159560857674,191.68655494420685,206.62743667955917,1048.0,85.95159560857674,191.68655494420685,206.62743667955917,1048.0,85.95159560857674,191.68655494420685,206.62743667955917,1048.0,85.95159560857674,191.68655494420685,206.62743667955917,1048.0,85.95159560857674,166.3945163130148,170.51135039744702,1081.0,89.93973921268605,166.3945163130148,170.51135039744702,1081.0,89.93973921268605,166.3945163130148,170.51135039744702,1081.0,89.93973921268605,166.3945163130148,170.51135039744702,1081.0,89.93973921268605,166.3945163130148,170.51135039744702,1081.0,89.93973921268605,166.3945163130148,170.51135039744702,1081.0,89.93973921268605,166.3945163130148,170.51135039744702,1081.0,89.93973921268605
48,186.73989185739438,201.676034435921,1041.0,85.95159560857674,186.73989185739438,201.676034435921,1041.0,85.95159560857674,186.73989185739438,201.676034435921,1041.0,85.95159560857674,186.73989185739438,201.676034435921,1041.0,85.95159560857674,186.73989185739438,201.676034435921,1041.0,85.95159560857674,186.73989185739438,201.676034435921,1041.0,85.95159560857674,186.73989185739438,201.676034435921,1041.0,85.95159560857674,168.81617956034802,173.9413106445212,723.0,89.93973921268605,168.81617956034802,173.9413106445212,723.0,89.93973921268605,168.81617956034802,173.9413106445212,723.0,89.93973921268605,168.81617956034802,173.9413106445212,723.0,89.93973921268605,168.81617956034802,173.9413106445212,723.0,89.93973921268605,168.81617956034802,173.9413106445212,723.0,89.93973921268605,168.81617956034802,173.9413106445212,723.0,89.93973921268605
49,188.03686496674598,202.9059549799667,1064.0,85.95159560857674,188.03686496674598,202.9059549799667,1064.0,85.95159560857674,188.03686496674598,202.9059549799667,1064.0,85.95159560857674,188.03686496674598,202.9059549799667,1064.0,85.95159560857674,188.03686496674598,202.9059549799667,1064.0,85.95159560857674,188.03686496674598,202.9059549799667,1064.0,85.95159560857674,188.03686496674598,202.9059549799667,1064.0,85.95159560857674,160.3998177972434,166.78727742097527,699.0,89.93973921268605,160.3998177972434,166.78727742097527,699.0,89.93973921268605,160.3998177972434,166.78727742097527,699.0,89.93973921268605,160.3998177972434,166.78727742097527,699.0,89.93973921268605,160.3998177972434,166.78727742097527,699.0,89.93973921268605,160.3998177972434,166.78727742097527,699.0,89.93973921268605,160.3998177972434,166.78727742097527,699.0,89.93973921268605
